id_transaccion,id_cliente,monto,fecha,region,id_tienda
1,836,1640,01/01/2026,mex,46
2,938,3597,02/01/2026,mex,39
3,1398,2874,03/01/2026,México,8
4,886,1967,04/01/2026,mx,10
5,640,4770,05/01/2026,México,16
6,1493,197,06/01/2026,mex,37
7,797,4545,07/01/2026,mx,29
8,354,1326,08/01/2026,México,36
9,783,1966,09/01/2026,mex,32
10,1106,1902,10/01/2026,mex,39
11,1624,2433,11/01/2026,mx,47
12,176,1102,12/01/2026,mex,29
13,57,4602,13/01/2026,México,29
14,1065,788,14/01/2026,mex,36
15,743,1033,15/01/2026,México,27
16,1487,4013,16/01/2026,mex,20
17,741,1605,17/01/2026,México,23
18,883,2462,18/01/2026,México,13
19,657,2510,19/01/2026,mx,26
20,633,3264,20/01/2026,mex,47
21,280,1662,21/01/2026,mx,44
22,1765,4309,22/01/2026,México,9
23,653,2467,23/01/2026,mex,15
24,1005,4245,24/01/2026,México,38
25,1723,4230,25/01/2026,mx,47
26,20,971,26/01/2026,mx,14
27,51,818,27/01/2026,mx,27
28,1428,3332,28/01/2026,mx,7
29,858,4901,29/01/2026,mex,16
30,382,2971,30/01/2026,mex,46
31,38,2174,31/01/2026,México,35
32,1553,2623,01/02/2026,mex,27
33,252,4868,02/02/2026,mx,18
34,1707,3620,03/02/2026,México,16
35,1768,2112,04/02/2026,mx,27
36,1137,2926,05/02/2026,mex,13
37,66,3740,06/02/2026,mex,33
38,380,1018,07/02/2026,México,38
39,926,2623,08/02/2026,mex,46
40,998,3984,09/02/2026,mx,35
41,1160,1270,10/02/2026,México,43
42,1222,3674,11/02/2026,mex,44
43,1488,294,12/02/2026,México,20
44,1602,4974,13/02/2026,México,26
45,1612,714,14/02/2026,mex,19
46,751,3807,15/02/2026,México,31
47,1685,4597,16/02/2026,mx,24
48,1629,3663,17/02/2026,mex,47
49,335,502,18/02/2026,mx,14
50,1212,4330,19/02/2026,México,35
51,88,1334,20/02/2026,México,26
52,1398,2331,21/02/2026,mex,38
53,599,2388,22/02/2026,mx,3
54,1696,3432,23/02/2026,mex,5
55,603,149,24/02/2026,mx,30
56,697,4247,25/02/2026,México,35
57,1388,2288,26/02/2026,mx,40
58,1452,173,27/02/2026,mex,22
59,1638,1158,28/02/2026,mx,27
60,1130,923,01/03/2026,mex,16
61,1584,1893,02/03/2026,México,21
62,729,3980,03/03/2026,mex,8
63,561,1684,04/03/2026,mx,11
64,1578,435,05/03/2026,México,42
65,1083,216,06/03/2026,México,39
66,746,677,07/03/2026,México,13
67,560,1377,08/03/2026,mx,22
68,1031,4394,09/03/2026,mx,26
69,1186,477,10/03/2026,mex,28
70,592,2936,11/03/2026,mx,36
71,308,3389,12/03/2026,mx,48
72,1584,3540,13/03/2026,México,16
73,913,4761,14/03/2026,mx,50
74,112,3060,15/03/2026,México,39
75,1650,3628,16/03/2026,mex,50
76,1457,1217,17/03/2026,mx,44
77,829,2427,18/03/2026,mex,35
78,114,1093,19/03/2026,mex,36
79,843,1385,20/03/2026,mex,27
80,520,152,21/03/2026,México,29
81,846,4355,22/03/2026,México,50
82,1152,807,23/03/2026,México,29
83,573,2608,24/03/2026,mex,20
84,146,212,25/03/2026,mex,50
85,215,3307,26/03/2026,mex,40
86,1859,4478,27/03/2026,México,18
87,541,122,28/03/2026,México,16
88,93,4793,29/03/2026,mx,28
89,331,3001,30/03/2026,mx,27
90,1684,787,31/03/2026,mex,25
91,579,830,01/04/2026,México,48
92,1313,2304,02/04/2026,México,25
93,1040,4954,03/04/2026,mx,28
94,179,1995,04/04/2026,mx,39
95,1303,4815,05/04/2026,mx,34
96,440,246,06/04/2026,mex,5
97,661,1630,07/04/2026,mex,49
98,93,2230,08/04/2026,mex,29
99,1211,3687,09/04/2026,mex,46
100,791,3926,10/04/2026,México,30
101,548,1107,11/04/2026,mx,20
102,1864,2269,12/04/2026,México,47
103,1023,4958,13/04/2026,mx,44
104,1186,4324,14/04/2026,mex,44
105,1787,3925,15/04/2026,mex,13
106,813,4844,16/04/2026,México,6
107,216,3076,17/04/2026,mx,23
108,1609,1015,18/04/2026,mex,8
109,14,1858,19/04/2026,mex,28
110,1536,1650,20/04/2026,mex,25
111,78,1020,21/04/2026,México,1
112,172,3368,22/04/2026,mx,35
113,632,4805,23/04/2026,mex,17
114,917,3773,24/04/2026,mx,48
115,1796,173,25/04/2026,México,15
116,120,644,26/04/2026,mx,4
117,466,1952,27/04/2026,mex,41
118,1811,2720,28/04/2026,México,15
119,1372,1736,29/04/2026,México,4
120,1495,1372,30/04/2026,México,5
121,502,3965,01/05/2026,mex,2
122,963,4558,02/05/2026,mex,12
123,156,2138,03/05/2026,México,5
124,819,3482,04/05/2026,mx,35
125,522,537,05/05/2026,mex,2
126,705,629,06/05/2026,mex,46
127,1692,3117,07/05/2026,mx,47
128,798,4188,08/05/2026,mx,16
129,962,4997,09/05/2026,México,1
130,1288,2836,10/05/2026,México,15
131,307,3463,11/05/2026,mx,16
132,1045,2316,12/05/2026,México,35
133,587,3043,13/05/2026,mex,15
134,1524,4899,14/05/2026,México,8
135,429,711,15/05/2026,México,35
136,1525,3125,16/05/2026,México,1
137,904,519,17/05/2026,México,50
138,1108,1496,18/05/2026,mx,19
139,1941,3236,19/05/2026,mex,26
140,38,4334,20/05/2026,México,41
141,732,2632,21/05/2026,mex,25
142,218,4035,22/05/2026,México,43
143,1140,4441,23/05/2026,México,45
144,852,103,24/05/2026,mex,3
145,1319,2245,25/05/2026,México,16
146,1935,3423,26/05/2026,México,1
147,1541,3133,27/05/2026,mex,15
148,377,1650,28/05/2026,mex,49
149,1540,3608,29/05/2026,México,29
150,750,1082,30/05/2026,México,37
151,1465,901,31/05/2026,mx,36
152,1240,1795,01/06/2026,mx,17
153,762,1445,02/06/2026,mx,14
154,682,1466,03/06/2026,mx,6
155,1946,4343,04/06/2026,mex,41
156,1575,1528,05/06/2026,mex,39
157,763,3242,06/06/2026,mex,43
158,64,2721,07/06/2026,mex,13
159,1629,1729,08/06/2026,mex,49
160,1290,396,09/06/2026,México,11
161,1047,1665,10/06/2026,mex,31
162,876,907,11/06/2026,mex,4
163,1332,1691,12/06/2026,mx,27
164,1086,2309,13/06/2026,mex,45
165,1756,3373,14/06/2026,mex,24
166,1444,3712,15/06/2026,mx,46
167,109,3908,16/06/2026,mx,41
168,1028,4535,17/06/2026,México,19
169,331,2595,18/06/2026,México,33
170,665,819,19/06/2026,México,43
171,1605,4975,20/06/2026,mex,5
172,10,2270,21/06/2026,mx,32
173,1768,1087,22/06/2026,México,4
174,1953,2879,23/06/2026,mex,6
175,1584,831,24/06/2026,mx,13
176,1736,2049,25/06/2026,mex,27
177,982,890,26/06/2026,mex,23
178,1234,169,27/06/2026,mx,1
179,1097,3128,28/06/2026,mx,32
180,1762,718,29/06/2026,México,41
181,1835,846,30/06/2026,mx,44
182,1497,1230,01/07/2026,mx,45
183,1665,1061,02/07/2026,mx,33
184,1365,3878,03/07/2026,mx,49
185,739,3561,04/07/2026,mex,45
186,778,2811,05/07/2026,México,27
187,1271,2232,06/07/2026,mex,42
188,858,3319,07/07/2026,mex,39
189,790,3787,08/07/2026,mx,15
190,1947,4978,09/07/2026,mex,27
191,1710,3697,10/07/2026,mx,41
192,312,2037,11/07/2026,México,36
193,273,848,12/07/2026,mex,30
194,1931,3724,13/07/2026,mex,49
195,1483,1330,14/07/2026,mex,47
196,423,1596,15/07/2026,México,34
197,1869,1980,16/07/2026,México,50
198,412,1851,17/07/2026,mex,18
199,1311,3406,18/07/2026,mex,40
200,1214,3447,19/07/2026,México,5
201,364,795,20/07/2026,mex,12
202,808,4247,21/07/2026,mex,33
203,666,1153,22/07/2026,mex,12
204,18,1126,23/07/2026,México,22
205,535,3385,24/07/2026,mx,26
206,765,670,25/07/2026,mex,36
207,144,896,26/07/2026,mex,17
208,1203,1217,27/07/2026,mx,32
209,560,1536,28/07/2026,mx,37
210,410,2198,29/07/2026,mx,3
211,503,207,30/07/2026,mx,4
212,1396,1446,31/07/2026,México,45
213,177,2680,01/08/2026,mex,40
214,439,1641,02/08/2026,México,33
215,286,482,03/08/2026,México,26
216,1473,4022,04/08/2026,mx,46
217,319,1265,05/08/2026,México,50
218,1847,1729,06/08/2026,México,3
219,428,1276,07/08/2026,mx,42
220,134,992,08/08/2026,mex,50
221,1961,1425,09/08/2026,México,18
222,1428,2597,10/08/2026,mex,33
223,489,4765,11/08/2026,mex,15
224,1722,4928,12/08/2026,mx,9
225,1254,284,13/08/2026,México,5
226,1626,745,14/08/2026,México,28
227,1111,3798,15/08/2026,mex,10
228,1885,2877,16/08/2026,mx,5
229,638,3442,17/08/2026,mex,31
230,596,3883,18/08/2026,México,12
231,874,3002,19/08/2026,mx,47
232,659,608,20/08/2026,mex,5
233,177,2782,21/08/2026,mex,48
234,1323,4601,22/08/2026,mx,9
235,877,2583,23/08/2026,mex,17
236,1281,474,24/08/2026,mx,21
237,1393,3470,25/08/2026,mx,50
238,1929,3436,26/08/2026,México,13
239,1503,702,27/08/2026,México,19
240,881,2714,28/08/2026,mx,3
241,950,3911,29/08/2026,mx,27
242,565,975,30/08/2026,mx,47
243,1259,2209,31/08/2026,mx,43
244,726,3734,01/09/2026,mx,49
245,1286,4309,02/09/2026,mx,32
246,1437,4689,03/09/2026,mx,41
247,943,2393,04/09/2026,mx,39
248,919,4775,05/09/2026,México,27
249,1698,369,06/09/2026,México,29
250,1525,1266,07/09/2026,mex,43
251,604,4611,08/09/2026,mex,44
252,1502,3154,09/09/2026,mex,47
253,1925,2725,10/09/2026,México,37
254,1199,3996,11/09/2026,México,31
255,1985,3437,12/09/2026,mex,44
256,785,4860,13/09/2026,mex,7
257,1731,1107,14/09/2026,México,50
258,1671,2272,15/09/2026,mex,28
259,351,2765,16/09/2026,mex,36
260,221,119,17/09/2026,mex,15
261,1162,2503,18/09/2026,México,28
262,1700,3509,19/09/2026,México,21
263,450,566,20/09/2026,mex,21
264,538,179,21/09/2026,mx,47
265,1334,3863,22/09/2026,mex,31
266,591,2015,23/09/2026,mx,35
267,432,969,24/09/2026,México,4
268,129,4583,25/09/2026,México,21
269,1977,4482,26/09/2026,México,30
270,392,3569,27/09/2026,mex,50
271,147,719,28/09/2026,mex,16
272,1351,3607,29/09/2026,mx,17
273,1978,4934,30/09/2026,mx,28
274,561,2560,01/10/2026,mx,16
275,1701,1770,02/10/2026,México,37
276,1359,3237,03/10/2026,mx,3
277,415,1753,04/10/2026,mex,20
278,1291,4302,05/10/2026,mx,38
279,1093,2401,06/10/2026,México,28
280,889,3182,07/10/2026,México,2
281,910,1284,08/10/2026,mx,6
282,1026,3320,09/10/2026,mex,4
283,755,1814,10/10/2026,mex,45
284,1974,3732,11/10/2026,México,10
285,29,318,12/10/2026,México,45
286,118,3985,13/10/2026,mx,44
287,478,4874,14/10/2026,mex,3
288,1851,3884,15/10/2026,mex,48
289,1862,3468,16/10/2026,mex,12
290,1283,4864,17/10/2026,México,21
291,892,651,18/10/2026,México,14
292,925,299,19/10/2026,mex,45
293,1819,440,20/10/2026,mex,6
294,558,2383,21/10/2026,México,25
295,1326,3696,22/10/2026,mx,49
296,1575,3492,23/10/2026,mex,19
297,1343,283,24/10/2026,mex,14
298,1454,2378,25/10/2026,mex,30
299,387,3135,26/10/2026,mx,42
300,1230,3524,27/10/2026,mex,24
301,484,4680,28/10/2026,México,1
302,1846,3838,29/10/2026,México,39
303,1120,2162,30/10/2026,México,1
304,1519,3265,31/10/2026,mx,17
305,1016,111,01/11/2026,México,18
306,1379,2965,02/11/2026,mex,10
307,724,3135,03/11/2026,mex,5
308,1221,4360,04/11/2026,México,41
309,1191,1653,05/11/2026,mex,41
310,458,2028,06/11/2026,mx,18
311,1264,4109,07/11/2026,mex,5
312,363,3500,08/11/2026,mx,24
313,1182,342,09/11/2026,mx,37
314,1993,1599,10/11/2026,mex,6
315,1074,2712,11/11/2026,mex,37
316,94,3106,12/11/2026,mex,49
317,1004,3915,13/11/2026,mex,47
318,567,4670,14/11/2026,mex,38
319,62,899,15/11/2026,México,32
320,1292,3970,16/11/2026,mex,13
321,699,1593,17/11/2026,México,46
322,159,1877,18/11/2026,mex,3
323,586,2486,19/11/2026,México,17
324,442,4226,20/11/2026,mx,45
325,1484,2612,21/11/2026,mex,6
326,1549,707,22/11/2026,mex,1
327,347,3083,23/11/2026,mex,8
328,1165,4051,24/11/2026,mx,6
329,1231,3571,25/11/2026,México,32
330,1081,4525,26/11/2026,mex,50
331,775,4560,27/11/2026,México,47
332,1864,3384,28/11/2026,México,5
333,635,690,29/11/2026,México,12
334,1712,3428,30/11/2026,mex,45
335,1056,1733,01/12/2026,mx,4
336,448,2216,02/12/2026,mx,40
337,1145,1639,03/12/2026,mex,34
338,1540,2370,04/12/2026,mex,27
339,1124,984,05/12/2026,mex,45
340,1223,1628,06/12/2026,mx,44
341,431,3467,07/12/2026,mex,31
342,801,4383,08/12/2026,mex,2
343,741,2782,09/12/2026,México,31
344,201,206,10/12/2026,México,34
345,725,748,11/12/2026,mx,1
346,1499,3152,12/12/2026,mx,27
347,878,3440,13/12/2026,mex,11
348,164,910,14/12/2026,México,5
349,1257,810,15/12/2026,mx,50
350,1635,4086,16/12/2026,México,29
351,192,3435,17/12/2026,México,7
352,1727,918,18/12/2026,mex,24
353,1019,986,19/12/2026,mx,8
354,1310,829,20/12/2026,mex,50
355,976,1623,21/12/2026,México,8
356,773,941,22/12/2026,mx,14
357,1081,4263,23/12/2026,México,20
358,249,685,24/12/2026,México,29
359,570,3545,25/12/2026,México,44
360,1492,113,26/12/2026,México,5
361,1667,2762,27/12/2026,México,29
362,1390,4020,28/12/2026,México,16
363,1713,3676,29/12/2026,mx,42
364,417,907,30/12/2026,México,50
365,670,2335,31/12/2026,mx,50
366,1790,2866,01/01/2027,México,46
367,1816,1282,02/01/2027,mex,6
368,1884,3303,03/01/2027,mex,50
369,1468,1838,04/01/2027,mx,23
370,216,4983,05/01/2027,México,49
371,215,1828,06/01/2027,mex,42
372,940,652,07/01/2027,mx,28
373,600,3959,08/01/2027,mex,20
374,758,2460,09/01/2027,mx,4
375,1086,3074,10/01/2027,mex,48
376,1741,1702,11/01/2027,mx,3
377,521,4142,12/01/2027,México,39
378,119,3998,13/01/2027,México,13
379,1340,2591,14/01/2027,México,27
380,99,3482,15/01/2027,mex,28
381,1677,1491,16/01/2027,México,10
382,282,2539,17/01/2027,México,35
383,729,4334,18/01/2027,mx,49
384,1327,3483,19/01/2027,mex,48
385,1229,1239,20/01/2027,mex,4
386,315,490,21/01/2027,mex,48
387,1356,4229,22/01/2027,mx,39
388,870,4670,23/01/2027,México,49
389,1353,3309,24/01/2027,mx,27
390,902,1702,25/01/2027,mx,16
391,1594,2263,26/01/2027,mx,35
392,858,2471,27/01/2027,mx,12
393,194,4927,28/01/2027,mex,34
394,958,3962,29/01/2027,mx,9
395,613,3100,30/01/2027,mex,20
396,848,1005,31/01/2027,mx,48
397,928,4044,01/02/2027,México,43
398,246,1787,02/02/2027,mx,17
399,1717,158,03/02/2027,mx,32
400,1611,3478,04/02/2027,México,33
401,1733,4189,05/02/2027,mx,1
402,264,1389,06/02/2027,mx,21
403,524,1111,07/02/2027,México,28
404,1194,963,08/02/2027,mx,8
405,1838,903,09/02/2027,México,1
406,1440,509,10/02/2027,mex,3
407,573,4291,11/02/2027,mx,25
408,73,4766,12/02/2027,México,48
409,317,1085,13/02/2027,mx,49
410,2,1131,14/02/2027,mx,12
411,1766,2480,15/02/2027,mx,3
412,996,4397,16/02/2027,México,14
413,363,1716,17/02/2027,México,1
414,1599,1447,18/02/2027,mex,5
415,526,1650,19/02/2027,mx,31
416,499,2423,20/02/2027,México,36
417,1098,4576,21/02/2027,mx,37
418,53,1630,22/02/2027,mx,39
419,1446,1253,23/02/2027,México,11
420,432,353,24/02/2027,mx,40
421,44,609,25/02/2027,mx,26
422,250,4425,26/02/2027,mx,37
423,658,3896,27/02/2027,mx,13
424,1830,1209,28/02/2027,mex,34
425,1276,3818,01/03/2027,mex,41
426,238,3573,02/03/2027,mx,4
427,228,204,03/03/2027,México,29
428,133,2249,04/03/2027,mx,29
429,1004,674,05/03/2027,México,39
430,1159,3283,06/03/2027,mx,15
431,375,2327,07/03/2027,mx,43
432,1810,1598,08/03/2027,mex,2
433,447,3300,09/03/2027,mex,41
434,673,880,10/03/2027,mex,3
435,704,2854,11/03/2027,mex,1
436,931,4755,12/03/2027,México,13
437,857,1996,13/03/2027,mx,33
438,1918,4067,14/03/2027,México,11
439,511,1619,15/03/2027,mex,9
440,1100,2970,16/03/2027,México,28
441,106,3126,17/03/2027,mx,46
442,1569,2611,18/03/2027,mex,18
443,1359,1147,19/03/2027,mx,31
444,391,2204,20/03/2027,mx,34
445,391,578,21/03/2027,mx,6
446,1558,4558,22/03/2027,México,18
447,916,1507,23/03/2027,mex,44
448,554,3564,24/03/2027,mex,26
449,483,2569,25/03/2027,mex,19
450,1522,133,26/03/2027,mx,16
451,340,4736,27/03/2027,mex,37
452,310,1183,28/03/2027,mx,48
453,1022,358,29/03/2027,México,46
454,1088,3916,30/03/2027,México,33
455,852,1616,31/03/2027,mx,28
456,128,1225,01/04/2027,México,14
457,94,4676,02/04/2027,mx,47
458,1034,3789,03/04/2027,mx,33
459,1099,4506,04/04/2027,México,15
460,865,1087,05/04/2027,mex,11
461,281,4686,06/04/2027,mex,38
462,1731,3071,07/04/2027,mex,35
463,1961,3560,08/04/2027,mex,42
464,1715,2455,09/04/2027,mex,19
465,1764,4178,10/04/2027,mex,46
466,691,282,11/04/2027,México,50
467,698,2370,12/04/2027,mx,48
468,1574,2159,13/04/2027,mex,9
469,1383,4678,14/04/2027,mx,34
470,1875,440,15/04/2027,mex,3
471,1221,1017,16/04/2027,mex,46
472,759,2348,17/04/2027,mex,21
473,148,1948,18/04/2027,mx,41
474,753,2171,19/04/2027,mx,11
475,952,887,20/04/2027,mx,28
476,427,3478,21/04/2027,mx,33
477,1885,1849,22/04/2027,mx,37
478,1713,3476,23/04/2027,mex,16
479,1551,4169,24/04/2027,mex,3
480,389,2215,25/04/2027,México,28
481,1049,2453,26/04/2027,mx,5
482,284,3398,27/04/2027,mx,28
483,602,943,28/04/2027,México,50
484,54,4617,29/04/2027,México,32
485,1178,698,30/04/2027,México,22
486,350,1922,01/05/2027,México,44
487,1588,1488,02/05/2027,mx,11
488,593,3566,03/05/2027,mx,27
489,860,2248,04/05/2027,mex,14
490,681,3275,05/05/2027,México,25
491,695,2481,06/05/2027,mx,24
492,988,234,07/05/2027,México,2
493,610,2129,08/05/2027,México,19
494,299,182,09/05/2027,mex,47
495,347,3652,10/05/2027,mex,21
496,1210,2961,11/05/2027,México,19
497,853,177,12/05/2027,mex,6
498,1764,1064,13/05/2027,mx,39
499,1656,1139,14/05/2027,mex,17
500,1480,2494,15/05/2027,mex,15
501,571,1100,16/05/2027,México,17
502,448,156,17/05/2027,México,17
503,1869,4308,18/05/2027,mx,2
504,801,4735,19/05/2027,mx,6
505,820,4656,20/05/2027,mex,41
506,561,946,21/05/2027,mx,32
507,1525,591,22/05/2027,mx,19
508,1800,2922,23/05/2027,México,16
509,228,3674,24/05/2027,mex,8
510,1902,3777,25/05/2027,mx,7
511,359,1215,26/05/2027,México,34
512,573,4771,27/05/2027,mex,19
513,1882,4066,28/05/2027,México,50
514,1775,725,29/05/2027,mex,34
515,1581,274,30/05/2027,mex,40
516,777,3310,31/05/2027,mex,10
517,17,4467,01/06/2027,mx,34
518,1534,3950,02/06/2027,México,39
519,548,2844,03/06/2027,mx,36
520,590,1730,04/06/2027,mex,43
521,2000,2185,05/06/2027,mex,3
522,1879,4376,06/06/2027,mx,30
523,10,3389,07/06/2027,México,47
524,1094,4911,08/06/2027,mex,1
525,574,3220,09/06/2027,México,45
526,1323,1530,10/06/2027,mex,32
527,1409,1273,11/06/2027,mx,6
528,248,3757,12/06/2027,México,49
529,997,2990,13/06/2027,México,45
530,748,655,14/06/2027,mx,46
531,375,1312,15/06/2027,mex,33
532,1144,3336,16/06/2027,mex,24
533,874,1879,17/06/2027,mx,41
534,960,4890,18/06/2027,mx,17
535,227,1752,19/06/2027,mex,45
536,517,4956,20/06/2027,mx,42
537,940,312,21/06/2027,mx,35
538,1861,1890,22/06/2027,mex,18
539,440,2464,23/06/2027,mx,30
540,918,4729,24/06/2027,mx,5
541,276,600,25/06/2027,mx,17
542,1112,212,26/06/2027,México,7
543,720,1510,27/06/2027,México,19
544,18,2814,28/06/2027,mx,37
545,1777,4782,29/06/2027,México,30
546,618,4731,30/06/2027,mx,37
547,967,1171,01/07/2027,mx,31
548,1233,3629,02/07/2027,mex,48
549,358,3716,03/07/2027,México,34
550,1969,3175,04/07/2027,México,5
551,499,825,05/07/2027,México,4
552,521,463,06/07/2027,mex,38
553,726,2872,07/07/2027,mex,8
554,35,645,08/07/2027,mex,16
555,1999,421,09/07/2027,mx,34
556,1063,2567,10/07/2027,mx,1
557,422,1525,11/07/2027,mex,10
558,1884,678,12/07/2027,México,33
559,1041,4654,13/07/2027,mx,46
560,434,3283,14/07/2027,mex,12
561,1514,3227,15/07/2027,mx,3
562,949,3903,16/07/2027,mx,19
563,1238,4353,17/07/2027,mex,38
564,1848,1687,18/07/2027,mex,22
565,943,799,19/07/2027,mx,15
566,1722,3775,20/07/2027,mx,17
567,1300,1390,21/07/2027,mx,8
568,483,2268,22/07/2027,México,47
569,324,2937,23/07/2027,mex,2
570,1309,3543,24/07/2027,mx,33
571,1594,2266,25/07/2027,mx,28
572,240,1055,26/07/2027,mx,4
573,1361,2422,27/07/2027,México,13
574,1590,2458,28/07/2027,mx,41
575,143,3153,29/07/2027,mx,27
576,803,4325,30/07/2027,mx,49
577,1395,4138,31/07/2027,mex,46
578,307,158,01/08/2027,mex,14
579,1205,3625,02/08/2027,México,27
580,1533,1172,03/08/2027,mex,5
581,1347,2717,04/08/2027,mex,44
582,515,1146,05/08/2027,México,36
583,1374,2077,06/08/2027,mx,11
584,326,4719,07/08/2027,mex,24
585,262,123,08/08/2027,México,16
586,932,4602,09/08/2027,México,14
587,837,3815,10/08/2027,mx,23
588,1182,3911,11/08/2027,mex,6
589,554,3902,12/08/2027,mex,38
590,613,2830,13/08/2027,mx,9
591,1583,452,14/08/2027,mex,30
592,1104,1439,15/08/2027,mex,21
593,126,2051,16/08/2027,México,10
594,1829,185,17/08/2027,mex,29
595,1282,3561,18/08/2027,México,5
596,1384,3066,19/08/2027,mx,47
597,1742,4174,20/08/2027,mex,32
598,1404,2695,21/08/2027,México,48
599,1582,1460,22/08/2027,mx,17
600,1460,3424,23/08/2027,México,23
601,1167,2267,24/08/2027,mex,38
602,1819,4979,25/08/2027,mx,28
603,1023,1449,26/08/2027,mex,49
604,1338,1432,27/08/2027,México,5
605,664,4794,28/08/2027,mx,48
606,1526,3195,29/08/2027,mx,36
607,855,1737,30/08/2027,mx,2
608,1232,4608,31/08/2027,mex,21
609,1914,2065,01/09/2027,mx,22
610,432,4810,02/09/2027,mx,45
611,512,2359,03/09/2027,mx,6
612,448,227,04/09/2027,mex,45
613,1453,3103,05/09/2027,México,15
614,799,1148,06/09/2027,mex,16
615,1398,912,07/09/2027,México,38
616,909,2283,08/09/2027,mex,47
617,1099,3712,09/09/2027,mex,17
618,1153,1377,10/09/2027,mex,23
619,1766,708,11/09/2027,mx,13
620,1728,3476,12/09/2027,México,42
621,127,4436,13/09/2027,mx,46
622,1596,1403,14/09/2027,mx,33
623,1610,2210,15/09/2027,mex,16
624,294,4397,16/09/2027,México,27
625,721,674,17/09/2027,mx,8
626,1800,4706,18/09/2027,México,22
627,959,497,19/09/2027,mex,6
628,1363,4262,20/09/2027,México,32
629,1717,3430,21/09/2027,mx,33
630,1662,2573,22/09/2027,México,28
631,1467,1383,23/09/2027,mex,30
632,1808,2310,24/09/2027,mx,32
633,1690,3224,25/09/2027,mex,19
634,1804,1641,26/09/2027,mx,19
635,148,3822,27/09/2027,México,16
636,965,2034,28/09/2027,mx,31
637,237,2380,29/09/2027,mex,9
638,1264,3922,30/09/2027,México,10
639,671,2860,01/10/2027,mex,6
640,1949,1214,02/10/2027,mex,17
641,507,4343,03/10/2027,mex,27
642,1506,175,04/10/2027,mx,21
643,1997,951,05/10/2027,mx,1
644,1156,969,06/10/2027,México,29
645,463,4292,07/10/2027,mx,47
646,1722,3675,08/10/2027,mx,44
647,735,4581,09/10/2027,México,37
648,1417,2959,10/10/2027,mex,40
649,1685,2933,11/10/2027,mx,18
650,489,2390,12/10/2027,mx,48
651,1981,3374,13/10/2027,mex,35
652,1506,1488,14/10/2027,mx,19
653,439,1990,15/10/2027,mex,42
654,1896,1375,16/10/2027,mex,2
655,1485,2404,17/10/2027,mex,8
656,619,964,18/10/2027,mex,32
657,508,958,19/10/2027,mex,30
658,732,3112,20/10/2027,México,40
659,1567,3882,21/10/2027,mx,22
660,1803,3466,22/10/2027,México,16
661,393,1719,23/10/2027,mex,20
662,1000,386,24/10/2027,mex,19
663,1587,1587,25/10/2027,mex,19
664,421,2451,26/10/2027,México,46
665,1734,763,27/10/2027,mx,1
666,1905,2987,28/10/2027,México,19
667,1416,3841,29/10/2027,México,2
668,1229,4539,30/10/2027,mex,49
669,245,4190,31/10/2027,mex,4
670,1890,4424,01/11/2027,México,6
671,1573,2643,02/11/2027,mex,49
672,757,4981,03/11/2027,mx,17
673,1782,1359,04/11/2027,mx,40
674,11,2607,05/11/2027,mex,14
675,1064,4455,06/11/2027,mx,15
676,1740,480,07/11/2027,mx,35
677,1958,2423,08/11/2027,México,36
678,1556,1266,09/11/2027,mx,47
679,335,2531,10/11/2027,mex,29
680,796,3245,11/11/2027,mex,42
681,1038,3779,12/11/2027,mx,45
682,36,136,13/11/2027,México,47
683,80,1014,14/11/2027,mex,2
684,1044,4258,15/11/2027,mx,43
685,1038,1997,16/11/2027,México,47
686,951,3841,17/11/2027,México,11
687,1479,4896,18/11/2027,mx,12
688,155,3080,19/11/2027,mex,35
689,1166,3253,20/11/2027,mx,36
690,1158,3503,21/11/2027,mex,43
691,1188,4445,22/11/2027,mex,47
692,881,4304,23/11/2027,mex,38
693,1841,444,24/11/2027,mex,8
694,1706,1841,25/11/2027,México,37
695,1051,1254,26/11/2027,México,5
696,342,4473,27/11/2027,mex,4
697,792,353,28/11/2027,México,49
698,681,4545,29/11/2027,mx,19
699,1195,1934,30/11/2027,México,39
700,162,3018,01/12/2027,mex,15
701,1965,1160,02/12/2027,mex,1
702,194,661,03/12/2027,mx,27
703,473,3850,04/12/2027,mx,9
704,924,4442,05/12/2027,mx,4
705,1211,1199,06/12/2027,mx,18
706,904,2996,07/12/2027,mx,16
707,878,3222,08/12/2027,México,48
708,1334,2447,09/12/2027,México,36
709,1482,770,10/12/2027,mx,13
710,1919,1179,11/12/2027,mx,29
711,1389,1396,12/12/2027,mx,8
712,1224,198,13/12/2027,mx,10
713,5,1717,14/12/2027,mx,26
714,1945,1606,15/12/2027,México,12
715,1999,1242,16/12/2027,México,45
716,1654,1094,17/12/2027,México,25
717,15,4140,18/12/2027,mx,45
718,88,250,19/12/2027,México,39
719,1174,3067,20/12/2027,mx,32
720,1685,3557,21/12/2027,mx,43
721,108,2014,22/12/2027,mex,34
722,1780,3167,23/12/2027,mx,10
723,1141,2761,24/12/2027,mex,30
724,1305,1829,25/12/2027,mx,39
725,1543,4665,26/12/2027,México,6
726,32,2694,27/12/2027,mex,38
727,547,4791,28/12/2027,México,20
728,656,4086,29/12/2027,mex,42
729,1083,2944,30/12/2027,mx,31
730,619,3834,31/12/2027,México,39
731,303,3962,01/01/2028,mex,33
732,1587,2600,02/01/2028,mex,1
733,67,2918,03/01/2028,México,6
734,1716,1076,04/01/2028,mex,40
735,1848,4597,05/01/2028,México,39
736,433,560,06/01/2028,México,37
737,1828,729,07/01/2028,mex,28
738,1316,1312,08/01/2028,mx,6
739,888,2221,09/01/2028,mex,1
740,705,239,10/01/2028,México,15
741,905,2867,11/01/2028,México,30
742,1841,3171,12/01/2028,México,15
743,1905,2976,13/01/2028,México,44
744,448,355,14/01/2028,mx,13
745,437,1785,15/01/2028,mx,18
746,1822,3685,16/01/2028,México,37
747,995,4146,17/01/2028,mex,23
748,1340,3589,18/01/2028,México,50
749,1671,4603,19/01/2028,México,32
750,1769,2809,20/01/2028,mex,2
751,1329,2044,21/01/2028,México,13
752,439,3152,22/01/2028,mex,21
753,833,4322,23/01/2028,México,32
754,159,4856,24/01/2028,mex,15
755,439,3358,25/01/2028,México,48
756,1711,1719,26/01/2028,mex,26
757,1677,1675,27/01/2028,México,13
758,696,134,28/01/2028,México,49
759,43,1032,29/01/2028,mex,48
760,622,4282,30/01/2028,mex,36
761,647,2896,31/01/2028,México,45
762,340,3263,01/02/2028,México,46
763,596,3766,02/02/2028,mex,32
764,1356,727,03/02/2028,mex,29
765,1653,310,04/02/2028,México,18
766,172,4504,05/02/2028,México,49
767,1217,3905,06/02/2028,mx,38
768,81,423,07/02/2028,mex,23
769,1107,2967,08/02/2028,mex,36
770,1399,3579,09/02/2028,mex,9
771,516,1742,10/02/2028,mx,33
772,612,4422,11/02/2028,México,20
773,113,1727,12/02/2028,mx,32
774,1686,1243,13/02/2028,mex,10
775,534,1068,14/02/2028,mx,47
776,1316,2759,15/02/2028,México,6
777,790,3958,16/02/2028,México,45
778,1599,278,17/02/2028,mx,13
779,1902,439,18/02/2028,mex,48
780,186,3736,19/02/2028,mex,43
781,1419,992,20/02/2028,mex,34
782,1991,1747,21/02/2028,mx,3
783,1065,1085,22/02/2028,mx,20
784,593,1538,23/02/2028,México,7
785,423,4960,24/02/2028,mex,10
786,1819,3345,25/02/2028,México,29
787,1428,3014,26/02/2028,mx,34
788,331,1664,27/02/2028,mex,16
789,807,2805,28/02/2028,mx,40
790,825,4816,29/02/2028,mx,19
791,1067,510,01/03/2028,mx,46
792,633,2159,02/03/2028,mex,43
793,1896,146,03/03/2028,México,44
794,1872,1645,04/03/2028,México,40
795,725,2193,05/03/2028,mex,34
796,93,4307,06/03/2028,mx,11
797,943,835,07/03/2028,mx,1
798,1661,4209,08/03/2028,mx,2
799,1299,3688,09/03/2028,mex,13
800,949,3003,10/03/2028,México,6
801,108,4359,11/03/2028,mx,48
802,461,242,12/03/2028,México,5
803,1796,1995,13/03/2028,México,36
804,138,3688,14/03/2028,mx,16
805,19,671,15/03/2028,México,25
806,1918,2281,16/03/2028,mex,42
807,925,1964,17/03/2028,mx,24
808,549,696,18/03/2028,mx,7
809,1283,2015,19/03/2028,México,50
810,1217,2535,20/03/2028,mx,4
811,1636,3475,21/03/2028,mex,28
812,1790,3756,22/03/2028,mex,49
813,547,1016,23/03/2028,mx,10
814,1820,2717,24/03/2028,mex,12
815,1531,3295,25/03/2028,mx,49
816,1259,2104,26/03/2028,México,5
817,1830,2553,27/03/2028,México,20
818,826,338,28/03/2028,mx,29
819,1680,2283,29/03/2028,México,5
820,1674,2171,30/03/2028,mex,22
821,1855,159,31/03/2028,mx,35
822,1005,1351,01/04/2028,mex,7
823,770,4757,02/04/2028,México,35
824,1416,217,03/04/2028,mex,48
825,1600,2654,04/04/2028,México,1
826,633,884,05/04/2028,México,45
827,1122,3679,06/04/2028,mex,12
828,1435,4310,07/04/2028,mx,41
829,1421,3611,08/04/2028,mx,13
830,1745,775,09/04/2028,mx,45
831,276,1107,10/04/2028,México,28
832,860,1120,11/04/2028,México,26
833,691,4836,12/04/2028,mx,49
834,1064,4336,13/04/2028,mex,46
835,1454,3936,14/04/2028,mx,6
836,256,3928,15/04/2028,mex,15
837,448,4458,16/04/2028,mx,31
838,923,4983,17/04/2028,mex,34
839,129,4557,18/04/2028,México,15
840,1998,1810,19/04/2028,mx,18
841,1099,2366,20/04/2028,mx,50
842,886,4648,21/04/2028,mex,20
843,1704,2825,22/04/2028,mex,35
844,1985,4911,23/04/2028,mx,47
845,740,511,24/04/2028,México,10
846,1296,4666,25/04/2028,mex,42
847,1282,3098,26/04/2028,México,29
848,1557,1215,27/04/2028,México,27
849,753,2822,28/04/2028,mex,20
850,793,3726,29/04/2028,mx,9
851,1944,4988,30/04/2028,México,40
852,1841,4747,01/05/2028,mex,38
853,1772,2330,02/05/2028,mex,14
854,1905,1663,03/05/2028,mex,1
855,472,924,04/05/2028,mx,13
856,1578,2660,05/05/2028,mex,26
857,1341,1128,06/05/2028,México,40
858,1820,307,07/05/2028,mex,2
859,637,4404,08/05/2028,México,21
860,1918,781,09/05/2028,mx,18
861,972,3358,10/05/2028,México,12
862,1630,4705,11/05/2028,mex,23
863,1091,2703,12/05/2028,mex,16
864,438,2985,13/05/2028,mx,25
865,896,4489,14/05/2028,mex,40
866,582,2925,15/05/2028,mx,11
867,127,3383,16/05/2028,mx,42
868,1964,2518,17/05/2028,México,35
869,1343,3788,18/05/2028,México,23
870,1224,2812,19/05/2028,mex,12
871,1348,263,20/05/2028,mx,27
872,1350,3794,21/05/2028,mx,34
873,1292,1585,22/05/2028,mx,17
874,133,4129,23/05/2028,mx,44
875,1381,3222,24/05/2028,México,18
876,1903,2462,25/05/2028,mx,1
877,260,2428,26/05/2028,mex,3
878,1183,4495,27/05/2028,mx,37
879,713,1089,28/05/2028,mx,27
880,814,1076,29/05/2028,mx,50
881,400,2376,30/05/2028,mx,17
882,1168,4263,31/05/2028,mex,1
883,1106,167,01/06/2028,México,46
884,1233,2118,02/06/2028,México,31
885,723,1572,03/06/2028,mex,9
886,1000,4459,04/06/2028,mx,5
887,1234,4767,05/06/2028,mex,21
888,1019,1271,06/06/2028,mx,19
889,226,4371,07/06/2028,mex,10
890,313,352,08/06/2028,México,13
891,419,1764,09/06/2028,mex,6
892,1269,365,10/06/2028,mx,50
893,572,2612,11/06/2028,mex,45
894,854,2822,12/06/2028,mx,19
895,1845,2297,13/06/2028,mx,1
896,777,4569,14/06/2028,mex,33
897,675,1637,15/06/2028,mex,11
898,540,4182,16/06/2028,mex,37
899,1240,758,17/06/2028,mx,26
900,1551,1055,18/06/2028,México,19
901,603,4918,19/06/2028,México,41
902,1559,2599,20/06/2028,mx,40
903,1726,3127,21/06/2028,mx,1
904,42,3264,22/06/2028,mx,18
905,1397,1590,23/06/2028,mx,20
906,1747,4408,24/06/2028,mex,12
907,1231,3570,25/06/2028,México,32
908,431,648,26/06/2028,mx,23
909,180,4826,27/06/2028,México,32
910,1620,4726,28/06/2028,mx,13
911,999,549,29/06/2028,mx,12
912,1684,3124,30/06/2028,México,32
913,1521,1261,01/07/2028,México,29
914,414,463,02/07/2028,México,39
915,151,2603,03/07/2028,mx,35
916,1656,1875,04/07/2028,México,21
917,529,4282,05/07/2028,mx,3
918,1547,1963,06/07/2028,México,13
919,854,3774,07/07/2028,mex,26
920,204,1719,08/07/2028,mx,21
921,1103,3911,09/07/2028,mx,22
922,1009,3998,10/07/2028,mx,37
923,1793,880,11/07/2028,mex,20
924,1444,1185,12/07/2028,México,32
925,1172,3290,13/07/2028,mex,44
926,188,531,14/07/2028,mx,43
927,1971,3671,15/07/2028,México,29
928,1223,3550,16/07/2028,mex,50
929,165,1183,17/07/2028,mx,1
930,535,4061,18/07/2028,México,13
931,1234,4392,19/07/2028,mex,13
932,737,1672,20/07/2028,mx,36
933,1974,1453,21/07/2028,México,12
934,381,227,22/07/2028,mx,12
935,369,4613,23/07/2028,mex,37
936,274,3185,24/07/2028,mx,36
937,36,2667,25/07/2028,mex,36
938,1552,2220,26/07/2028,mx,37
939,1459,1613,27/07/2028,mx,45
940,1952,570,28/07/2028,mex,36
941,1239,1747,29/07/2028,mx,7
942,1694,3607,30/07/2028,mx,47
943,849,419,31/07/2028,México,45
944,445,2408,01/08/2028,mx,5
945,1365,3578,02/08/2028,mx,27
946,1777,1821,03/08/2028,mx,9
947,1998,4301,04/08/2028,mx,49
948,847,4105,05/08/2028,mex,2
949,1518,4945,06/08/2028,mx,26
950,1346,2994,07/08/2028,mex,2
951,1727,1914,08/08/2028,mx,46
952,510,4103,09/08/2028,mx,7
953,1870,2806,10/08/2028,mex,2
954,1144,1044,11/08/2028,México,18
955,456,1611,12/08/2028,mex,33
956,777,3744,13/08/2028,mx,11
957,26,4325,14/08/2028,mex,37
958,388,3016,15/08/2028,mx,5
959,651,564,16/08/2028,mx,22
960,1670,1740,17/08/2028,mex,35
961,485,2354,18/08/2028,México,18
962,1168,129,19/08/2028,México,2
963,1565,4870,20/08/2028,mex,20
964,152,1299,21/08/2028,mx,26
965,32,3769,22/08/2028,México,41
966,1052,513,23/08/2028,mx,39
967,1173,1821,24/08/2028,mx,40
968,1854,656,25/08/2028,mex,38
969,723,659,26/08/2028,México,34
970,1521,805,27/08/2028,mx,21
971,1551,403,28/08/2028,México,24
972,490,1485,29/08/2028,mx,34
973,1189,2184,30/08/2028,México,23
974,991,4077,31/08/2028,mex,22
975,193,4801,01/09/2028,México,40
976,506,538,02/09/2028,mex,37
977,145,499,03/09/2028,mex,1
978,63,713,04/09/2028,mex,34
979,827,3529,05/09/2028,mx,14
980,598,3508,06/09/2028,mex,9
981,1347,2467,07/09/2028,mex,22
982,358,107,08/09/2028,mex,30
983,1028,1303,09/09/2028,México,3
984,1080,2647,10/09/2028,mex,29
985,1966,2043,11/09/2028,mex,42
986,1187,3062,12/09/2028,mx,2
987,681,1026,13/09/2028,mex,6
988,636,2190,14/09/2028,México,15
989,1707,4492,15/09/2028,mex,29
990,943,4583,16/09/2028,mex,3
991,1660,1971,17/09/2028,mx,27
992,1268,2578,18/09/2028,mex,42
993,1378,4377,19/09/2028,México,39
994,1850,4542,20/09/2028,mex,43
995,737,1593,21/09/2028,mex,27
996,1475,2960,22/09/2028,mex,8
997,1490,2094,23/09/2028,México,48
998,397,4497,24/09/2028,mx,13
999,1384,3194,25/09/2028,mx,32
1000,1487,1406,26/09/2028,México,5
1001,1992,2325,27/09/2028,México,13
1002,839,3094,28/09/2028,mex,10
1003,660,1073,29/09/2028,mex,23
1004,1308,1939,30/09/2028,México,42
1005,1577,1150,01/10/2028,mx,47
1006,640,3922,02/10/2028,mx,19
1007,1034,2453,03/10/2028,mex,33
1008,805,3136,04/10/2028,México,15
1009,803,1326,05/10/2028,mex,50
1010,1482,2691,06/10/2028,mex,17
1011,1892,608,07/10/2028,mx,28
1012,1040,2821,08/10/2028,mx,31
1013,1478,1929,09/10/2028,mx,45
1014,1493,4141,10/10/2028,mex,33
1015,1845,2900,11/10/2028,mex,37
1016,1243,3906,12/10/2028,mx,50
1017,1626,1482,13/10/2028,México,4
1018,1498,4116,14/10/2028,mx,7
1019,1175,1738,15/10/2028,mex,31
1020,1922,3724,16/10/2028,México,11
1021,1430,882,17/10/2028,México,43
1022,385,208,18/10/2028,mex,26
1023,809,2358,19/10/2028,México,27
1024,1379,3918,20/10/2028,mx,16
1025,714,3430,21/10/2028,mex,12
1026,1643,4275,22/10/2028,México,35
1027,1188,903,23/10/2028,mx,21
1028,1857,3991,24/10/2028,México,23
1029,143,3297,25/10/2028,México,41
1030,625,4557,26/10/2028,mx,15
1031,1149,2620,27/10/2028,México,15
1032,730,755,28/10/2028,mex,1
1033,518,3035,29/10/2028,México,20
1034,182,1803,30/10/2028,México,43
1035,1830,1909,31/10/2028,mex,50
1036,14,3440,01/11/2028,mex,6
1037,1090,3110,02/11/2028,México,5
1038,1573,2041,03/11/2028,mex,11
1039,797,3715,04/11/2028,mx,40
1040,666,3018,05/11/2028,México,3
1041,981,3122,06/11/2028,mx,21
1042,1207,4569,07/11/2028,mx,10
1043,152,3491,08/11/2028,mx,42
1044,224,2620,09/11/2028,mx,27
1045,90,1668,10/11/2028,México,15
1046,110,684,11/11/2028,mx,44
1047,485,2093,12/11/2028,mex,5
1048,468,515,13/11/2028,mx,6
1049,1948,1134,14/11/2028,México,32
1050,254,2280,15/11/2028,México,14
1051,1302,2740,16/11/2028,mex,34
1052,1245,1093,17/11/2028,mex,39
1053,1697,4187,18/11/2028,México,24
1054,588,2932,19/11/2028,México,13
1055,1357,1041,20/11/2028,mx,30
1056,1263,3547,21/11/2028,mex,31
1057,78,917,22/11/2028,mx,4
1058,1689,734,23/11/2028,mx,16
1059,1192,1307,24/11/2028,México,19
1060,1040,2355,25/11/2028,mex,32
1061,1285,3487,26/11/2028,México,29
1062,120,157,27/11/2028,mx,30
1063,1565,1281,28/11/2028,mex,16
1064,1806,471,29/11/2028,mx,9
1065,65,1673,30/11/2028,mx,23
1066,1987,3989,01/12/2028,mex,9
1067,182,4725,02/12/2028,México,5
1068,1555,4773,03/12/2028,mex,50
1069,666,2110,04/12/2028,mx,29
1070,913,372,05/12/2028,mex,14
1071,352,2980,06/12/2028,mex,38
1072,1496,298,07/12/2028,México,41
1073,1699,2849,08/12/2028,mex,31
1074,617,1478,09/12/2028,México,26
1075,561,4519,10/12/2028,mx,25
1076,1193,3932,11/12/2028,mx,24
1077,1679,3889,12/12/2028,mx,47
1078,815,4595,13/12/2028,mex,33
1079,1113,3938,14/12/2028,mx,20
1080,393,3542,15/12/2028,mx,26
1081,1262,3468,16/12/2028,mx,19
1082,1007,4058,17/12/2028,México,40
1083,189,3096,18/12/2028,México,4
1084,1563,3968,19/12/2028,mx,10
1085,1045,1026,20/12/2028,México,23
1086,1495,4756,21/12/2028,mex,3
1087,65,4955,22/12/2028,México,1
1088,930,2664,23/12/2028,mx,34
1089,1883,3345,24/12/2028,México,46
1090,301,1868,25/12/2028,mex,47
1091,1504,802,26/12/2028,mx,31
1092,1421,2011,27/12/2028,mex,28
1093,926,4064,28/12/2028,mx,10
1094,1966,2803,29/12/2028,mx,33
1095,1918,4053,30/12/2028,mex,23
1096,1557,1210,31/12/2028,mx,25
1097,196,2348,01/01/2029,México,14
1098,444,3903,02/01/2029,México,29
1099,506,2153,03/01/2029,México,37
1100,267,4337,04/01/2029,mx,29
1101,1481,3011,05/01/2029,México,6
1102,721,1304,06/01/2029,mx,11
1103,1289,4386,07/01/2029,México,49
1104,1322,757,08/01/2029,México,18
1105,1565,3022,09/01/2029,México,35
1106,435,2867,10/01/2029,México,7
1107,790,3361,11/01/2029,México,3
1108,1122,2593,12/01/2029,mx,30
1109,445,3462,13/01/2029,mex,49
1110,1720,582,14/01/2029,México,28
1111,1026,1817,15/01/2029,mex,40
1112,1665,2127,16/01/2029,México,2
1113,921,408,17/01/2029,mx,15
1114,1535,969,18/01/2029,mx,12
1115,1504,2556,19/01/2029,mx,14
1116,1525,2956,20/01/2029,mx,34
1117,1259,1566,21/01/2029,mex,21
1118,1604,126,22/01/2029,México,22
1119,341,410,23/01/2029,mex,26
1120,1837,829,24/01/2029,México,27
1121,219,1258,25/01/2029,México,33
1122,259,2051,26/01/2029,mex,29
1123,361,1044,27/01/2029,mex,35
1124,37,1908,28/01/2029,mex,44
1125,458,685,29/01/2029,México,50
1126,1053,3870,30/01/2029,mex,21
1127,1166,4855,31/01/2029,México,41
1128,1549,3159,01/02/2029,mx,42
1129,1244,1413,02/02/2029,México,48
1130,569,1627,03/02/2029,México,21
1131,344,2605,04/02/2029,México,45
1132,1960,1982,05/02/2029,México,13
1133,830,2036,06/02/2029,México,48
1134,911,2251,07/02/2029,México,11
1135,381,4511,08/02/2029,México,5
1136,1437,1433,09/02/2029,mex,2
1137,742,4819,10/02/2029,mex,35
1138,306,308,11/02/2029,mex,25
1139,578,1855,12/02/2029,México,15
1140,537,4526,13/02/2029,mx,3
1141,1092,1762,14/02/2029,México,22
1142,440,1265,15/02/2029,mex,29
1143,1118,1208,16/02/2029,mex,3
1144,274,4858,17/02/2029,México,41
1145,1404,1631,18/02/2029,mex,20
1146,1479,2125,19/02/2029,mex,22
1147,305,566,20/02/2029,mx,25
1148,1776,2554,21/02/2029,mex,44
1149,1507,4728,22/02/2029,mex,40
1150,1864,2126,23/02/2029,mex,13
1151,927,4939,24/02/2029,mex,34
1152,19,3473,25/02/2029,mx,10
1153,1044,744,26/02/2029,mx,19
1154,1658,290,27/02/2029,México,38
1155,13,664,28/02/2029,México,30
1156,960,2449,01/03/2029,mx,47
1157,1781,489,02/03/2029,mex,28
1158,943,3166,03/03/2029,mx,39
1159,1767,4227,04/03/2029,mex,6
1160,1590,380,05/03/2029,mx,35
1161,1694,1666,06/03/2029,México,31
1162,875,3637,07/03/2029,México,19
1163,1308,118,08/03/2029,México,13
1164,1235,4092,09/03/2029,mx,34
1165,1509,311,10/03/2029,México,38
1166,1448,4591,11/03/2029,México,45
1167,573,375,12/03/2029,México,40
1168,444,3402,13/03/2029,mex,43
1169,1847,170,14/03/2029,mx,11
1170,328,754,15/03/2029,mx,9
1171,60,883,16/03/2029,México,46
1172,1979,3190,17/03/2029,mx,6
1173,639,115,18/03/2029,mex,2
1174,156,849,19/03/2029,mex,7
1175,950,1861,20/03/2029,México,6
1176,1914,2240,21/03/2029,México,17
1177,522,4353,22/03/2029,mex,18
1178,1520,3362,23/03/2029,mx,40
1179,1961,3965,24/03/2029,mx,44
1180,865,4006,25/03/2029,mex,13
1181,346,2469,26/03/2029,mx,12
1182,322,1482,27/03/2029,México,19
1183,1871,542,28/03/2029,México,2
1184,319,385,29/03/2029,mx,21
1185,1805,1118,30/03/2029,mex,21
1186,524,1794,31/03/2029,mx,46
1187,1467,2002,01/04/2029,México,25
1188,2,2892,02/04/2029,México,34
1189,166,1097,03/04/2029,mex,22
1190,60,1110,04/04/2029,mex,23
1191,420,1687,05/04/2029,mex,14
1192,246,2732,06/04/2029,mex,31
1193,244,4759,07/04/2029,mx,9
1194,1256,2951,08/04/2029,mx,24
1195,185,1042,09/04/2029,mx,22
1196,1003,399,10/04/2029,mex,12
1197,437,4606,11/04/2029,mx,12
1198,955,2380,12/04/2029,México,41
1199,634,3711,13/04/2029,mx,36
1200,89,281,14/04/2029,México,50
1201,467,4113,15/04/2029,México,11
1202,1068,1541,16/04/2029,mx,14
1203,1239,2887,17/04/2029,mx,46
1204,463,1672,18/04/2029,mx,14
1205,565,2282,19/04/2029,mex,33
1206,65,4560,20/04/2029,mx,39
1207,1690,2924,21/04/2029,mx,40
1208,328,4787,22/04/2029,mex,21
1209,228,2576,23/04/2029,mex,27
1210,1798,3186,24/04/2029,mx,17
1211,1503,1758,25/04/2029,México,37
1212,1701,653,26/04/2029,mex,24
1213,982,4561,27/04/2029,mx,47
1214,258,519,28/04/2029,mx,26
1215,979,4749,29/04/2029,mex,19
1216,1995,4380,30/04/2029,mx,36
1217,1805,3820,01/05/2029,mx,43
1218,683,2961,02/05/2029,México,48
1219,1250,2627,03/05/2029,mx,12
1220,189,2293,04/05/2029,México,50
1221,1636,3732,05/05/2029,México,35
1222,1056,4278,06/05/2029,México,24
1223,1981,2974,07/05/2029,mex,37
1224,1124,2699,08/05/2029,mx,22
1225,934,4295,09/05/2029,mex,1
1226,1897,526,10/05/2029,mx,29
1227,686,964,11/05/2029,mex,49
1228,1857,440,12/05/2029,México,9
1229,804,4824,13/05/2029,mx,24
1230,1166,3199,14/05/2029,mex,50
1231,1782,4327,15/05/2029,México,5
1232,1457,531,16/05/2029,mx,11
1233,1517,2309,17/05/2029,mx,34
1234,1070,3834,18/05/2029,mx,24
1235,819,3020,19/05/2029,mx,27
1236,464,1601,20/05/2029,México,3
1237,1,1378,21/05/2029,México,40
1238,374,2165,22/05/2029,México,31
1239,1356,2557,23/05/2029,México,49
1240,23,2534,24/05/2029,mex,43
1241,466,1869,25/05/2029,México,20
1242,878,1521,26/05/2029,México,4
1243,1671,352,27/05/2029,mx,6
1244,1840,4778,28/05/2029,México,37
1245,4,606,29/05/2029,mx,49
1246,1278,4501,30/05/2029,mx,25
1247,87,3150,31/05/2029,México,27
1248,1794,2282,01/06/2029,mx,23
1249,281,2056,02/06/2029,México,46
1250,1473,1608,03/06/2029,mx,39
1251,56,514,04/06/2029,México,12
1252,1863,630,05/06/2029,México,47
1253,36,1294,06/06/2029,México,7
1254,1516,904,07/06/2029,mex,21
1255,297,748,08/06/2029,México,27
1256,1008,3082,09/06/2029,mx,11
1257,238,1708,10/06/2029,mx,32
1258,125,4839,11/06/2029,México,1
1259,1789,3320,12/06/2029,México,32
1260,952,3892,13/06/2029,México,46
1261,792,3855,14/06/2029,México,17
1262,1000,762,15/06/2029,México,33
1263,1630,3668,16/06/2029,mex,1
1264,788,3632,17/06/2029,mx,8
1265,1264,1838,18/06/2029,México,12
1266,190,2698,19/06/2029,mx,13
1267,1730,2868,20/06/2029,mx,50
1268,1193,1238,21/06/2029,mx,17
1269,1727,1448,22/06/2029,mx,48
1270,216,2684,23/06/2029,México,40
1271,1515,238,24/06/2029,mx,12
1272,1936,2340,25/06/2029,México,41
1273,1301,2994,26/06/2029,mex,5
1274,1500,3446,27/06/2029,mex,6
1275,930,2168,28/06/2029,México,37
1276,879,1050,29/06/2029,mex,41
1277,1978,3329,30/06/2029,mex,30
1278,332,4691,01/07/2029,mx,50
1279,1641,1241,02/07/2029,mx,30
1280,1829,1218,03/07/2029,México,11
1281,1945,1346,04/07/2029,México,32
1282,1484,2818,05/07/2029,México,36
1283,1389,355,06/07/2029,México,28
1284,774,3352,07/07/2029,México,35
1285,404,2934,08/07/2029,México,35
1286,181,3615,09/07/2029,mx,42
1287,1041,4281,10/07/2029,mx,18
1288,1310,3170,11/07/2029,México,40
1289,266,958,12/07/2029,México,25
1290,340,2732,13/07/2029,mex,7
1291,138,2830,14/07/2029,México,11
1292,1453,2028,15/07/2029,México,24
1293,1497,2724,16/07/2029,mex,42
1294,729,2691,17/07/2029,México,28
1295,1280,389,18/07/2029,mx,23
1296,940,3597,19/07/2029,mex,27
1297,1861,860,20/07/2029,mex,50
1298,410,2877,21/07/2029,mx,35
1299,482,4422,22/07/2029,mx,33
1300,727,893,23/07/2029,México,41
1301,906,962,24/07/2029,mx,36
1302,18,2770,25/07/2029,México,40
1303,1383,2934,26/07/2029,mex,17
1304,1855,1968,27/07/2029,mex,11
1305,442,4265,28/07/2029,México,37
1306,1372,4963,29/07/2029,mex,16
1307,1170,4965,30/07/2029,México,39
1308,317,4521,31/07/2029,mx,14
1309,1146,2628,01/08/2029,mx,3
1310,281,1252,02/08/2029,mex,46
1311,662,2700,03/08/2029,México,48
1312,276,4403,04/08/2029,México,29
1313,1929,3103,05/08/2029,mx,15
1314,873,1769,06/08/2029,México,34
1315,1109,4325,07/08/2029,mx,39
1316,1333,4778,08/08/2029,mex,37
1317,471,4679,09/08/2029,mex,21
1318,471,3344,10/08/2029,mex,9
1319,1580,3556,11/08/2029,mx,14
1320,1273,684,12/08/2029,mx,30
1321,1616,1640,13/08/2029,mex,23
1322,319,4088,14/08/2029,México,43
1323,1925,2805,15/08/2029,mex,38
1324,1740,4370,16/08/2029,mx,42
1325,563,3075,17/08/2029,mx,29
1326,402,1243,18/08/2029,México,19
1327,1545,4219,19/08/2029,mex,35
1328,818,2798,20/08/2029,mx,27
1329,1306,3272,21/08/2029,mx,31
1330,1067,1559,22/08/2029,México,37
1331,922,4994,23/08/2029,mex,37
1332,1183,4692,24/08/2029,México,15
1333,1314,1994,25/08/2029,México,47
1334,239,2871,26/08/2029,mx,48
1335,678,248,27/08/2029,mx,33
1336,562,1877,28/08/2029,México,41
1337,50,2849,29/08/2029,mex,21
1338,272,3520,30/08/2029,mex,3
1339,248,438,31/08/2029,mex,41
1340,1448,3618,01/09/2029,México,12
1341,1620,1075,02/09/2029,mex,23
1342,6,2423,03/09/2029,México,36
1343,1439,3207,04/09/2029,México,20
1344,1724,2632,05/09/2029,México,22
1345,545,3311,06/09/2029,mex,30
1346,292,3117,07/09/2029,mex,11
1347,1150,125,08/09/2029,mex,9
1348,1955,1668,09/09/2029,mex,5
1349,388,1115,10/09/2029,mex,37
1350,900,4730,11/09/2029,mx,28
1351,622,3647,12/09/2029,mex,8
1352,1719,594,13/09/2029,México,42
1353,1978,3910,14/09/2029,mx,17
1354,1170,1333,15/09/2029,mx,19
1355,268,1144,16/09/2029,mex,23
1356,448,3113,17/09/2029,México,44
1357,50,826,18/09/2029,mx,24
1358,881,1604,19/09/2029,México,18
1359,1694,4760,20/09/2029,mx,7
1360,911,1639,21/09/2029,México,20
1361,1366,3485,22/09/2029,mx,33
1362,474,2900,23/09/2029,mex,20
1363,510,2398,24/09/2029,mx,3
1364,276,3010,25/09/2029,mx,13
1365,1910,601,26/09/2029,mx,19
1366,1984,2527,27/09/2029,mex,19
1367,1324,3752,28/09/2029,mx,46
1368,1220,3658,29/09/2029,mx,3
1369,1310,3267,30/09/2029,mex,47
1370,599,3844,01/10/2029,México,14
1371,1684,882,02/10/2029,mex,5
1372,244,829,03/10/2029,mex,16
1373,1841,630,04/10/2029,mx,49
1374,874,1547,05/10/2029,mx,46
1375,1095,3268,06/10/2029,México,26
1376,196,734,07/10/2029,mex,4
1377,934,850,08/10/2029,mx,11
1378,1172,4681,09/10/2029,mex,10
1379,1340,2437,10/10/2029,México,5
1380,369,724,11/10/2029,mx,46
1381,1962,2171,12/10/2029,México,43
1382,384,2542,13/10/2029,mex,41
1383,903,318,14/10/2029,mx,2
1384,781,2238,15/10/2029,mx,18
1385,803,4170,16/10/2029,México,31
1386,404,1955,17/10/2029,mex,36
1387,1373,3354,18/10/2029,mx,12
1388,175,308,19/10/2029,mx,17
1389,1259,105,20/10/2029,mex,5
1390,915,467,21/10/2029,México,31
1391,973,303,22/10/2029,mex,20
1392,823,4188,23/10/2029,mx,21
1393,1310,3700,24/10/2029,mx,14
1394,1808,1784,25/10/2029,mx,27
1395,1043,524,26/10/2029,México,41
1396,514,223,27/10/2029,mx,28
1397,1662,2778,28/10/2029,México,30
1398,737,966,29/10/2029,mex,9
1399,446,1956,30/10/2029,mex,48
1400,1161,2520,31/10/2029,México,26
1401,1133,2136,01/11/2029,México,34
1402,477,1793,02/11/2029,mex,37
1403,64,1449,03/11/2029,mex,37
1404,59,266,04/11/2029,mx,35
1405,810,4527,05/11/2029,mx,25
1406,924,4915,06/11/2029,mx,22
1407,474,2924,07/11/2029,mx,2
1408,1486,4723,08/11/2029,México,22
1409,851,4384,09/11/2029,mex,6
1410,1114,2052,10/11/2029,mex,4
1411,1914,922,11/11/2029,México,24
1412,1412,4080,12/11/2029,México,4
1413,1794,4070,13/11/2029,mex,12
1414,855,2765,14/11/2029,México,34
1415,200,4712,15/11/2029,México,9
1416,850,276,16/11/2029,mx,42
1417,815,1785,17/11/2029,mex,12
1418,96,3375,18/11/2029,mx,48
1419,630,2732,19/11/2029,mex,43
1420,1384,3751,20/11/2029,mx,47
1421,977,562,21/11/2029,México,6
1422,966,2858,22/11/2029,mx,31
1423,1914,2306,23/11/2029,mex,10
1424,5,2176,24/11/2029,mex,6
1425,340,2404,25/11/2029,mx,19
1426,1959,4105,26/11/2029,mex,17
1427,352,1793,27/11/2029,México,48
1428,1352,4659,28/11/2029,mex,20
1429,1848,2065,29/11/2029,México,31
1430,1310,2183,30/11/2029,México,40
1431,1670,1091,01/12/2029,mex,19
1432,475,2738,02/12/2029,México,1
1433,866,4384,03/12/2029,México,31
1434,1470,2414,04/12/2029,mx,16
1435,1204,331,05/12/2029,mex,23
1436,1912,4710,06/12/2029,México,39
1437,1900,490,07/12/2029,mex,16
1438,246,294,08/12/2029,mex,49
1439,296,4023,09/12/2029,México,41
1440,446,3428,10/12/2029,mex,37
1441,643,2380,11/12/2029,mex,2
1442,1722,2543,12/12/2029,mx,15
1443,1120,2589,13/12/2029,mex,38
1444,1980,3346,14/12/2029,mex,29
1445,1064,3298,15/12/2029,mx,23
1446,96,2003,16/12/2029,mx,35
1447,1459,2512,17/12/2029,mx,46
1448,334,3693,18/12/2029,mx,11
1449,603,1559,19/12/2029,mx,7
1450,1689,1269,20/12/2029,mx,37
1451,952,261,21/12/2029,mex,48
1452,1964,308,22/12/2029,mex,22
1453,1762,4359,23/12/2029,mex,1
1454,1527,259,24/12/2029,México,50
1455,976,2121,25/12/2029,mx,29
1456,1021,579,26/12/2029,mx,2
1457,1550,356,27/12/2029,mx,28
1458,257,959,28/12/2029,mx,42
1459,965,1082,29/12/2029,mx,5
1460,815,4659,30/12/2029,mex,46
1461,1275,3045,31/12/2029,mx,28
1462,1556,1568,01/01/2030,mx,15
1463,388,4997,02/01/2030,México,4
1464,1138,1490,03/01/2030,México,24
1465,244,3062,04/01/2030,mex,21
1466,462,4402,05/01/2030,México,7
1467,19,2072,06/01/2030,mex,38
1468,1655,3507,07/01/2030,México,35
1469,1398,560,08/01/2030,México,47
1470,133,2265,09/01/2030,mex,33
1471,750,1825,10/01/2030,México,6
1472,1833,755,11/01/2030,mex,20
1473,1661,2825,12/01/2030,mex,17
1474,468,1011,13/01/2030,mex,16
1475,741,4923,14/01/2030,mex,34
1476,1077,2588,15/01/2030,mex,26
1477,1183,3606,16/01/2030,mx,18
1478,1528,2561,17/01/2030,México,12
1479,1586,3119,18/01/2030,mex,27
1480,1433,203,19/01/2030,México,25
1481,1442,2564,20/01/2030,mex,11
1482,448,4056,21/01/2030,mx,29
1483,1671,3216,22/01/2030,México,25
1484,1772,1289,23/01/2030,mx,20
1485,1016,4543,24/01/2030,mex,42
1486,447,4513,25/01/2030,México,25
1487,347,2306,26/01/2030,México,39
1488,1177,1930,27/01/2030,mex,8
1489,1826,3419,28/01/2030,mx,50
1490,694,2594,29/01/2030,mx,47
1491,1667,2512,30/01/2030,mx,34
1492,311,4296,31/01/2030,mx,31
1493,1950,414,01/02/2030,México,36
1494,1330,2951,02/02/2030,mex,21
1495,615,3563,03/02/2030,México,31
1496,274,4527,04/02/2030,mx,41
1497,209,988,05/02/2030,México,31
1498,1736,1372,06/02/2030,mex,25
1499,1552,3255,07/02/2030,mx,16
1500,1532,3018,08/02/2030,mx,32
1501,1706,4382,09/02/2030,México,40
1502,751,3116,10/02/2030,mx,34
1503,1542,3874,11/02/2030,mex,22
1504,1626,3965,12/02/2030,México,13
1505,1703,3525,13/02/2030,México,1
1506,142,3990,14/02/2030,mex,39
1507,1933,4419,15/02/2030,mx,16
1508,1827,4859,16/02/2030,México,1
1509,1012,3660,17/02/2030,mx,34
1510,955,674,18/02/2030,México,39
1511,1418,1427,19/02/2030,mx,20
1512,1472,2799,20/02/2030,mex,2
1513,1053,2112,21/02/2030,México,30
1514,1442,2861,22/02/2030,mex,20
1515,1269,4923,23/02/2030,mx,29
1516,671,3068,24/02/2030,México,28
1517,257,4551,25/02/2030,México,9
1518,1690,2388,26/02/2030,mx,23
1519,740,4555,27/02/2030,mex,9
1520,1974,2046,28/02/2030,mx,3
1521,1162,139,01/03/2030,mx,4
1522,1684,1143,02/03/2030,mx,45
1523,906,2016,03/03/2030,México,30
1524,1757,1661,04/03/2030,mex,43
1525,415,1180,05/03/2030,mx,50
1526,285,687,06/03/2030,México,3
1527,959,1405,07/03/2030,mex,49
1528,349,4057,08/03/2030,México,13
1529,1852,4234,09/03/2030,mex,28
1530,1685,1737,10/03/2030,mx,32
1531,1069,4993,11/03/2030,mex,25
1532,1786,1009,12/03/2030,mx,41
1533,470,1501,13/03/2030,mex,13
1534,357,4462,14/03/2030,México,12
1535,373,4715,15/03/2030,mex,30
1536,828,631,16/03/2030,mex,49
1537,1815,878,17/03/2030,México,47
1538,563,4033,18/03/2030,mex,36
1539,1036,4644,19/03/2030,mx,15
1540,1706,2436,20/03/2030,mex,42
1541,347,2628,21/03/2030,México,41
1542,1925,4637,22/03/2030,México,40
1543,677,3421,23/03/2030,mex,24
1544,1115,3750,24/03/2030,México,27
1545,596,3842,25/03/2030,mx,3
1546,541,1530,26/03/2030,mex,40
1547,1130,1214,27/03/2030,México,39
1548,663,4573,28/03/2030,mx,2
1549,1961,2353,29/03/2030,mex,8
1550,431,1554,30/03/2030,México,46
1551,1325,3958,31/03/2030,mx,8
1552,1609,2872,01/04/2030,mx,50
1553,533,766,02/04/2030,mex,23
1554,32,4174,03/04/2030,México,6
1555,1747,4827,04/04/2030,mx,50
1556,1463,4412,05/04/2030,mex,19
1557,440,422,06/04/2030,México,11
1558,1306,244,07/04/2030,mx,18
1559,1403,2363,08/04/2030,México,39
1560,838,3621,09/04/2030,México,11
1561,1717,2070,10/04/2030,mx,43
1562,1385,2090,11/04/2030,mx,5
1563,1352,3083,12/04/2030,mx,2
1564,1769,3342,13/04/2030,México,50
1565,1263,1459,14/04/2030,México,13
1566,5,232,15/04/2030,México,25
1567,1468,4263,16/04/2030,mx,6
1568,1136,2363,17/04/2030,mex,3
1569,753,3734,18/04/2030,México,28
1570,1052,440,19/04/2030,mx,22
1571,1669,4950,20/04/2030,mx,25
1572,933,358,21/04/2030,mex,38
1573,103,3109,22/04/2030,mex,4
1574,1998,2396,23/04/2030,mex,26
1575,1913,802,24/04/2030,mex,36
1576,302,3983,25/04/2030,mex,15
1577,263,2956,26/04/2030,mx,9
1578,473,372,27/04/2030,mex,37
1579,1332,4616,28/04/2030,México,40
1580,487,218,29/04/2030,mx,45
1581,1476,4940,30/04/2030,México,32
1582,527,4291,01/05/2030,mx,30
1583,1134,2838,02/05/2030,México,4
1584,840,1982,03/05/2030,mex,32
1585,1657,1692,04/05/2030,mx,46
1586,1141,1651,05/05/2030,mx,11
1587,490,2186,06/05/2030,México,4
1588,656,2616,07/05/2030,México,2
1589,1713,4119,08/05/2030,mx,2
1590,1032,4526,09/05/2030,México,14
1591,1220,4214,10/05/2030,México,45
1592,508,4858,11/05/2030,mx,23
1593,408,1635,12/05/2030,mx,19
1594,1005,1744,13/05/2030,México,44
1595,829,1271,14/05/2030,México,7
1596,1627,4531,15/05/2030,México,10
1597,931,4621,16/05/2030,mex,4
1598,1991,1725,17/05/2030,México,33
1599,1729,1083,18/05/2030,México,27
1600,1383,4879,19/05/2030,mex,44
1601,874,3211,20/05/2030,mx,49
1602,1818,3476,21/05/2030,mx,43
1603,1976,1363,22/05/2030,México,26
1604,673,1049,23/05/2030,mx,38
1605,378,1016,24/05/2030,mex,37
1606,791,178,25/05/2030,México,8
1607,562,4249,26/05/2030,mx,10
1608,674,3356,27/05/2030,México,21
1609,932,2333,28/05/2030,México,33
1610,1527,4920,29/05/2030,mex,24
1611,1628,4566,30/05/2030,mex,46
1612,1448,4972,31/05/2030,México,38
1613,1031,2266,01/06/2030,México,23
1614,15,3901,02/06/2030,México,4
1615,1951,4026,03/06/2030,México,24
1616,905,3286,04/06/2030,México,31
1617,1467,1237,05/06/2030,mex,9
1618,1736,3562,06/06/2030,mx,36
1619,1272,4899,07/06/2030,mx,40
1620,1386,3516,08/06/2030,mx,12
1621,173,2880,09/06/2030,mx,23
1622,779,2622,10/06/2030,mex,8
1623,114,4372,11/06/2030,México,7
1624,1104,2028,12/06/2030,mx,38
1625,1853,3822,13/06/2030,mx,26
1626,1118,981,14/06/2030,México,48
1627,1385,1665,15/06/2030,mex,27
1628,271,4618,16/06/2030,mex,13
1629,1166,1019,17/06/2030,México,32
1630,1924,949,18/06/2030,México,40
1631,1215,3828,19/06/2030,México,49
1632,317,3934,20/06/2030,mx,10
1633,806,1764,21/06/2030,México,13
1634,1048,1634,22/06/2030,México,48
1635,1902,834,23/06/2030,mx,14
1636,1828,4184,24/06/2030,mex,6
1637,667,1796,25/06/2030,mx,1
1638,815,3678,26/06/2030,mx,44
1639,799,728,27/06/2030,mx,39
1640,1576,4693,28/06/2030,mx,20
1641,392,774,29/06/2030,mex,39
1642,1811,2677,30/06/2030,México,32
1643,688,3226,01/07/2030,México,20
1644,51,1409,02/07/2030,México,29
1645,766,1667,03/07/2030,México,28
1646,1492,2656,04/07/2030,México,30
1647,21,3002,05/07/2030,mex,30
1648,771,4301,06/07/2030,México,26
1649,784,4435,07/07/2030,México,3
1650,87,3754,08/07/2030,México,43
1651,1295,3910,09/07/2030,mx,7
1652,824,3524,10/07/2030,México,23
1653,1217,4209,11/07/2030,mx,35
1654,157,2072,12/07/2030,México,5
1655,148,1867,13/07/2030,México,42
1656,1890,3916,14/07/2030,mx,1
1657,449,4127,15/07/2030,mex,25
1658,1059,3095,16/07/2030,México,37
1659,1453,1011,17/07/2030,México,22
1660,879,1431,18/07/2030,mex,38
1661,1518,4805,19/07/2030,mx,11
1662,1729,4909,20/07/2030,mx,21
1663,1601,1445,21/07/2030,mx,48
1664,1409,177,22/07/2030,mex,24
1665,728,1433,23/07/2030,mx,24
1666,1352,697,24/07/2030,mx,17
1667,644,946,25/07/2030,mx,2
1668,1650,4393,26/07/2030,mx,50
1669,1310,4356,27/07/2030,México,34
1670,257,3852,28/07/2030,mx,13
1671,1698,1952,29/07/2030,mx,31
1672,1439,2148,30/07/2030,mex,15
1673,1646,3369,31/07/2030,mex,19
1674,1348,1589,01/08/2030,mex,39
1675,351,3624,02/08/2030,mx,7
1676,865,3260,03/08/2030,México,50
1677,775,2681,04/08/2030,mx,49
1678,1961,838,05/08/2030,mex,24
1679,1179,269,06/08/2030,mex,32
1680,239,912,07/08/2030,México,41
1681,1263,1609,08/08/2030,mx,2
1682,1575,3348,09/08/2030,mex,8
1683,1496,4112,10/08/2030,mx,32
1684,812,2877,11/08/2030,mex,40
1685,1534,2670,12/08/2030,mx,33
1686,509,437,13/08/2030,México,3
1687,1805,510,14/08/2030,mex,43
1688,1840,197,15/08/2030,México,34
1689,382,3745,16/08/2030,mex,10
1690,1023,3974,17/08/2030,mex,29
1691,1090,1101,18/08/2030,México,29
1692,758,3832,19/08/2030,mex,8
1693,1682,4585,20/08/2030,México,15
1694,576,664,21/08/2030,mx,31
1695,328,2441,22/08/2030,México,10
1696,27,271,23/08/2030,México,3
1697,1851,907,24/08/2030,mx,37
1698,835,3371,25/08/2030,México,6
1699,1985,4395,26/08/2030,México,48
1700,1464,993,27/08/2030,México,18
1701,1715,3580,28/08/2030,mx,24
1702,1345,2224,29/08/2030,México,27
1703,782,2361,30/08/2030,mx,37
1704,1868,1882,31/08/2030,mx,27
1705,501,4129,01/09/2030,mx,17
1706,714,3713,02/09/2030,México,13
1707,1292,3627,03/09/2030,México,26
1708,67,3712,04/09/2030,mex,14
1709,1687,210,05/09/2030,México,45
1710,1524,1794,06/09/2030,mex,16
1711,6,264,07/09/2030,mx,37
1712,916,3471,08/09/2030,México,17
1713,1946,4524,09/09/2030,México,11
1714,1791,1289,10/09/2030,mx,18
1715,579,1064,11/09/2030,mx,24
1716,1958,1045,12/09/2030,México,24
1717,929,3318,13/09/2030,México,36
1718,1992,3058,14/09/2030,México,39
1719,1118,2681,15/09/2030,mex,6
1720,1887,3926,16/09/2030,México,22
1721,53,4685,17/09/2030,México,34
1722,1082,3390,18/09/2030,mx,40
1723,362,3459,19/09/2030,mx,32
1724,1739,1853,20/09/2030,mex,2
1725,850,4438,21/09/2030,mx,40
1726,798,1591,22/09/2030,México,25
1727,1598,4503,23/09/2030,mx,35
1728,1794,3111,24/09/2030,México,31
1729,1964,1922,25/09/2030,mex,12
1730,1579,922,26/09/2030,mex,5
1731,129,436,27/09/2030,mx,43
1732,191,4897,28/09/2030,mx,2
1733,223,1485,29/09/2030,mx,20
1734,411,196,30/09/2030,México,32
1735,1392,4767,01/10/2030,México,31
1736,842,1663,02/10/2030,México,11
1737,1918,869,03/10/2030,mex,32
1738,1981,2479,04/10/2030,mx,33
1739,971,4142,05/10/2030,mex,10
1740,119,4555,06/10/2030,mx,9
1741,193,1954,07/10/2030,mex,14
1742,291,2762,08/10/2030,mx,48
1743,393,254,09/10/2030,mex,43
1744,1476,3124,10/10/2030,mx,4
1745,292,1528,11/10/2030,mex,45
1746,1994,3198,12/10/2030,México,19
1747,1357,3651,13/10/2030,mex,48
1748,998,1653,14/10/2030,mx,2
1749,1664,4917,15/10/2030,México,24
1750,1763,937,16/10/2030,mex,14
1751,916,4717,17/10/2030,mx,47
1752,1911,2380,18/10/2030,mex,49
1753,259,1823,19/10/2030,mx,19
1754,1739,368,20/10/2030,mx,39
1755,1763,184,21/10/2030,México,32
1756,858,1735,22/10/2030,mx,3
1757,1357,117,23/10/2030,mx,3
1758,850,2846,24/10/2030,mx,22
1759,1156,3020,25/10/2030,mex,26
1760,1190,3304,26/10/2030,mx,22
1761,734,3486,27/10/2030,mex,37
1762,733,2694,28/10/2030,México,16
1763,1589,1559,29/10/2030,México,2
1764,1741,1147,30/10/2030,mex,48
1765,997,4041,31/10/2030,México,23
1766,375,361,01/11/2030,mex,26
1767,757,4421,02/11/2030,mex,10
1768,9,622,03/11/2030,mex,14
1769,192,1757,04/11/2030,México,29
1770,1539,1333,05/11/2030,mx,23
1771,450,3826,06/11/2030,mex,15
1772,517,1400,07/11/2030,mx,7
1773,799,3580,08/11/2030,mx,47
1774,1334,1126,09/11/2030,mx,6
1775,1418,4476,10/11/2030,mex,34
1776,1610,1436,11/11/2030,México,2
1777,32,2154,12/11/2030,México,34
1778,501,1050,13/11/2030,México,50
1779,1570,911,14/11/2030,México,15
1780,1086,3283,15/11/2030,mx,50
1781,1805,4075,16/11/2030,México,39
1782,893,4588,17/11/2030,mex,41
1783,1215,1057,18/11/2030,mex,39
1784,602,1494,19/11/2030,mx,48
1785,1310,3475,20/11/2030,mx,15
1786,689,698,21/11/2030,mx,23
1787,969,3215,22/11/2030,mex,2
1788,594,2570,23/11/2030,México,50
1789,155,3406,24/11/2030,México,6
1790,1493,4948,25/11/2030,mx,37
1791,1304,2246,26/11/2030,mx,37
1792,1097,361,27/11/2030,mex,21
1793,1201,2760,28/11/2030,mx,6
1794,1052,4716,29/11/2030,mx,27
1795,1260,933,30/11/2030,México,27
1796,285,4470,01/12/2030,mex,44
1797,162,1669,02/12/2030,México,24
1798,533,2170,03/12/2030,mx,31
1799,2,3804,04/12/2030,México,37
1800,1293,4815,05/12/2030,México,14
1801,1704,4334,06/12/2030,México,17
1802,359,1387,07/12/2030,mex,23
1803,1332,1530,08/12/2030,México,15
1804,234,3575,09/12/2030,mex,33
1805,1541,2834,10/12/2030,México,44
1806,1780,1861,11/12/2030,mex,8
1807,731,1078,12/12/2030,mex,48
1808,541,2076,13/12/2030,mx,25
1809,388,3899,14/12/2030,México,18
1810,847,4823,15/12/2030,mex,31
1811,7,2522,16/12/2030,mx,40
1812,32,1842,17/12/2030,mex,20
1813,166,829,18/12/2030,mex,31
1814,459,633,19/12/2030,mex,43
1815,1777,799,20/12/2030,mx,43
1816,1726,1536,21/12/2030,mx,42
1817,397,458,22/12/2030,mx,50
1818,1630,4190,23/12/2030,mex,17
1819,534,3053,24/12/2030,México,31
1820,1008,4092,25/12/2030,mx,7
1821,502,3509,26/12/2030,mx,26
1822,1569,4806,27/12/2030,mex,23
1823,487,1752,28/12/2030,mex,35
1824,26,4272,29/12/2030,mx,12
1825,970,1311,30/12/2030,mx,44
1826,1447,368,31/12/2030,mx,49
1827,745,897,01/01/2031,mx,31
1828,649,3966,02/01/2031,mx,27
1829,1054,4192,03/01/2031,mx,32
1830,173,2180,04/01/2031,mex,35
1831,1586,3695,05/01/2031,México,50
1832,1431,3357,06/01/2031,México,36
1833,1619,2752,07/01/2031,México,41
1834,1676,2871,08/01/2031,México,12
1835,999,2844,09/01/2031,mex,15
1836,522,4852,10/01/2031,México,22
1837,1580,4840,11/01/2031,mx,29
1838,594,4494,12/01/2031,mex,25
1839,262,1646,13/01/2031,mex,6
1840,1039,4693,14/01/2031,México,7
1841,171,276,15/01/2031,mx,13
1842,1610,4228,16/01/2031,mex,33
1843,1438,1080,17/01/2031,mex,16
1844,1315,3909,18/01/2031,mex,8
1845,1075,4988,19/01/2031,México,40
1846,19,1328,20/01/2031,México,13
1847,228,192,21/01/2031,mex,15
1848,1995,2234,22/01/2031,México,21
1849,1664,2956,23/01/2031,México,1
1850,1960,1966,24/01/2031,México,46
1851,973,2842,25/01/2031,mx,29
1852,1284,4630,26/01/2031,mx,35
1853,1185,1097,27/01/2031,México,29
1854,1306,1360,28/01/2031,mex,50
1855,570,187,29/01/2031,México,45
1856,1069,4841,30/01/2031,México,11
1857,970,2408,31/01/2031,mx,48
1858,583,2031,01/02/2031,México,31
1859,1883,1228,02/02/2031,México,27
1860,1502,2526,03/02/2031,mex,19
1861,1551,1149,04/02/2031,México,32
1862,610,1129,05/02/2031,mex,25
1863,1211,1205,06/02/2031,mex,29
1864,599,115,07/02/2031,mex,9
1865,798,1346,08/02/2031,mx,38
1866,1113,3526,09/02/2031,mx,35
1867,428,3243,10/02/2031,mx,9
1868,399,3272,11/02/2031,mx,38
1869,293,2958,12/02/2031,mx,43
1870,894,3048,13/02/2031,México,16
1871,157,3735,14/02/2031,mx,24
1872,55,4753,15/02/2031,mex,36
1873,473,1686,16/02/2031,mex,45
1874,474,3031,17/02/2031,mx,15
1875,1692,4040,18/02/2031,mex,17
1876,1307,3487,19/02/2031,México,36
1877,1381,1127,20/02/2031,mx,40
1878,1160,3342,21/02/2031,mex,47
1879,1883,414,22/02/2031,mex,11
1880,825,4724,23/02/2031,México,11
1881,109,2313,24/02/2031,México,45
1882,3,1709,25/02/2031,México,19
1883,1084,881,26/02/2031,mex,1
1884,1713,3806,27/02/2031,mex,3
1885,1526,4519,28/02/2031,México,36
1886,1500,610,01/03/2031,mex,14
1887,931,3491,02/03/2031,mex,50
1888,1693,2017,03/03/2031,México,45
1889,1673,413,04/03/2031,mex,1
1890,1868,4819,05/03/2031,México,9
1891,1423,870,06/03/2031,mex,11
1892,564,3656,07/03/2031,México,47
1893,1160,1956,08/03/2031,México,4
1894,1567,1472,09/03/2031,mx,16
1895,292,3114,10/03/2031,mx,40
1896,170,3404,11/03/2031,mex,28
1897,919,3417,12/03/2031,mex,1
1898,1949,2494,13/03/2031,mex,4
1899,967,1750,14/03/2031,México,26
1900,1825,1301,15/03/2031,México,30
1901,24,4019,16/03/2031,mex,29
1902,1655,4377,17/03/2031,mex,5
1903,956,174,18/03/2031,México,6
1904,601,2107,19/03/2031,mx,29
1905,1274,4083,20/03/2031,mex,21
1906,1405,801,21/03/2031,mx,46
1907,1061,4400,22/03/2031,México,35
1908,448,2795,23/03/2031,México,26
1909,1357,2546,24/03/2031,mx,19
1910,35,327,25/03/2031,México,41
1911,245,1208,26/03/2031,México,1
1912,252,4749,27/03/2031,México,21
1913,931,3627,28/03/2031,mex,42
1914,298,3338,29/03/2031,mx,41
1915,613,2328,30/03/2031,mx,3
1916,1163,1738,31/03/2031,México,15
1917,1737,1938,01/04/2031,mex,9
1918,1704,1625,02/04/2031,mex,14
1919,438,2348,03/04/2031,mx,12
1920,1107,3690,04/04/2031,mx,24
1921,702,3581,05/04/2031,México,23
1922,1637,1691,06/04/2031,México,48
1923,1064,318,07/04/2031,México,33
1924,917,1150,08/04/2031,mex,35
1925,1475,2423,09/04/2031,mex,47
1926,50,2729,10/04/2031,mex,48
1927,1982,1396,11/04/2031,México,6
1928,1575,1991,12/04/2031,mex,24
1929,1514,2048,13/04/2031,México,33
1930,919,3547,14/04/2031,mex,30
1931,1182,3171,15/04/2031,mx,9
1932,1456,1267,16/04/2031,México,43
1933,114,1889,17/04/2031,México,20
1934,1749,2997,18/04/2031,mx,28
1935,275,4270,19/04/2031,mex,17
1936,1740,2002,20/04/2031,México,21
1937,1568,2188,21/04/2031,mex,34
1938,1046,914,22/04/2031,México,43
1939,961,1526,23/04/2031,mx,28
1940,729,4247,24/04/2031,mex,31
1941,1668,295,25/04/2031,México,34
1942,318,530,26/04/2031,mx,11
1943,1971,1450,27/04/2031,mx,49
1944,1123,312,28/04/2031,mex,35
1945,108,121,29/04/2031,México,18
1946,1980,4423,30/04/2031,mex,5
1947,1292,3113,01/05/2031,mex,24
1948,541,2803,02/05/2031,mex,35
1949,835,4361,03/05/2031,mx,36
1950,895,2766,04/05/2031,México,34
1951,1634,997,05/05/2031,mex,45
1952,799,2616,06/05/2031,mex,37
1953,960,1226,07/05/2031,México,33
1954,718,1776,08/05/2031,mex,45
1955,882,3333,09/05/2031,mx,36
1956,1445,3905,10/05/2031,mx,19
1957,303,2801,11/05/2031,mx,18
1958,965,618,12/05/2031,México,8
1959,1450,1054,13/05/2031,México,35
1960,1237,1666,14/05/2031,mx,15
1961,287,4230,15/05/2031,mx,8
1962,224,2917,16/05/2031,México,45
1963,1703,1086,17/05/2031,mex,20
1964,532,2760,18/05/2031,mex,30
1965,1325,877,19/05/2031,México,5
1966,1686,1599,20/05/2031,mx,28
1967,1341,3549,21/05/2031,mex,1
1968,386,2420,22/05/2031,México,18
1969,341,2943,23/05/2031,México,39
1970,1179,310,24/05/2031,mx,13
1971,865,3788,25/05/2031,mx,14
1972,246,3640,26/05/2031,México,26
1973,528,640,27/05/2031,mx,17
1974,1571,849,28/05/2031,mx,26
1975,1841,2194,29/05/2031,México,12
1976,1077,1890,30/05/2031,mex,9
1977,75,2526,31/05/2031,mx,41
1978,1772,3540,01/06/2031,mx,29
1979,717,4429,02/06/2031,México,7
1980,448,3289,03/06/2031,México,11
1981,211,2329,04/06/2031,mex,5
1982,1866,2179,05/06/2031,mex,28
1983,25,4184,06/06/2031,México,2
1984,1598,2235,07/06/2031,mex,10
1985,1624,3341,08/06/2031,México,2
1986,168,772,09/06/2031,mex,19
1987,504,3666,10/06/2031,mex,8
1988,1131,3275,11/06/2031,mx,26
1989,1227,4189,12/06/2031,mex,32
1990,176,2896,13/06/2031,mx,42
1991,1664,4331,14/06/2031,mex,28
1992,1977,1404,15/06/2031,México,2
1993,1950,3921,16/06/2031,mex,12
1994,288,4972,17/06/2031,mex,2
1995,97,546,18/06/2031,México,18
1996,175,1876,19/06/2031,mx,26
1997,361,3079,20/06/2031,México,20
1998,327,2070,21/06/2031,mx,13
1999,1199,3254,22/06/2031,México,44
2000,1445,4622,23/06/2031,mex,2
2001,1443,2644,24/06/2031,mex,4
2002,1428,1790,25/06/2031,México,2
2003,241,2882,26/06/2031,mex,50
2004,1349,4518,27/06/2031,México,35
2005,541,4193,28/06/2031,mex,39
2006,51,2611,29/06/2031,México,22
2007,853,3941,30/06/2031,México,32
2008,1640,4575,01/07/2031,mx,31
2009,1227,1507,02/07/2031,mex,23
2010,1401,2645,03/07/2031,mx,29
2011,1006,3536,04/07/2031,mex,28
2012,1361,1341,05/07/2031,México,10
2013,593,1411,06/07/2031,México,40
2014,891,4705,07/07/2031,México,11
2015,1933,1085,08/07/2031,México,43
2016,1810,3740,09/07/2031,mx,24
2017,1529,2904,10/07/2031,México,50
2018,121,3970,11/07/2031,México,30
2019,436,1339,12/07/2031,mx,23
2020,63,441,13/07/2031,mex,4
2021,814,1924,14/07/2031,mex,28
2022,105,2168,15/07/2031,mex,50
2023,1510,2614,16/07/2031,mx,37
2024,463,4615,17/07/2031,mex,13
2025,785,3644,18/07/2031,mx,22
2026,353,387,19/07/2031,mex,3
2027,986,4552,20/07/2031,mex,41
2028,1224,4568,21/07/2031,México,39
2029,1820,2388,22/07/2031,mx,42
2030,1189,1441,23/07/2031,mx,34
2031,379,2762,24/07/2031,México,43
2032,905,1454,25/07/2031,México,30
2033,423,3198,26/07/2031,México,3
2034,1995,3971,27/07/2031,México,3
2035,934,987,28/07/2031,México,1
2036,1402,1476,29/07/2031,mx,4
2037,1977,348,30/07/2031,México,9
2038,1127,634,31/07/2031,mex,44
2039,1778,3242,01/08/2031,mex,40
2040,1078,2800,02/08/2031,México,50
2041,1544,3219,03/08/2031,mex,34
2042,1951,1615,04/08/2031,mex,31
2043,1102,3262,05/08/2031,mx,31
2044,1484,2334,06/08/2031,México,30
2045,474,1843,07/08/2031,mex,33
2046,1214,308,08/08/2031,México,20
2047,900,2970,09/08/2031,mx,24
2048,1234,1445,10/08/2031,mx,19
2049,802,4437,11/08/2031,México,48
2050,738,124,12/08/2031,mex,23
2051,1339,1714,13/08/2031,México,8
2052,717,3259,14/08/2031,mex,18
2053,1199,4755,15/08/2031,mex,20
2054,1465,3250,16/08/2031,mx,49
2055,1220,3529,17/08/2031,mx,35
2056,1040,1674,18/08/2031,mx,30
2057,1306,2782,19/08/2031,mex,5
2058,933,2377,20/08/2031,México,31
2059,1274,1168,21/08/2031,México,5
2060,625,3430,22/08/2031,mx,18
2061,623,1261,23/08/2031,mx,11
2062,1231,1224,24/08/2031,México,17
2063,1396,3135,25/08/2031,mex,24
2064,775,1635,26/08/2031,México,42
2065,1984,4100,27/08/2031,mx,5
2066,1539,2519,28/08/2031,mex,42
2067,1430,4759,29/08/2031,México,14
2068,484,3680,30/08/2031,mx,11
2069,57,286,31/08/2031,mx,13
2070,927,4477,01/09/2031,mx,27
2071,1463,2712,02/09/2031,mex,10
2072,55,2238,03/09/2031,México,27
2073,1985,555,04/09/2031,mx,26
2074,1838,2690,05/09/2031,México,4
2075,711,2786,06/09/2031,mex,40
2076,829,1158,07/09/2031,mex,21
2077,1719,418,08/09/2031,mex,46
2078,1355,3146,09/09/2031,mex,33
2079,355,964,10/09/2031,mex,47
2080,1833,1671,11/09/2031,mx,35
2081,858,2437,12/09/2031,mx,22
2082,1724,131,13/09/2031,México,24
2083,1989,3430,14/09/2031,mex,9
2084,559,1035,15/09/2031,mex,10
2085,1303,4704,16/09/2031,México,22
2086,1739,1067,17/09/2031,México,23
2087,1557,2456,18/09/2031,mex,3
2088,671,1027,19/09/2031,mex,1
2089,804,2764,20/09/2031,mx,10
2090,1773,258,21/09/2031,México,49
2091,1840,3289,22/09/2031,mex,19
2092,1511,3257,23/09/2031,México,34
2093,378,361,24/09/2031,México,15
2094,1429,3646,25/09/2031,mx,46
2095,527,125,26/09/2031,México,27
2096,187,1695,27/09/2031,mx,5
2097,637,3988,28/09/2031,México,49
2098,1520,4906,29/09/2031,México,48
2099,1661,2938,30/09/2031,mex,14
2100,1911,1149,01/10/2031,México,6
2101,1500,2786,02/10/2031,México,23
2102,123,1188,03/10/2031,mx,43
2103,1926,3072,04/10/2031,mx,17
2104,591,3706,05/10/2031,mex,36
2105,466,3173,06/10/2031,mx,1
2106,1232,4070,07/10/2031,mx,13
2107,484,489,08/10/2031,mex,31
2108,1779,1223,09/10/2031,México,37
2109,178,3526,10/10/2031,México,15
2110,561,2528,11/10/2031,mex,36
2111,1345,4034,12/10/2031,mex,41
2112,1655,1329,13/10/2031,mx,24
2113,1963,1098,14/10/2031,mex,34
2114,169,1470,15/10/2031,México,23
2115,832,1015,16/10/2031,mx,24
2116,1016,4624,17/10/2031,mex,24
2117,982,4414,18/10/2031,México,48
2118,143,1637,19/10/2031,mx,23
2119,1659,3095,20/10/2031,mx,3
2120,1370,304,21/10/2031,mex,28
2121,74,4642,22/10/2031,mx,34
2122,702,3675,23/10/2031,mx,25
2123,1518,2565,24/10/2031,mx,45
2124,319,3458,25/10/2031,mex,5
2125,1307,2563,26/10/2031,México,29
2126,1465,4783,27/10/2031,mx,39
2127,1924,822,28/10/2031,México,11
2128,426,1626,29/10/2031,mx,18
2129,1530,4515,30/10/2031,México,49
2130,736,2600,31/10/2031,México,8
2131,1884,2183,01/11/2031,México,3
2132,1514,4848,02/11/2031,mex,12
2133,410,433,03/11/2031,mx,13
2134,994,3853,04/11/2031,mex,12
2135,284,3368,05/11/2031,mex,48
2136,481,4087,06/11/2031,mex,29
2137,294,2583,07/11/2031,mex,32
2138,920,3355,08/11/2031,mex,9
2139,478,4303,09/11/2031,mx,9
2140,1090,243,10/11/2031,mx,35
2141,1068,4632,11/11/2031,mex,34
2142,1851,1541,12/11/2031,mx,39
2143,430,4608,13/11/2031,mex,23
2144,1577,911,14/11/2031,México,32
2145,1703,1123,15/11/2031,México,40
2146,535,1222,16/11/2031,mx,1
2147,56,3532,17/11/2031,mx,48
2148,1175,2436,18/11/2031,mx,41
2149,1053,4806,19/11/2031,mex,28
2150,1791,1621,20/11/2031,mex,39
2151,349,820,21/11/2031,mx,7
2152,1051,2999,22/11/2031,México,14
2153,625,4681,23/11/2031,México,32
2154,1848,4350,24/11/2031,mx,26
2155,719,2608,25/11/2031,México,38
2156,279,3130,26/11/2031,mex,23
2157,1969,3806,27/11/2031,mx,13
2158,178,962,28/11/2031,mex,2
2159,226,3692,29/11/2031,mex,42
2160,1942,4698,30/11/2031,México,23
2161,289,996,01/12/2031,México,8
2162,1054,3285,02/12/2031,mex,20
2163,752,3787,03/12/2031,México,25
2164,993,356,04/12/2031,mx,7
2165,1145,4919,05/12/2031,México,30
2166,1862,4694,06/12/2031,mex,23
2167,1009,1440,07/12/2031,México,37
2168,992,3993,08/12/2031,mx,39
2169,391,4663,09/12/2031,mex,1
2170,96,1816,10/12/2031,México,41
2171,254,1721,11/12/2031,mx,9
2172,910,4231,12/12/2031,mex,48
2173,1822,3384,13/12/2031,mx,31
2174,1967,1225,14/12/2031,México,25
2175,1991,4051,15/12/2031,México,48
2176,1122,245,16/12/2031,México,29
2177,1476,4064,17/12/2031,mex,14
2178,1161,2950,18/12/2031,mx,48
2179,6,3286,19/12/2031,México,37
2180,1162,1076,20/12/2031,mex,48
2181,1794,2361,21/12/2031,México,16
2182,82,312,22/12/2031,mx,18
2183,962,362,23/12/2031,mex,21
2184,444,3844,24/12/2031,mx,9
2185,1238,1380,25/12/2031,mx,38
2186,704,4859,26/12/2031,mx,39
2187,236,1332,27/12/2031,mex,3
2188,570,2848,28/12/2031,mex,30
2189,861,266,29/12/2031,mex,15
2190,1726,4018,30/12/2031,mex,36
2191,1529,930,31/12/2031,México,43
2192,151,4040,01/01/2032,México,35
2193,1713,3139,02/01/2032,mx,37
2194,174,953,03/01/2032,México,42
2195,1560,1594,04/01/2032,mx,5
2196,1876,3572,05/01/2032,mx,39
2197,1915,3278,06/01/2032,México,43
2198,1772,3227,07/01/2032,México,11
2199,566,3598,08/01/2032,México,7
2200,600,1572,09/01/2032,mx,24
2201,1147,3263,10/01/2032,México,8
2202,1594,2789,11/01/2032,mex,14
2203,1760,2752,12/01/2032,mex,33
2204,1533,3420,13/01/2032,mx,35
2205,1267,2757,14/01/2032,mex,21
2206,217,273,15/01/2032,mex,39
2207,1856,1369,16/01/2032,mex,10
2208,1028,2898,17/01/2032,mex,47
2209,1642,2926,18/01/2032,México,13
2210,1464,3098,19/01/2032,mx,11
2211,60,1366,20/01/2032,México,26
2212,17,2940,21/01/2032,mx,50
2213,1883,653,22/01/2032,mx,4
2214,278,1118,23/01/2032,mx,43
2215,1077,1704,24/01/2032,mex,46
2216,1679,1217,25/01/2032,mx,43
2217,1490,1676,26/01/2032,mex,14
2218,1297,2064,27/01/2032,mx,1
2219,1516,4987,28/01/2032,mex,5
2220,839,2007,29/01/2032,mex,25
2221,1193,3437,30/01/2032,México,42
2222,1755,2679,31/01/2032,México,36
2223,314,3084,01/02/2032,México,25
2224,1560,3982,02/02/2032,México,45
2225,1516,1984,03/02/2032,mex,27
2226,276,3164,04/02/2032,México,3
2227,1274,404,05/02/2032,México,17
2228,621,4061,06/02/2032,México,29
2229,870,4241,07/02/2032,México,25
2230,489,1469,08/02/2032,mx,24
2231,46,1826,09/02/2032,mx,41
2232,1289,388,10/02/2032,México,33
2233,209,4850,11/02/2032,mex,2
2234,979,3123,12/02/2032,México,26
2235,876,424,13/02/2032,México,8
2236,906,4720,14/02/2032,mex,27
2237,310,2080,15/02/2032,México,20
2238,377,787,16/02/2032,mex,50
2239,1403,259,17/02/2032,mx,47
2240,1664,2228,18/02/2032,mx,47
2241,1681,2453,19/02/2032,México,26
2242,1174,3643,20/02/2032,mex,9
2243,1777,1485,21/02/2032,México,14
2244,577,3085,22/02/2032,México,13
2245,1327,4895,23/02/2032,mex,31
2246,508,4324,24/02/2032,mex,39
2247,208,1665,25/02/2032,mex,22
2248,384,3341,26/02/2032,mex,21
2249,427,2056,27/02/2032,mex,9
2250,751,4618,28/02/2032,mx,37
2251,1237,610,29/02/2032,mex,18
2252,446,2657,01/03/2032,mx,30
2253,152,828,02/03/2032,mex,34
2254,1586,3605,03/03/2032,mx,11
2255,125,401,04/03/2032,mx,41
2256,1400,4711,05/03/2032,mx,3
2257,1675,4298,06/03/2032,mx,39
2258,1966,4687,07/03/2032,mex,50
2259,1931,1673,08/03/2032,México,40
2260,108,4163,09/03/2032,mex,12
2261,1421,3911,10/03/2032,mx,34
2262,1009,4513,11/03/2032,mex,13
2263,676,3488,12/03/2032,mx,31
2264,1197,1444,13/03/2032,México,26
2265,1758,810,14/03/2032,mx,47
2266,1016,259,15/03/2032,mex,13
2267,635,2265,16/03/2032,mex,35
2268,17,3113,17/03/2032,mex,9
2269,1932,1406,18/03/2032,México,38
2270,31,3119,19/03/2032,México,40
2271,689,4648,20/03/2032,mex,30
2272,332,4455,21/03/2032,mx,44
2273,42,2729,22/03/2032,México,43
2274,1233,2961,23/03/2032,mex,45
2275,718,3290,24/03/2032,mx,42
2276,1889,4886,25/03/2032,México,11
2277,831,2103,26/03/2032,mx,19
2278,1316,1204,27/03/2032,mex,50
2279,1313,4260,28/03/2032,mex,49
2280,1600,828,29/03/2032,mex,24
2281,1890,3688,30/03/2032,mx,16
2282,1322,4548,31/03/2032,mex,2
2283,826,3958,01/04/2032,México,34
2284,832,589,02/04/2032,mx,49
2285,1363,2246,03/04/2032,México,15
2286,895,1914,04/04/2032,mx,43
2287,1579,875,05/04/2032,México,9
2288,775,2121,06/04/2032,mex,8
2289,1763,1817,07/04/2032,mex,20
2290,1447,3196,08/04/2032,mx,7
2291,629,1321,09/04/2032,México,37
2292,499,4743,10/04/2032,mex,48
2293,1571,4782,11/04/2032,México,6
2294,346,1194,12/04/2032,mex,30
2295,697,2322,13/04/2032,México,41
2296,276,939,14/04/2032,México,13
2297,301,1199,15/04/2032,mx,6
2298,730,3516,16/04/2032,México,12
2299,723,2775,17/04/2032,mx,24
2300,478,3429,18/04/2032,México,30
2301,1702,2580,19/04/2032,mx,28
2302,207,4711,20/04/2032,mex,6
2303,851,2262,21/04/2032,mex,34
2304,968,2385,22/04/2032,mx,33
2305,1696,3130,23/04/2032,México,3
2306,1970,3023,24/04/2032,México,40
2307,732,3101,25/04/2032,México,39
2308,1088,4891,26/04/2032,mex,38
2309,1613,1765,27/04/2032,México,29
2310,1220,3475,28/04/2032,mx,5
2311,1999,461,29/04/2032,mx,17
2312,1576,1822,30/04/2032,mex,48
2313,1896,2929,01/05/2032,México,37
2314,1142,4400,02/05/2032,México,13
2315,578,4014,03/05/2032,mex,24
2316,1894,2893,04/05/2032,mex,32
2317,616,916,05/05/2032,México,49
2318,731,263,06/05/2032,mex,36
2319,1238,2030,07/05/2032,México,30
2320,1777,867,08/05/2032,mex,14
2321,1559,2917,09/05/2032,mx,16
2322,1915,3125,10/05/2032,mex,8
2323,921,886,11/05/2032,mex,2
2324,78,4991,12/05/2032,México,4
2325,1615,4659,13/05/2032,mx,18
2326,944,2710,14/05/2032,México,47
2327,866,1845,15/05/2032,México,20
2328,995,1426,16/05/2032,mex,46
2329,944,4222,17/05/2032,mx,30
2330,74,461,18/05/2032,mx,36
2331,1287,1888,19/05/2032,mex,7
2332,695,4066,20/05/2032,México,9
2333,737,3638,21/05/2032,mex,43
2334,1114,835,22/05/2032,México,50
2335,1468,2081,23/05/2032,México,1
2336,657,2890,24/05/2032,México,32
2337,1658,1210,25/05/2032,mex,7
2338,392,1472,26/05/2032,mex,35
2339,1132,4099,27/05/2032,México,43
2340,165,4966,28/05/2032,México,7
2341,1422,1204,29/05/2032,México,25
2342,551,2543,30/05/2032,mx,23
2343,385,1932,31/05/2032,mx,8
2344,491,4957,01/06/2032,México,43
2345,1257,1405,02/06/2032,México,41
2346,1641,2400,03/06/2032,México,6
2347,1382,3997,04/06/2032,mx,35
2348,1031,3481,05/06/2032,mx,26
2349,375,4483,06/06/2032,mex,35
2350,1178,4420,07/06/2032,mx,35
2351,1143,3180,08/06/2032,mx,7
2352,1874,2239,09/06/2032,mx,30
2353,62,1946,10/06/2032,mx,11
2354,547,1776,11/06/2032,México,24
2355,1474,1123,12/06/2032,México,17
2356,299,3596,13/06/2032,mx,8
2357,43,2689,14/06/2032,mex,44
2358,286,2515,15/06/2032,México,3
2359,988,4111,16/06/2032,mx,32
2360,1489,4418,17/06/2032,México,3
2361,1579,833,18/06/2032,mx,34
2362,1745,502,19/06/2032,México,37
2363,198,4771,20/06/2032,mx,45
2364,1388,4564,21/06/2032,mex,36
2365,723,1833,22/06/2032,México,39
2366,1766,883,23/06/2032,mex,36
2367,184,4583,24/06/2032,mex,39
2368,778,4403,25/06/2032,mx,19
2369,1357,3608,26/06/2032,México,47
2370,260,4358,27/06/2032,México,26
2371,692,141,28/06/2032,mx,16
2372,161,2594,29/06/2032,mx,11
2373,1706,545,30/06/2032,mx,12
2374,1494,711,01/07/2032,México,35
2375,423,4228,02/07/2032,mx,36
2376,489,887,03/07/2032,mx,27
2377,196,1800,04/07/2032,mex,4
2378,1028,4526,05/07/2032,mex,34
2379,942,3847,06/07/2032,México,9
2380,492,441,07/07/2032,mex,21
2381,199,2960,08/07/2032,mex,15
2382,1476,3040,09/07/2032,mx,30
2383,230,1047,10/07/2032,mex,28
2384,38,3210,11/07/2032,México,25
2385,889,1140,12/07/2032,mx,14
2386,981,2295,13/07/2032,México,9
2387,160,829,14/07/2032,México,3
2388,1705,1213,15/07/2032,México,25
2389,273,1120,16/07/2032,mx,28
2390,1265,1093,17/07/2032,mex,9
2391,434,2450,18/07/2032,mx,11
2392,1646,4996,19/07/2032,México,3
2393,1840,3351,20/07/2032,mx,33
2394,1175,1783,21/07/2032,México,3
2395,429,272,22/07/2032,mx,33
2396,1601,3378,23/07/2032,mx,31
2397,1798,788,24/07/2032,México,19
2398,628,861,25/07/2032,México,17
2399,198,4724,26/07/2032,mx,38
2400,359,4518,27/07/2032,mx,13
2401,883,2638,28/07/2032,mex,50
2402,633,2018,29/07/2032,mex,49
2403,233,4789,30/07/2032,mex,48
2404,1830,280,31/07/2032,México,9
2405,627,839,01/08/2032,México,7
2406,1104,1704,02/08/2032,mex,5
2407,1462,385,03/08/2032,mx,8
2408,1211,847,04/08/2032,mex,3
2409,1451,3842,05/08/2032,México,46
2410,235,4056,06/08/2032,mx,36
2411,1611,2717,07/08/2032,mx,29
2412,1617,2255,08/08/2032,mx,43
2413,1435,915,09/08/2032,México,1
2414,435,3850,10/08/2032,mx,2
2415,104,1395,11/08/2032,México,12
2416,879,1990,12/08/2032,México,14
2417,238,2276,13/08/2032,mex,19
2418,1733,4050,14/08/2032,México,32
2419,1244,4732,15/08/2032,mex,1
2420,218,4556,16/08/2032,mex,41
2421,1428,3943,17/08/2032,México,45
2422,1626,4407,18/08/2032,mex,31
2423,452,2481,19/08/2032,México,43
2424,662,2143,20/08/2032,México,45
2425,1285,2015,21/08/2032,mex,4
2426,93,1376,22/08/2032,mx,28
2427,104,641,23/08/2032,mex,37
2428,1704,1409,24/08/2032,mex,18
2429,1586,434,25/08/2032,México,21
2430,36,3908,26/08/2032,mex,49
2431,1207,2135,27/08/2032,mex,10
2432,1015,3058,28/08/2032,mx,33
2433,1675,2854,29/08/2032,mex,39
2434,1108,3154,30/08/2032,mx,12
2435,424,3501,31/08/2032,mex,28
2436,834,725,01/09/2032,mx,27
2437,692,3274,02/09/2032,mx,8
2438,178,485,03/09/2032,mex,32
2439,764,4879,04/09/2032,mex,6
2440,1757,205,05/09/2032,mex,39
2441,995,2984,06/09/2032,mex,17
2442,315,2641,07/09/2032,México,47
2443,1954,4454,08/09/2032,mx,40
2444,6,4751,09/09/2032,mx,50
2445,781,2471,10/09/2032,México,16
2446,603,193,11/09/2032,México,41
2447,1490,3845,12/09/2032,mex,7
2448,579,393,13/09/2032,mex,35
2449,527,1501,14/09/2032,mx,28
2450,1416,3091,15/09/2032,México,50
2451,1618,686,16/09/2032,mex,24
2452,1940,2648,17/09/2032,México,28
2453,664,4769,18/09/2032,México,16
2454,490,3496,19/09/2032,México,46
2455,1092,3624,20/09/2032,México,7
2456,1658,4746,21/09/2032,mx,42
2457,660,320,22/09/2032,mex,43
2458,535,3745,23/09/2032,México,45
2459,1574,2036,24/09/2032,mex,39
2460,1140,1310,25/09/2032,mex,42
2461,89,2497,26/09/2032,mex,9
2462,15,2962,27/09/2032,México,9
2463,1743,1951,28/09/2032,mx,35
2464,279,3456,29/09/2032,mx,16
2465,1949,3541,30/09/2032,mex,6
2466,557,117,01/10/2032,mx,32
2467,1439,4693,02/10/2032,mex,4
2468,134,2550,03/10/2032,mex,22
2469,665,3693,04/10/2032,México,17
2470,501,4871,05/10/2032,mx,48
2471,1299,4850,06/10/2032,México,35
2472,870,1442,07/10/2032,México,42
2473,829,3942,08/10/2032,México,18
2474,1546,4135,09/10/2032,mex,30
2475,1610,3726,10/10/2032,mx,7
2476,1769,3521,11/10/2032,mx,34
2477,1949,4582,12/10/2032,mex,16
2478,1695,3455,13/10/2032,México,36
2479,1831,2458,14/10/2032,México,31
2480,1571,919,15/10/2032,mex,49
2481,1361,194,16/10/2032,mex,1
2482,827,609,17/10/2032,mx,19
2483,1020,1851,18/10/2032,mx,43
2484,1208,630,19/10/2032,México,19
2485,1111,2290,20/10/2032,México,1
2486,1301,3488,21/10/2032,México,19
2487,911,3080,22/10/2032,mex,43
2488,1148,4473,23/10/2032,México,39
2489,389,113,24/10/2032,México,46
2490,1529,2994,25/10/2032,mex,8
2491,247,3309,26/10/2032,mex,42
2492,467,1513,27/10/2032,mx,15
2493,969,1722,28/10/2032,mex,4
2494,1867,146,29/10/2032,mx,22
2495,306,3242,30/10/2032,México,26
2496,999,2001,31/10/2032,mex,8
2497,1006,2290,01/11/2032,mx,13
2498,362,1657,02/11/2032,México,11
2499,1482,4841,03/11/2032,mex,49
2500,76,4895,04/11/2032,mex,49
2501,769,2344,05/11/2032,mex,3
2502,861,4784,06/11/2032,mex,33
2503,1079,4921,07/11/2032,mex,35
2504,1299,2239,08/11/2032,mex,49
2505,1854,4918,09/11/2032,mx,2
2506,136,893,10/11/2032,México,47
2507,588,4904,11/11/2032,mx,27
2508,289,2123,12/11/2032,mex,30
2509,1180,1998,13/11/2032,mx,18
2510,1824,1638,14/11/2032,mx,34
2511,1359,3073,15/11/2032,México,29
2512,801,126,16/11/2032,mx,9
2513,532,4316,17/11/2032,mex,32
2514,1683,577,18/11/2032,México,24
2515,1538,1243,19/11/2032,mex,49
2516,1210,4156,20/11/2032,México,21
2517,1459,2305,21/11/2032,mx,33
2518,1676,170,22/11/2032,México,39
2519,1226,554,23/11/2032,mex,38
2520,1266,3499,24/11/2032,México,46
2521,299,3958,25/11/2032,mx,30
2522,1008,4480,26/11/2032,mex,19
2523,47,2085,27/11/2032,México,32
2524,1597,4230,28/11/2032,mx,6
2525,818,4310,29/11/2032,México,18
2526,375,4112,30/11/2032,mx,2
2527,1871,4931,01/12/2032,mex,45
2528,1616,1060,02/12/2032,México,47
2529,977,3081,03/12/2032,mx,14
2530,1442,2446,04/12/2032,mx,38
2531,1714,1270,05/12/2032,mex,41
2532,181,1166,06/12/2032,México,27
2533,668,2661,07/12/2032,mx,47
2534,294,3849,08/12/2032,mx,18
2535,332,2776,09/12/2032,México,17
2536,89,3483,10/12/2032,mex,41
2537,597,3647,11/12/2032,México,48
2538,840,288,12/12/2032,México,40
2539,799,365,13/12/2032,México,49
2540,479,2709,14/12/2032,mx,36
2541,264,375,15/12/2032,mx,32
2542,1073,3318,16/12/2032,mex,5
2543,1256,3431,17/12/2032,mx,50
2544,1616,2921,18/12/2032,mx,29
2545,1942,2890,19/12/2032,mx,13
2546,959,2468,20/12/2032,mx,30
2547,1261,3105,21/12/2032,mx,16
2548,1522,870,22/12/2032,mx,18
2549,1444,4848,23/12/2032,México,9
2550,1822,2747,24/12/2032,mx,7
2551,691,1191,25/12/2032,mex,49
2552,1352,1140,26/12/2032,México,9
2553,30,4681,27/12/2032,mx,6
2554,500,3668,28/12/2032,México,8
2555,1399,2996,29/12/2032,México,33
2556,1689,2810,30/12/2032,México,1
2557,372,4574,31/12/2032,mx,22
2558,835,1429,01/01/2033,mx,50
2559,923,1746,02/01/2033,México,43
2560,617,3525,03/01/2033,México,2
2561,1744,3161,04/01/2033,mex,11
2562,570,4362,05/01/2033,mx,2
2563,1499,821,06/01/2033,mex,25
2564,862,1174,07/01/2033,mx,21
2565,168,4417,08/01/2033,mx,14
2566,286,1152,09/01/2033,mx,49
2567,1224,2361,10/01/2033,mex,32
2568,549,3195,11/01/2033,mx,9
2569,1912,2221,12/01/2033,mex,50
2570,353,2958,13/01/2033,mex,12
2571,644,3397,14/01/2033,mx,16
2572,591,4476,15/01/2033,mx,38
2573,1180,2880,16/01/2033,mex,17
2574,1242,3202,17/01/2033,mex,19
2575,272,2307,18/01/2033,México,46
2576,571,705,19/01/2033,México,17
2577,811,4757,20/01/2033,México,46
2578,1796,2820,21/01/2033,mex,36
2579,1800,1392,22/01/2033,México,29
2580,1970,3944,23/01/2033,México,4
2581,1680,498,24/01/2033,mex,47
2582,1058,548,25/01/2033,mex,19
2583,615,3405,26/01/2033,mex,5
2584,863,1367,27/01/2033,mx,26
2585,772,4072,28/01/2033,mx,37
2586,290,3831,29/01/2033,México,24
2587,253,1591,30/01/2033,mx,6
2588,1225,3224,31/01/2033,México,47
2589,1218,1724,01/02/2033,mex,28
2590,55,2825,02/02/2033,mx,13
2591,298,404,03/02/2033,México,9
2592,241,1040,04/02/2033,México,11
2593,43,4064,05/02/2033,mex,16
2594,834,1385,06/02/2033,México,28
2595,465,868,07/02/2033,mx,32
2596,1926,4524,08/02/2033,mx,17
2597,942,3963,09/02/2033,mx,48
2598,1102,2289,10/02/2033,mx,47
2599,764,4491,11/02/2033,mx,40
2600,365,1148,12/02/2033,México,22
2601,1505,1225,13/02/2033,mex,11
2602,1036,2391,14/02/2033,México,36
2603,49,2396,15/02/2033,mx,21
2604,197,1563,16/02/2033,mex,27
2605,551,1877,17/02/2033,mex,37
2606,1329,1645,18/02/2033,mx,10
2607,589,4818,19/02/2033,mex,30
2608,757,4471,20/02/2033,mex,13
2609,207,3418,21/02/2033,mx,36
2610,363,4265,22/02/2033,mex,18
2611,701,2186,23/02/2033,México,28
2612,717,4331,24/02/2033,mex,34
2613,1677,1122,25/02/2033,mex,29
2614,1208,2483,26/02/2033,mx,26
2615,106,4899,27/02/2033,México,13
2616,1309,1488,28/02/2033,mx,13
2617,1718,762,01/03/2033,mx,38
2618,1732,3173,02/03/2033,México,34
2619,1450,618,03/03/2033,México,45
2620,571,1890,04/03/2033,mex,28
2621,907,4159,05/03/2033,mex,5
2622,1463,524,06/03/2033,mex,27
2623,43,1478,07/03/2033,mex,11
2624,1027,3493,08/03/2033,mex,14
2625,1385,350,09/03/2033,mx,38
2626,1993,3959,10/03/2033,México,48
2627,1863,3763,11/03/2033,mx,37
2628,1812,4335,12/03/2033,México,44
2629,1248,1730,13/03/2033,México,24
2630,405,943,14/03/2033,México,33
2631,552,4759,15/03/2033,mex,37
2632,201,201,16/03/2033,mex,23
2633,1913,3132,17/03/2033,mex,41
2634,816,1671,18/03/2033,México,13
2635,1141,3058,19/03/2033,mex,16
2636,1079,2824,20/03/2033,mx,30
2637,962,4850,21/03/2033,mex,2
2638,886,1129,22/03/2033,mex,8
2639,1341,1797,23/03/2033,mx,38
2640,157,581,24/03/2033,mx,38
2641,1234,1726,25/03/2033,mex,10
2642,298,3069,26/03/2033,mex,29
2643,1065,207,27/03/2033,México,30
2644,812,4397,28/03/2033,México,38
2645,56,1637,29/03/2033,México,5
2646,180,2525,30/03/2033,mx,18
2647,828,4274,31/03/2033,México,10
2648,94,2818,01/04/2033,México,39
2649,573,1320,02/04/2033,mx,26
2650,334,2323,03/04/2033,mex,14
2651,917,1330,04/04/2033,México,26
2652,541,1571,05/04/2033,México,40
2653,576,2191,06/04/2033,mx,25
2654,1528,3545,07/04/2033,mx,22
2655,1413,3505,08/04/2033,mx,13
2656,1614,4376,09/04/2033,mex,11
2657,1752,3223,10/04/2033,mx,16
2658,1040,3835,11/04/2033,mx,8
2659,1279,3321,12/04/2033,México,27
2660,997,4693,13/04/2033,mx,23
2661,1226,3553,14/04/2033,mx,31
2662,235,4424,15/04/2033,mx,26
2663,580,4641,16/04/2033,mx,12
2664,496,3143,17/04/2033,México,23
2665,1821,2196,18/04/2033,México,48
2666,140,2633,19/04/2033,mx,8
2667,800,3550,20/04/2033,México,40
2668,1617,1185,21/04/2033,mx,31
2669,553,1953,22/04/2033,México,24
2670,1719,4479,23/04/2033,México,22
2671,545,3916,24/04/2033,México,35
2672,1383,1252,25/04/2033,mex,28
2673,1084,3937,26/04/2033,mex,10
2674,546,826,27/04/2033,México,4
2675,1679,4011,28/04/2033,mex,13
2676,1289,4201,29/04/2033,mx,46
2677,1427,1654,30/04/2033,México,33
2678,419,1746,01/05/2033,mx,37
2679,1799,3104,02/05/2033,México,22
2680,1654,2039,03/05/2033,mx,7
2681,475,2065,04/05/2033,México,40
2682,15,3240,05/05/2033,México,50
2683,1125,2181,06/05/2033,mx,35
2684,1809,1004,07/05/2033,mx,37
2685,648,2746,08/05/2033,mx,38
2686,11,2736,09/05/2033,mx,23
2687,1105,1443,10/05/2033,mx,29
2688,1609,3239,11/05/2033,mx,30
2689,1665,1415,12/05/2033,México,47
2690,728,4858,13/05/2033,mx,16
2691,455,4246,14/05/2033,mx,44
2692,576,966,15/05/2033,mx,5
2693,588,3894,16/05/2033,México,29
2694,1794,3730,17/05/2033,mx,50
2695,799,3760,18/05/2033,mx,41
2696,876,2628,19/05/2033,mex,2
2697,336,2838,20/05/2033,mex,28
2698,845,1279,21/05/2033,mx,24
2699,200,4246,22/05/2033,mx,24
2700,1061,488,23/05/2033,México,44
2701,1210,4479,24/05/2033,mex,26
2702,1018,444,25/05/2033,México,46
2703,884,3726,26/05/2033,mex,24
2704,1759,3157,27/05/2033,mx,27
2705,1084,670,28/05/2033,México,12
2706,1076,4372,29/05/2033,mx,27
2707,1964,3940,30/05/2033,México,29
2708,762,187,31/05/2033,mx,5
2709,1497,231,01/06/2033,México,5
2710,1824,2517,02/06/2033,México,10
2711,1043,4940,03/06/2033,México,6
2712,377,3618,04/06/2033,México,5
2713,1110,2353,05/06/2033,mex,32
2714,1977,1393,06/06/2033,mx,24
2715,1138,2582,07/06/2033,mx,36
2716,627,2976,08/06/2033,mex,31
2717,1994,1419,09/06/2033,mx,27
2718,936,2385,10/06/2033,México,6
2719,1333,1853,11/06/2033,mx,20
2720,1513,1347,12/06/2033,México,14
2721,1261,830,13/06/2033,México,19
2722,1387,2763,14/06/2033,México,8
2723,455,4766,15/06/2033,México,1
2724,1191,2328,16/06/2033,México,14
2725,1523,991,17/06/2033,mex,27
2726,747,1686,18/06/2033,México,33
2727,1160,1778,19/06/2033,mex,18
2728,604,1684,20/06/2033,mx,12
2729,473,4405,21/06/2033,mx,22
2730,426,2043,22/06/2033,México,46
2731,1482,4520,23/06/2033,mx,39
2732,1992,322,24/06/2033,México,23
2733,1229,4265,25/06/2033,mx,2
2734,56,1329,26/06/2033,México,25
2735,1853,4654,27/06/2033,mex,9
2736,657,1957,28/06/2033,mx,47
2737,860,218,29/06/2033,México,22
2738,168,3885,30/06/2033,mex,38
2739,389,2679,01/07/2033,mx,50
2740,921,3117,02/07/2033,mx,18
2741,1007,882,03/07/2033,mx,14
2742,478,1611,04/07/2033,México,24
2743,1279,1257,05/07/2033,mx,27
2744,1009,2742,06/07/2033,México,48
2745,1615,1235,07/07/2033,mex,5
2746,1603,3204,08/07/2033,mx,3
2747,1127,1297,09/07/2033,México,32
2748,341,4515,10/07/2033,mex,38
2749,100,1209,11/07/2033,México,13
2750,1229,790,12/07/2033,mex,28
2751,1091,260,13/07/2033,mex,45
2752,1785,1311,14/07/2033,México,4
2753,132,2902,15/07/2033,mex,50
2754,1900,1434,16/07/2033,mx,47
2755,893,385,17/07/2033,México,45
2756,261,1998,18/07/2033,mx,23
2757,517,2479,19/07/2033,México,3
2758,553,4348,20/07/2033,mex,15
2759,1451,3652,21/07/2033,México,7
2760,1647,3977,22/07/2033,México,1
2761,947,4074,23/07/2033,mx,20
2762,857,1028,24/07/2033,México,50
2763,1865,1327,25/07/2033,México,30
2764,1747,946,26/07/2033,mx,8
2765,332,1444,27/07/2033,mex,26
2766,1390,2799,28/07/2033,México,23
2767,1536,3786,29/07/2033,mx,25
2768,928,4365,30/07/2033,México,50
2769,530,242,31/07/2033,México,24
2770,1925,3994,01/08/2033,mex,3
2771,322,3592,02/08/2033,mex,43
2772,424,4201,03/08/2033,mex,7
2773,431,3817,04/08/2033,mex,40
2774,1895,3470,05/08/2033,México,7
2775,648,2688,06/08/2033,México,41
2776,605,1366,07/08/2033,México,5
2777,672,3210,08/08/2033,mx,22
2778,53,4369,09/08/2033,mx,37
2779,658,4162,10/08/2033,mex,2
2780,40,1332,11/08/2033,mx,12
2781,686,1132,12/08/2033,mex,11
2782,1723,301,13/08/2033,mex,16
2783,811,3140,14/08/2033,mex,43
2784,1808,3748,15/08/2033,mex,7
2785,1637,1382,16/08/2033,mx,37
2786,1537,1644,17/08/2033,México,16
2787,303,1123,18/08/2033,mex,40
2788,584,3476,19/08/2033,mx,9
2789,1223,2530,20/08/2033,mx,46
2790,1551,1705,21/08/2033,mex,10
2791,210,4417,22/08/2033,mex,7
2792,572,2862,23/08/2033,mex,22
2793,1328,3909,24/08/2033,México,22
2794,1071,4574,25/08/2033,México,14
2795,1079,4147,26/08/2033,mx,14
2796,1884,3788,27/08/2033,mex,39
2797,1057,3963,28/08/2033,México,35
2798,1898,2337,29/08/2033,mx,23
2799,1188,1752,30/08/2033,mx,1
2800,208,489,31/08/2033,México,26
2801,620,3852,01/09/2033,mex,36
2802,331,181,02/09/2033,mex,13
2803,603,3515,03/09/2033,mex,6
2804,1455,296,04/09/2033,mx,25
2805,913,276,05/09/2033,México,8
2806,725,1052,06/09/2033,México,24
2807,1203,3229,07/09/2033,mx,48
2808,1164,2509,08/09/2033,mex,34
2809,1689,4075,09/09/2033,México,47
2810,366,3581,10/09/2033,mex,27
2811,1157,1985,11/09/2033,mex,35
2812,1748,134,12/09/2033,mx,37
2813,1033,2733,13/09/2033,México,19
2814,342,390,14/09/2033,mx,16
2815,1873,4224,15/09/2033,México,28
2816,622,285,16/09/2033,mx,28
2817,1929,3504,17/09/2033,México,21
2818,1113,2908,18/09/2033,mex,15
2819,759,211,19/09/2033,mex,40
2820,535,3555,20/09/2033,México,41
2821,1145,2393,21/09/2033,mx,40
2822,726,1970,22/09/2033,México,17
2823,744,3335,23/09/2033,mx,44
2824,1246,1646,24/09/2033,mex,37
2825,1907,3759,25/09/2033,mx,10
2826,1707,3470,26/09/2033,México,43
2827,1917,3792,27/09/2033,mx,40
2828,953,1247,28/09/2033,mx,26
2829,1790,1943,29/09/2033,mex,36
2830,434,3341,30/09/2033,México,7
2831,916,367,01/10/2033,mex,43
2832,1312,234,02/10/2033,mex,36
2833,755,836,03/10/2033,mx,12
2834,538,1522,04/10/2033,mx,45
2835,382,1402,05/10/2033,México,13
2836,722,488,06/10/2033,mex,24
2837,426,622,07/10/2033,mex,48
2838,1527,800,08/10/2033,mex,22
2839,1298,3920,09/10/2033,mex,46
2840,969,2635,10/10/2033,mx,23
2841,121,1096,11/10/2033,México,44
2842,141,304,12/10/2033,mx,3
2843,1435,843,13/10/2033,mex,17
2844,1451,3214,14/10/2033,mex,15
2845,897,382,15/10/2033,mex,2
2846,1198,3967,16/10/2033,mex,8
2847,523,4171,17/10/2033,mex,16
2848,978,1471,18/10/2033,mx,7
2849,750,362,19/10/2033,mex,40
2850,1834,2900,20/10/2033,mex,38
2851,412,1082,21/10/2033,mex,21
2852,553,921,22/10/2033,mx,13
2853,1891,3153,23/10/2033,mex,44
2854,1754,496,24/10/2033,México,34
2855,1325,4559,25/10/2033,mx,21
2856,865,3241,26/10/2033,México,36
2857,1909,1408,27/10/2033,mex,46
2858,1151,3923,28/10/2033,mx,43
2859,1282,2728,29/10/2033,México,46
2860,1856,3963,30/10/2033,mex,25
2861,401,298,31/10/2033,mex,48
2862,253,3722,01/11/2033,mex,39
2863,379,559,02/11/2033,México,49
2864,350,1765,03/11/2033,México,4
2865,381,907,04/11/2033,México,15
2866,712,3228,05/11/2033,mx,11
2867,416,382,06/11/2033,mex,41
2868,1161,173,07/11/2033,mex,30
2869,923,2122,08/11/2033,mex,11
2870,1414,2930,09/11/2033,México,7
2871,492,2853,10/11/2033,México,13
2872,1930,1962,11/11/2033,mex,1
2873,1195,4591,12/11/2033,mex,34
2874,627,4831,13/11/2033,mex,47
2875,1267,386,14/11/2033,México,12
2876,601,4309,15/11/2033,mx,45
2877,456,2339,16/11/2033,mx,1
2878,1370,2980,17/11/2033,mex,17
2879,1501,340,18/11/2033,mex,20
2880,784,2346,19/11/2033,mex,7
2881,1933,4783,20/11/2033,mex,36
2882,1089,4180,21/11/2033,México,33
2883,1327,1738,22/11/2033,mx,17
2884,1398,658,23/11/2033,mex,22
2885,1581,2391,24/11/2033,mx,8
2886,592,1966,25/11/2033,mex,18
2887,1722,4969,26/11/2033,México,21
2888,576,2127,27/11/2033,mx,47
2889,9,2396,28/11/2033,México,13
2890,1279,667,29/11/2033,mex,9
2891,564,4529,30/11/2033,México,42
2892,1233,1893,01/12/2033,mx,42
2893,1594,1812,02/12/2033,mex,12
2894,1431,2423,03/12/2033,mex,48
2895,1433,3205,04/12/2033,México,41
2896,565,1445,05/12/2033,mex,14
2897,918,681,06/12/2033,mx,46
2898,1386,1254,07/12/2033,mex,16
2899,1822,1644,08/12/2033,México,22
2900,1551,326,09/12/2033,México,42
2901,359,105,10/12/2033,México,42
2902,1757,1653,11/12/2033,mex,42
2903,1203,730,12/12/2033,México,10
2904,1571,3655,13/12/2033,México,10
2905,421,1455,14/12/2033,México,42
2906,1002,4381,15/12/2033,mx,6
2907,3,530,16/12/2033,México,21
2908,1046,4804,17/12/2033,México,37
2909,1998,4472,18/12/2033,mx,49
2910,1816,3630,19/12/2033,mex,7
2911,698,1480,20/12/2033,mx,31
2912,1768,4590,21/12/2033,mex,43
2913,1362,1163,22/12/2033,México,33
2914,1507,4137,23/12/2033,mx,3
2915,117,355,24/12/2033,mx,29
2916,817,4941,25/12/2033,mex,9
2917,517,2785,26/12/2033,mex,34
2918,1584,3929,27/12/2033,mex,35
2919,1904,2385,28/12/2033,México,35
2920,1514,3289,29/12/2033,México,46
2921,444,424,30/12/2033,mex,47
2922,1798,4805,31/12/2033,mex,4
2923,485,3558,01/01/2034,mx,22
2924,373,987,02/01/2034,mex,21
2925,670,2808,03/01/2034,México,50
2926,1569,350,04/01/2034,México,21
2927,1135,2751,05/01/2034,mex,43
2928,1775,1850,06/01/2034,México,33
2929,647,4194,07/01/2034,mex,39
2930,628,4917,08/01/2034,mx,33
2931,15,4786,09/01/2034,mx,34
2932,136,241,10/01/2034,mx,30
2933,1001,1735,11/01/2034,México,8
2934,1435,3891,12/01/2034,México,39
2935,1154,195,13/01/2034,mx,43
2936,1529,3300,14/01/2034,México,8
2937,1972,1918,15/01/2034,mx,11
2938,1415,1256,16/01/2034,mex,43
2939,546,3151,17/01/2034,México,10
2940,1513,4699,18/01/2034,mx,38
2941,1513,3325,19/01/2034,mx,10
2942,1391,1775,20/01/2034,mx,47
2943,565,575,21/01/2034,mx,26
2944,172,3164,22/01/2034,mex,13
2945,1842,2589,23/01/2034,mex,8
2946,742,1366,24/01/2034,mx,18
2947,944,2803,25/01/2034,mx,30
2948,207,4846,26/01/2034,mex,49
2949,1431,571,27/01/2034,México,15
2950,100,4778,28/01/2034,mx,8
2951,450,4796,29/01/2034,mx,48
2952,1924,2636,30/01/2034,mx,43
2953,58,3611,31/01/2034,mx,2
2954,506,2794,01/02/2034,México,31
2955,1240,3221,02/02/2034,mx,39
2956,725,4891,03/02/2034,mx,23
2957,427,4423,04/02/2034,mex,23
2958,159,734,05/02/2034,mx,16
2959,1435,172,06/02/2034,México,14
2960,1245,4335,07/02/2034,mx,41
2961,878,4943,08/02/2034,mex,24
2962,1814,4924,09/02/2034,mex,23
2963,1528,1414,10/02/2034,mx,37
2964,466,187,11/02/2034,mx,22
2965,1226,1638,12/02/2034,México,32
2966,713,3484,13/02/2034,mex,12
2967,846,3766,14/02/2034,mex,2
2968,864,3731,15/02/2034,México,43
2969,716,330,16/02/2034,México,10
2970,1461,3270,17/02/2034,México,34
2971,1209,1268,18/02/2034,mx,41
2972,1655,2525,19/02/2034,mex,44
2973,1791,4043,20/02/2034,mx,2
2974,1914,3195,21/02/2034,mex,3
2975,1136,1418,22/02/2034,mx,18
2976,1845,4621,23/02/2034,mx,33
2977,387,1324,24/02/2034,México,9
2978,1997,2527,25/02/2034,México,22
2979,607,3396,26/02/2034,México,14
2980,916,310,27/02/2034,mex,22
2981,596,769,28/02/2034,mex,35
2982,1201,4225,01/03/2034,mex,31
2983,1301,3758,02/03/2034,México,37
2984,1313,4528,03/03/2034,México,5
2985,642,2514,04/03/2034,mx,5
2986,13,2651,05/03/2034,mx,8
2987,1622,3860,06/03/2034,mex,22
2988,391,2884,07/03/2034,México,14
2989,576,4511,08/03/2034,mex,43
2990,570,1068,09/03/2034,mex,6
2991,1745,1326,10/03/2034,mx,43
2992,1833,2694,11/03/2034,mx,23
2993,1030,921,12/03/2034,mx,50
2994,755,577,13/03/2034,mex,9
2995,1630,106,14/03/2034,mx,1
2996,559,3671,15/03/2034,mex,48
2997,1829,3344,16/03/2034,mex,34
2998,1367,4759,17/03/2034,México,36
2999,48,3489,18/03/2034,México,16
3000,727,1797,19/03/2034,mex,46
3001,1549,1786,20/03/2034,mex,34
3002,1448,1059,21/03/2034,mx,16
3003,1309,341,22/03/2034,mx,50
3004,1214,2652,23/03/2034,México,42
3005,1844,3266,24/03/2034,mex,42
3006,1744,4021,25/03/2034,mx,28
3007,888,4403,26/03/2034,mex,20
3008,1208,4451,27/03/2034,mx,14
3009,1494,1813,28/03/2034,mex,49
3010,912,679,29/03/2034,mx,17
3011,931,4785,30/03/2034,mx,17
3012,1095,2350,31/03/2034,mx,24
3013,1537,3373,01/04/2034,mx,11
3014,1623,1429,02/04/2034,México,33
3015,63,404,03/04/2034,mex,8
3016,1973,1320,04/04/2034,mex,2
3017,1505,3806,05/04/2034,México,9
3018,868,1622,06/04/2034,mx,40
3019,756,695,07/04/2034,mex,7
3020,601,3533,08/04/2034,mex,18
3021,1274,3468,09/04/2034,mex,24
3022,427,3707,10/04/2034,mex,47
3023,1800,2915,11/04/2034,mex,33
3024,665,1270,12/04/2034,mex,28
3025,783,1528,13/04/2034,mx,45
3026,1258,2927,14/04/2034,mex,47
3027,1420,1671,15/04/2034,mx,2
3028,70,2594,16/04/2034,mx,3
3029,453,1392,17/04/2034,mx,2
3030,1740,1740,18/04/2034,mx,5
3031,1728,4345,19/04/2034,mex,4
3032,722,4363,20/04/2034,mx,8
3033,1033,4438,21/04/2034,mx,10
3034,796,2690,22/04/2034,México,34
3035,706,4430,23/04/2034,mx,2
3036,56,1882,24/04/2034,mx,16
3037,341,616,25/04/2034,mx,24
3038,964,2295,26/04/2034,México,19
3039,549,244,27/04/2034,México,38
3040,1605,4468,28/04/2034,mex,21
3041,91,568,29/04/2034,mx,41
3042,661,2122,30/04/2034,México,25
3043,1127,794,01/05/2034,mex,49
3044,1928,2430,02/05/2034,mex,37
3045,1396,2093,03/05/2034,mx,33
3046,1489,972,04/05/2034,mx,42
3047,429,583,05/05/2034,mex,43
3048,1848,2454,06/05/2034,México,37
3049,921,2273,07/05/2034,mex,43
3050,1665,986,08/05/2034,México,48
3051,333,2437,09/05/2034,mx,6
3052,1406,4177,10/05/2034,México,4
3053,334,434,11/05/2034,México,30
3054,216,2549,12/05/2034,mx,11
3055,1534,2534,13/05/2034,mx,42
3056,1590,4389,14/05/2034,México,38
3057,1280,3703,15/05/2034,mx,46
3058,1247,1566,16/05/2034,México,3
3059,1229,2521,17/05/2034,México,22
3060,1025,3963,18/05/2034,mex,48
3061,469,3927,19/05/2034,mex,11
3062,872,1788,20/05/2034,México,6
3063,1428,4026,21/05/2034,mex,36
3064,1726,643,22/05/2034,mx,31
3065,325,1096,23/05/2034,México,26
3066,1194,2616,24/05/2034,mx,26
3067,1293,676,25/05/2034,mx,38
3068,1967,3262,26/05/2034,mx,25
3069,1248,2215,27/05/2034,México,5
3070,1946,4759,28/05/2034,mx,9
3071,513,3167,29/05/2034,México,24
3072,120,4345,30/05/2034,mex,21
3073,1204,1200,31/05/2034,mex,11
3074,1615,1698,01/06/2034,México,27
3075,320,1778,02/06/2034,México,46
3076,956,4084,03/06/2034,mx,1
3077,615,3927,04/06/2034,mex,38
3078,453,3804,05/06/2034,mex,35
3079,876,4010,06/06/2034,México,46
3080,1916,922,07/06/2034,mex,10
3081,1153,4300,08/06/2034,México,50
3082,56,1025,09/06/2034,mx,39
3083,910,2093,10/06/2034,mex,13
3084,544,3819,11/06/2034,mx,10
3085,221,2257,12/06/2034,mx,25
3086,1368,1580,13/06/2034,mx,11
3087,1186,4409,14/06/2034,México,29
3088,1561,2551,15/06/2034,mex,39
3089,752,331,16/06/2034,mx,45
3090,269,2985,17/06/2034,mex,50
3091,1131,932,18/06/2034,mx,4
3092,211,1987,19/06/2034,mx,37
3093,1567,648,20/06/2034,mex,28
3094,881,375,21/06/2034,México,1
3095,1437,4379,22/06/2034,mex,31
3096,1886,2715,23/06/2034,México,48
3097,1792,3437,24/06/2034,México,38
3098,1847,680,25/06/2034,mex,36
3099,455,1770,26/06/2034,mex,29
3100,1124,2591,27/06/2034,México,40
3101,361,3299,28/06/2034,mx,37
3102,1026,3974,29/06/2034,mx,10
3103,398,1415,30/06/2034,México,46
3104,672,3966,01/07/2034,mx,4
3105,273,4019,02/07/2034,México,46
3106,665,3894,03/07/2034,mex,29
3107,1586,317,04/07/2034,México,46
3108,1812,2381,05/07/2034,México,23
3109,188,1240,06/07/2034,mx,23
3110,1660,3605,07/07/2034,mx,43
3111,667,1227,08/07/2034,mex,25
3112,63,3613,09/07/2034,México,27
3113,55,3331,10/07/2034,México,3
3114,1671,2779,11/07/2034,mx,35
3115,721,3446,12/07/2034,mx,44
3116,39,1845,13/07/2034,mx,33
3117,1779,4105,14/07/2034,mex,2
3118,1854,2210,15/07/2034,mex,49
3119,302,1076,16/07/2034,mex,15
3120,715,3347,17/07/2034,mx,39
3121,825,2857,18/07/2034,México,27
3122,1369,4860,19/07/2034,mx,38
3123,1639,1259,20/07/2034,México,23
3124,1869,4631,21/07/2034,mex,1
3125,1596,477,22/07/2034,mx,14
3126,842,4592,23/07/2034,mx,40
3127,1974,1032,24/07/2034,México,25
3128,831,2942,25/07/2034,México,25
3129,1970,4700,26/07/2034,mx,3
3130,1877,2113,27/07/2034,mex,39
3131,28,108,28/07/2034,México,16
3132,685,1393,29/07/2034,mx,43
3133,877,1133,30/07/2034,mex,25
3134,804,2319,31/07/2034,México,40
3135,1256,1221,01/08/2034,mx,23
3136,1187,3316,02/08/2034,México,20
3137,842,678,03/08/2034,México,33
3138,938,4812,04/08/2034,mx,4
3139,233,3567,05/08/2034,mx,29
3140,1365,4074,06/08/2034,mx,45
3141,1685,421,07/08/2034,México,31
3142,1583,804,08/08/2034,mex,44
3143,1685,4216,09/08/2034,mx,30
3144,1314,3328,10/08/2034,México,28
3145,823,1429,11/08/2034,mex,44
3146,1251,3441,12/08/2034,mx,32
3147,863,1635,13/08/2034,México,22
3148,1788,3433,14/08/2034,México,4
3149,708,3115,15/08/2034,mex,27
3150,256,2460,16/08/2034,México,11
3151,681,4692,17/08/2034,mx,35
3152,1354,3734,18/08/2034,México,38
3153,509,2280,19/08/2034,mex,50
3154,743,2946,20/08/2034,mx,32
3155,1209,1765,21/08/2034,mx,24
3156,1552,3592,22/08/2034,México,38
3157,495,4768,23/08/2034,México,34
3158,2000,4792,24/08/2034,mx,16
3159,463,2809,25/08/2034,mex,39
3160,1061,964,26/08/2034,mx,33
3161,19,2208,27/08/2034,mex,48
3162,1044,561,28/08/2034,México,13
3163,1541,2770,29/08/2034,mex,5
3164,1398,978,30/08/2034,México,45
3165,1841,1751,31/08/2034,México,27
3166,239,2914,01/09/2034,México,17
3167,1861,4930,02/09/2034,mex,26
3168,244,3267,03/09/2034,mex,5
3169,1946,3353,04/09/2034,México,15
3170,441,1542,05/09/2034,mx,30
3171,420,1644,06/09/2034,mex,16
3172,1770,4017,07/09/2034,México,33
3173,568,4944,08/09/2034,México,18
3174,557,1257,09/09/2034,México,29
3175,276,3125,10/09/2034,mx,3
3176,1039,2024,11/09/2034,México,26
3177,271,3249,12/09/2034,México,16
3178,1071,2082,13/09/2034,mx,21
3179,1041,3443,14/09/2034,mex,27
3180,1757,2248,15/09/2034,mx,25
3181,1190,4948,16/09/2034,México,28
3182,489,3449,17/09/2034,mex,45
3183,337,4532,18/09/2034,mx,46
3184,991,1186,19/09/2034,mx,10
3185,39,1191,20/09/2034,México,13
3186,769,842,21/09/2034,México,27
3187,1268,1745,22/09/2034,México,10
3188,1317,3675,23/09/2034,mex,29
3189,951,3021,24/09/2034,mex,34
3190,976,276,25/09/2034,mex,17
3191,1936,1175,26/09/2034,mx,45
3192,1986,3177,27/09/2034,mx,50
3193,642,1177,28/09/2034,mx,45
3194,863,2705,29/09/2034,México,44
3195,1935,3555,30/09/2034,mex,23
3196,715,4467,01/10/2034,mex,21
3197,103,1033,02/10/2034,mx,47
3198,285,3550,03/10/2034,mex,9
3199,345,4356,04/10/2034,mx,14
3200,1360,2849,05/10/2034,mx,16
3201,1594,756,06/10/2034,mex,2
3202,1210,4137,07/10/2034,México,39
3203,1732,242,08/10/2034,México,40
3204,808,1951,09/10/2034,mx,27
3205,1486,717,10/10/2034,México,19
3206,1458,4008,11/10/2034,mex,15
3207,1405,2982,12/10/2034,México,38
3208,309,400,13/10/2034,mx,9
3209,560,1620,14/10/2034,mex,19
3210,1188,4761,15/10/2034,mx,46
3211,1395,3852,16/10/2034,México,13
3212,1778,4931,17/10/2034,México,5
3213,1987,2755,18/10/2034,mex,1
3214,1232,2633,19/10/2034,México,37
3215,1804,4886,20/10/2034,mex,46
3216,747,1154,21/10/2034,mex,22
3217,1529,4602,22/10/2034,mx,44
3218,1236,3727,23/10/2034,mex,47
3219,1922,3965,24/10/2034,México,47
3220,347,1541,25/10/2034,mex,47
3221,1228,164,26/10/2034,México,10
3222,1924,4559,27/10/2034,México,44
3223,1354,3386,28/10/2034,mex,34
3224,63,2833,29/10/2034,mx,31
3225,593,3659,30/10/2034,mx,19
3226,992,4681,31/10/2034,México,16
3227,2,1689,01/11/2034,mex,31
3228,867,172,02/11/2034,México,37
3229,1331,2987,03/11/2034,mex,13
3230,734,2483,04/11/2034,mex,45
3231,297,212,05/11/2034,México,41
3232,590,2538,06/11/2034,mx,44
3233,1282,3958,07/11/2034,mex,48
3234,1878,1444,08/11/2034,mex,20
3235,973,103,09/11/2034,mex,15
3236,381,1588,10/11/2034,mx,11
3237,1174,4775,11/11/2034,mx,7
3238,1570,1477,12/11/2034,México,5
3239,530,2929,13/11/2034,México,23
3240,668,3143,14/11/2034,mx,20
3241,1308,3033,15/11/2034,mx,18
3242,1197,346,16/11/2034,mex,2
3243,1983,4188,17/11/2034,mx,38
3244,1606,4323,18/11/2034,mx,34
3245,781,3925,19/11/2034,mex,28
3246,1566,4769,20/11/2034,mx,18
3247,1479,3813,21/11/2034,mx,14
3248,175,3742,22/11/2034,mex,28
3249,1787,2963,23/11/2034,mex,16
3250,678,3810,24/11/2034,mx,44
3251,416,2201,25/11/2034,mx,20
3252,897,2770,26/11/2034,mx,32
3253,1568,4398,27/11/2034,México,36
3254,1418,3841,28/11/2034,México,42
3255,1803,1819,29/11/2034,mex,14
3256,526,4902,30/11/2034,mex,24
3257,1853,3498,01/12/2034,México,11
3258,314,2805,02/12/2034,México,47
3259,1842,2871,03/12/2034,mx,43
3260,393,4892,04/12/2034,mex,8
3261,167,2898,05/12/2034,mex,18
3262,1037,2263,06/12/2034,México,36
3263,282,1237,07/12/2034,mex,50
3264,217,441,08/12/2034,mex,32
3265,373,1058,09/12/2034,mex,38
3266,158,4521,10/12/2034,mx,31
3267,774,2172,11/12/2034,mex,9
3268,239,2884,12/12/2034,México,35
3269,2000,1878,13/12/2034,mex,49
3270,757,3276,14/12/2034,México,14
3271,1867,4562,15/12/2034,mex,48
3272,391,4496,16/12/2034,mx,27
3273,1061,4911,17/12/2034,México,49
3274,562,4490,18/12/2034,mx,32
3275,1016,764,19/12/2034,México,38
3276,410,740,20/12/2034,mex,22
3277,1480,1351,21/12/2034,México,14
3278,609,4789,22/12/2034,México,25
3279,608,2571,23/12/2034,mx,36
3280,1200,703,24/12/2034,mex,27
3281,391,2816,25/12/2034,mx,28
3282,290,4018,26/12/2034,mx,16
3283,1927,1740,27/12/2034,mex,44
3284,1897,2786,28/12/2034,mx,50
3285,132,4586,29/12/2034,mex,32
3286,1570,3022,30/12/2034,México,15
3287,375,610,31/12/2034,mex,26
3288,1229,2024,01/01/2035,mex,18
3289,507,4645,02/01/2035,mx,32
3290,1810,4450,03/01/2035,mex,36
3291,172,2293,04/01/2035,mx,6
3292,1245,911,05/01/2035,mx,32
3293,751,154,06/01/2035,mex,17
3294,539,4730,07/01/2035,mex,50
3295,455,2632,08/01/2035,mx,20
3296,668,2262,09/01/2035,mx,50
3297,414,459,10/01/2035,México,9
3298,1155,1332,11/01/2035,mex,20
3299,1020,3269,12/01/2035,mx,31
3300,1430,1631,13/01/2035,mx,13
3301,1395,4831,14/01/2035,México,13
3302,1306,3815,15/01/2035,mex,31
3303,391,3164,16/01/2035,mx,12
3304,754,828,17/01/2035,México,6
3305,1342,4166,18/01/2035,mx,37
3306,1293,1781,19/01/2035,mex,16
3307,1789,2212,20/01/2035,México,24
3308,1335,3923,21/01/2035,mex,16
3309,1168,863,22/01/2035,mex,14
3310,1444,681,23/01/2035,mx,4
3311,1408,3218,24/01/2035,mx,13
3312,1826,2761,25/01/2035,México,7
3313,232,4530,26/01/2035,México,42
3314,1405,1009,27/01/2035,mx,50
3315,470,3157,28/01/2035,mex,30
3316,418,1544,29/01/2035,mex,33
3317,684,103,30/01/2035,mex,44
3318,847,1878,31/01/2035,mx,49
3319,1842,4011,01/02/2035,mex,22
3320,199,2069,02/02/2035,México,26
3321,1637,1004,03/02/2035,mx,37
3322,662,2802,04/02/2035,mx,16
3323,1304,2169,05/02/2035,mex,28
3324,14,366,06/02/2035,mex,6
3325,1006,1302,07/02/2035,mex,45
3326,376,528,08/02/2035,México,9
3327,1300,1869,09/02/2035,mx,19
3328,947,161,10/02/2035,mx,27
3329,582,2166,11/02/2035,México,15
3330,1843,661,12/02/2035,mex,33
3331,1654,222,13/02/2035,mex,43
3332,1926,1348,14/02/2035,mex,28
3333,786,976,15/02/2035,México,41
3334,1061,3244,16/02/2035,México,38
3335,530,1032,17/02/2035,mx,48
3336,1764,547,18/02/2035,México,29
3337,662,2719,19/02/2035,mex,2
3338,1143,1216,20/02/2035,México,45
3339,1666,537,21/02/2035,mex,1
3340,832,357,22/02/2035,México,41
3341,1436,4208,23/02/2035,mx,47
3342,623,1644,24/02/2035,mex,32
3343,1508,4945,25/02/2035,México,50
3344,1832,4883,26/02/2035,mx,18
3345,1122,4270,27/02/2035,México,30
3346,925,3552,28/02/2035,México,32
3347,13,2073,01/03/2035,mex,47
3348,734,574,02/03/2035,mex,6
3349,796,3853,03/03/2035,México,19
3350,30,2025,04/03/2035,México,8
3351,940,2098,05/03/2035,mx,42
3352,777,2785,06/03/2035,mx,30
3353,1079,2311,07/03/2035,mex,33
3354,249,2643,08/03/2035,mex,29
3355,1678,2789,09/03/2035,México,17
3356,937,3466,10/03/2035,mx,6
3357,1046,3239,11/03/2035,mex,38
3358,374,867,12/03/2035,mex,34
3359,1718,2018,13/03/2035,mx,21
3360,706,4105,14/03/2035,México,50
3361,1653,2529,15/03/2035,México,42
3362,10,4131,16/03/2035,mx,14
3363,994,1303,17/03/2035,mx,8
3364,1310,2151,18/03/2035,mx,11
3365,477,1689,19/03/2035,México,10
3366,1694,1985,20/03/2035,mex,22
3367,1378,1186,21/03/2035,mx,33
3368,290,1930,22/03/2035,mex,36
3369,588,3420,23/03/2035,México,33
3370,254,386,24/03/2035,México,5
3371,1096,3442,25/03/2035,mx,6
3372,1114,4625,26/03/2035,mex,16
3373,729,1692,27/03/2035,mex,34
3374,845,4671,28/03/2035,México,10
3375,1447,1367,29/03/2035,México,48
3376,1504,1859,30/03/2035,mx,9
3377,693,1106,31/03/2035,mx,47
3378,58,3659,01/04/2035,mex,13
3379,412,2039,02/04/2035,mx,5
3380,1592,3032,03/04/2035,mex,21
3381,1021,773,04/04/2035,México,5
3382,1670,3945,05/04/2035,México,35
3383,518,3616,06/04/2035,mex,36
3384,688,3321,07/04/2035,mex,6
3385,251,2645,08/04/2035,mx,36
3386,1744,2310,09/04/2035,México,45
3387,499,3488,10/04/2035,México,20
3388,1750,2137,11/04/2035,mex,18
3389,106,1854,12/04/2035,México,22
3390,918,704,13/04/2035,mx,30
3391,1845,986,14/04/2035,mex,5
3392,1063,1136,15/04/2035,mx,50
3393,7,4148,16/04/2035,mex,38
3394,474,2374,17/04/2035,México,50
3395,169,3626,18/04/2035,mex,3
3396,688,1400,19/04/2035,mx,21
3397,169,567,20/04/2035,mex,16
3398,652,3121,21/04/2035,mex,31
3399,1609,4747,22/04/2035,México,35
3400,1535,3649,23/04/2035,México,28
3401,492,3239,24/04/2035,mex,24
3402,1667,4792,25/04/2035,mx,49
3403,488,4180,26/04/2035,mx,39
3404,440,397,27/04/2035,mex,41
3405,1887,498,28/04/2035,México,8
3406,1655,692,29/04/2035,México,7
3407,1763,591,30/04/2035,México,14
3408,894,1009,01/05/2035,mx,13
3409,745,423,02/05/2035,México,5
3410,1499,1361,03/05/2035,mex,23
3411,1585,2224,04/05/2035,mex,49
3412,459,3500,05/05/2035,mex,46
3413,290,2766,06/05/2035,mex,15
3414,44,1071,07/05/2035,México,29
3415,730,3972,08/05/2035,mx,11
3416,1279,184,09/05/2035,México,21
3417,180,873,10/05/2035,México,39
3418,1882,1271,11/05/2035,mx,31
3419,1640,4436,12/05/2035,mex,28
3420,1825,4106,13/05/2035,mex,13
3421,843,4145,14/05/2035,México,47
3422,1241,1727,15/05/2035,México,19
3423,354,2527,16/05/2035,México,38
3424,1510,483,17/05/2035,mx,31
3425,898,1960,18/05/2035,mx,40
3426,1124,2141,19/05/2035,mx,4
3427,470,1422,20/05/2035,mex,22
3428,1143,1381,21/05/2035,mex,17
3429,591,1779,22/05/2035,México,21
3430,4,3246,23/05/2035,mx,14
3431,1789,4953,24/05/2035,México,45
3432,55,4681,25/05/2035,mx,38
3433,764,1881,26/05/2035,mx,4
3434,1152,2926,27/05/2035,mex,35
3435,1413,1996,28/05/2035,México,16
3436,1920,4019,29/05/2035,mex,41
3437,36,2207,30/05/2035,mex,9
3438,575,764,31/05/2035,mx,17
3439,1951,3709,01/06/2035,mex,14
3440,970,3522,02/06/2035,mex,17
3441,1379,471,03/06/2035,mex,28
3442,339,767,04/06/2035,mx,22
3443,665,3111,05/06/2035,México,22
3444,910,4843,06/06/2035,mx,11
3445,1270,2825,07/06/2035,México,3
3446,1327,1647,08/06/2035,mx,47
3447,1266,3360,09/06/2035,mex,41
3448,1554,3645,10/06/2035,mex,32
3449,134,3829,11/06/2035,mex,33
3450,1593,1203,12/06/2035,México,47
3451,80,2244,13/06/2035,mx,21
3452,1710,1797,14/06/2035,mex,45
3453,1075,4207,15/06/2035,México,12
3454,1434,3273,16/06/2035,México,42
3455,818,2654,17/06/2035,mx,8
3456,812,2234,18/06/2035,mx,31
3457,1221,1578,19/06/2035,mx,22
3458,1548,3764,20/06/2035,mex,46
3459,375,2299,21/06/2035,mex,38
3460,1214,2379,22/06/2035,mx,23
3461,667,4237,23/06/2035,México,32
3462,279,2319,24/06/2035,México,3
3463,708,2433,25/06/2035,México,29
3464,1008,3919,26/06/2035,México,1
3465,1991,4278,27/06/2035,México,40
3466,866,2512,28/06/2035,México,3
3467,840,3509,29/06/2035,México,27
3468,1615,3094,30/06/2035,México,32
3469,552,2510,01/07/2035,mx,48
3470,1599,629,02/07/2035,mex,17
3471,1024,3529,03/07/2035,mx,6
3472,746,2639,04/07/2035,mex,24
3473,754,2358,05/07/2035,México,31
3474,129,910,06/07/2035,mx,6
3475,1814,1853,07/07/2035,mx,38
3476,1449,1864,08/07/2035,mex,32
3477,479,2555,09/07/2035,México,43
3478,1910,2318,10/07/2035,mx,9
3479,1391,2891,11/07/2035,mx,15
3480,836,2139,12/07/2035,mx,2
3481,1125,758,13/07/2035,mex,33
3482,1461,3759,14/07/2035,mx,39
3483,151,1026,15/07/2035,mx,42
3484,1609,3192,16/07/2035,mex,19
3485,115,4427,17/07/2035,mx,21
3486,1588,4031,18/07/2035,México,12
3487,1553,1016,19/07/2035,mx,12
3488,1000,2191,20/07/2035,mex,10
3489,1400,412,21/07/2035,México,26
3490,1720,440,22/07/2035,mex,26
3491,1506,510,23/07/2035,mx,26
3492,1718,3007,24/07/2035,mx,43
3493,29,1029,25/07/2035,mx,9
3494,1216,3421,26/07/2035,mex,40
3495,1238,4917,27/07/2035,mex,28
3496,903,346,28/07/2035,México,21
3497,1152,3584,29/07/2035,mex,8
3498,1712,3583,30/07/2035,México,28
3499,1790,106,31/07/2035,mex,21
3500,431,3976,01/08/2035,mex,10
3501,539,4801,02/08/2035,México,35
3502,1342,858,03/08/2035,México,2
3503,172,4888,04/08/2035,mx,14
3504,1358,4020,05/08/2035,mx,4
3505,484,4179,06/08/2035,México,32
3506,1688,4174,07/08/2035,mex,34
3507,1091,3262,08/08/2035,mx,29
3508,510,1871,09/08/2035,mex,43
3509,1394,2116,10/08/2035,mex,17
3510,1992,4707,11/08/2035,México,42
3511,947,3630,12/08/2035,México,11
3512,792,3176,13/08/2035,mex,50
3513,1304,1492,14/08/2035,México,43
3514,1604,1914,15/08/2035,mx,29
3515,1699,2924,16/08/2035,mex,47
3516,1310,2744,17/08/2035,mex,2
3517,95,4669,18/08/2035,mx,18
3518,54,2369,19/08/2035,mex,13
3519,485,2269,20/08/2035,México,5
3520,514,3106,21/08/2035,México,24
3521,1591,252,22/08/2035,mx,16
3522,1542,3184,23/08/2035,mx,21
3523,636,2098,24/08/2035,mx,7
3524,318,1495,25/08/2035,mex,23
3525,1788,4726,26/08/2035,mx,22
3526,1635,2617,27/08/2035,mex,19
3527,456,2114,28/08/2035,mex,30
3528,1396,3781,29/08/2035,mex,46
3529,1505,722,30/08/2035,mex,16
3530,517,3977,31/08/2035,mex,45
3531,526,2453,01/09/2035,mex,16
3532,1298,4112,02/09/2035,mex,14
3533,1553,961,03/09/2035,mx,29
3534,767,2459,04/09/2035,mex,7
3535,1556,126,05/09/2035,mx,10
3536,1884,2825,06/09/2035,México,43
3537,72,707,07/09/2035,México,26
3538,830,1316,08/09/2035,México,47
3539,1901,1310,09/09/2035,mex,24
3540,646,2985,10/09/2035,mex,23
3541,1853,4981,11/09/2035,México,14
3542,1563,1682,12/09/2035,mex,40
3543,1037,1737,13/09/2035,mx,7
3544,518,1536,14/09/2035,mex,41
3545,1367,4187,15/09/2035,México,30
3546,1619,2823,16/09/2035,México,35
3547,1466,4993,17/09/2035,México,4
3548,762,2221,18/09/2035,México,16
3549,631,404,19/09/2035,México,2
3550,556,2167,20/09/2035,mex,29
3551,641,1470,21/09/2035,mex,45
3552,1143,788,22/09/2035,mex,10
3553,1563,2101,23/09/2035,mex,48
3554,273,988,24/09/2035,mex,3
3555,1945,4747,25/09/2035,México,48
3556,1153,1895,26/09/2035,mex,7
3557,153,3139,27/09/2035,mex,29
3558,1493,4034,28/09/2035,México,33
3559,1858,1868,29/09/2035,México,10
3560,153,2910,30/09/2035,mx,40
3561,1743,1872,01/10/2035,mex,10
3562,253,1559,02/10/2035,mex,48
3563,184,4289,03/10/2035,mex,4
3564,649,2089,04/10/2035,mex,15
3565,1898,267,05/10/2035,mx,16
3566,853,4632,06/10/2035,México,22
3567,1205,3159,07/10/2035,México,31
3568,1394,325,08/10/2035,México,28
3569,972,4884,09/10/2035,mex,30
3570,464,1445,10/10/2035,mx,7
3571,768,749,11/10/2035,México,15
3572,493,4662,12/10/2035,mex,50
3573,1227,1417,13/10/2035,mex,33
3574,1252,2214,14/10/2035,mex,16
3575,209,4944,15/10/2035,México,32
3576,1309,1669,16/10/2035,mx,36
3577,1144,2297,17/10/2035,México,22
3578,540,4987,18/10/2035,mex,19
3579,1650,3688,19/10/2035,México,42
3580,189,3383,20/10/2035,mex,44
3581,683,851,21/10/2035,mx,46
3582,842,2250,22/10/2035,mx,4
3583,1225,3830,23/10/2035,México,11
3584,430,1783,24/10/2035,mex,7
3585,1827,2687,25/10/2035,mx,32
3586,1966,1023,26/10/2035,mx,4
3587,1384,136,27/10/2035,México,2
3588,1355,4855,28/10/2035,México,40
3589,450,4383,29/10/2035,mex,13
3590,185,1712,30/10/2035,mex,40
3591,1135,4406,31/10/2035,México,27
3592,1449,4135,01/11/2035,México,34
3593,1431,4768,02/11/2035,mx,11
3594,550,653,03/11/2035,mx,47
3595,426,3355,04/11/2035,mex,11
3596,544,4729,05/11/2035,México,16
3597,393,942,06/11/2035,México,10
3598,45,2809,07/11/2035,México,9
3599,1812,1897,08/11/2035,México,13
3600,1173,4646,09/11/2035,mex,42
3601,966,1501,10/11/2035,mex,6
3602,1849,1644,11/11/2035,México,25
3603,78,3571,12/11/2035,mex,50
3604,1605,1471,13/11/2035,mx,13
3605,983,1970,14/11/2035,México,31
3606,171,1243,15/11/2035,mex,28
3607,398,4566,16/11/2035,México,48
3608,985,4713,17/11/2035,México,19
3609,853,976,18/11/2035,México,33
3610,839,285,19/11/2035,mx,20
3611,1514,3285,20/11/2035,mx,8
3612,1362,4468,21/11/2035,mx,37
3613,1981,935,22/11/2035,mx,43
3614,1373,2376,23/11/2035,México,50
3615,503,488,24/11/2035,mx,19
3616,1420,2027,25/11/2035,mx,10
3617,460,1779,26/11/2035,México,47
3618,1840,3690,27/11/2035,mx,47
3619,46,2418,28/11/2035,México,18
3620,1016,4069,29/11/2035,mx,7
3621,360,4011,30/11/2035,mex,32
3622,242,1338,01/12/2035,mex,45
3623,1701,1592,02/12/2035,México,12
3624,988,3496,03/12/2035,México,17
3625,936,2724,04/12/2035,mex,20
3626,173,3898,05/12/2035,México,20
3627,29,2130,06/12/2035,mex,49
3628,469,4940,07/12/2035,mex,8
3629,688,679,08/12/2035,México,49
3630,724,453,09/12/2035,México,41
3631,561,2993,10/12/2035,México,21
3632,1221,4096,11/12/2035,mex,44
3633,536,4725,12/12/2035,México,19
3634,176,1215,13/12/2035,mx,32
3635,1639,4857,14/12/2035,mex,47
3636,1957,4061,15/12/2035,mex,35
3637,1446,4403,16/12/2035,mex,41
3638,1874,3713,17/12/2035,México,37
3639,1243,2823,18/12/2035,mex,29
3640,920,2320,19/12/2035,mex,13
3641,57,4589,20/12/2035,mex,7
3642,886,4200,21/12/2035,mx,33
3643,1735,2601,22/12/2035,México,9
3644,977,758,23/12/2035,mex,5
3645,1658,1264,24/12/2035,mex,14
3646,123,2239,25/12/2035,México,33
3647,413,3309,26/12/2035,México,43
3648,1481,2714,27/12/2035,mx,44
3649,509,4656,28/12/2035,mex,25
3650,1651,357,29/12/2035,mex,22
3651,74,2863,30/12/2035,mex,44
3652,1945,4864,31/12/2035,mex,47
3653,1310,472,01/01/2036,mx,24
3654,1713,418,02/01/2036,México,46
3655,843,2819,03/01/2036,mex,27
3656,1991,441,04/01/2036,mx,41
3657,28,2079,05/01/2036,mex,14
3658,1513,1034,06/01/2036,mx,22
3659,931,1307,07/01/2036,mx,21
3660,775,3656,08/01/2036,mx,10
3661,260,2912,09/01/2036,mx,35
3662,211,4497,10/01/2036,México,38
3663,485,3713,11/01/2036,mx,21
3664,74,3943,12/01/2036,mex,50
3665,824,731,13/01/2036,mex,20
3666,541,1414,14/01/2036,México,24
3667,11,2860,15/01/2036,mx,33
3668,767,233,16/01/2036,mx,9
3669,342,2559,17/01/2036,mx,27
3670,161,1577,18/01/2036,México,49
3671,1241,1422,19/01/2036,mx,36
3672,215,3091,20/01/2036,mx,12
3673,100,3262,21/01/2036,mex,45
3674,1004,326,22/01/2036,México,38
3675,66,3966,23/01/2036,mx,4
3676,335,544,24/01/2036,mx,36
3677,374,1426,25/01/2036,México,6
3678,749,920,26/01/2036,mx,21
3679,886,1204,27/01/2036,mx,34
3680,180,966,28/01/2036,mex,26
3681,1142,4825,29/01/2036,México,6
3682,379,2447,30/01/2036,mx,46
3683,371,4530,31/01/2036,México,10
3684,290,3567,01/02/2036,mx,2
3685,1084,3376,02/02/2036,México,41
3686,825,2887,03/02/2036,México,3
3687,411,4495,04/02/2036,México,10
3688,530,1321,05/02/2036,mx,35
3689,393,2795,06/02/2036,México,27
3690,1081,3230,07/02/2036,mx,36
3691,710,757,08/02/2036,México,42
3692,1032,1826,09/02/2036,mx,4
3693,1676,1589,10/02/2036,México,19
3694,1091,2589,11/02/2036,mx,21
3695,57,4490,12/02/2036,México,26
3696,1179,2326,13/02/2036,México,1
3697,1078,4430,14/02/2036,mex,3
3698,1699,290,15/02/2036,México,39
3699,855,906,16/02/2036,México,25
3700,1167,1463,17/02/2036,mex,29
3701,959,4743,18/02/2036,mex,5
3702,1117,1266,19/02/2036,mx,39
3703,1538,3704,20/02/2036,mx,50
3704,1947,1443,21/02/2036,mx,5
3705,633,1301,22/02/2036,mex,15
3706,1014,4087,23/02/2036,mex,39
3707,535,1339,24/02/2036,México,18
3708,792,2389,25/02/2036,México,45
3709,508,506,26/02/2036,México,37
3710,215,4365,27/02/2036,mex,6
3711,1476,2179,28/02/2036,México,25
3712,782,212,29/02/2036,México,26
3713,1337,701,01/03/2036,mex,14
3714,346,4766,02/03/2036,México,24
3715,380,1155,03/03/2036,mex,18
3716,251,2402,04/03/2036,mx,37
3717,258,2232,05/03/2036,mex,23
3718,578,1261,06/03/2036,México,12
3719,915,1619,07/03/2036,México,8
3720,942,1738,08/03/2036,mex,7
3721,1037,2895,09/03/2036,México,6
3722,791,1393,10/03/2036,México,1
3723,671,1277,11/03/2036,mex,39
3724,304,347,12/03/2036,mx,25
3725,1506,4997,13/03/2036,mex,36
3726,671,2726,14/03/2036,mex,43
3727,818,3199,15/03/2036,México,29
3728,497,3674,16/03/2036,mex,40
3729,360,2626,17/03/2036,México,17
3730,291,2739,18/03/2036,mex,3
3731,171,4516,19/03/2036,mex,20
3732,49,4141,20/03/2036,mex,21
3733,1482,3708,21/03/2036,mx,33
3734,1075,1243,22/03/2036,mx,39
3735,217,2803,23/03/2036,México,36
3736,926,1996,24/03/2036,mx,9
3737,145,1837,25/03/2036,mex,12
3738,627,1727,26/03/2036,mex,21
3739,1952,1999,27/03/2036,mx,42
3740,1808,3461,28/03/2036,mx,35
3741,778,4716,29/03/2036,mx,35
3742,893,2231,30/03/2036,mex,33
3743,1506,1944,31/03/2036,México,12
3744,1178,2747,01/04/2036,mx,15
3745,337,2187,02/04/2036,mex,8
3746,741,1591,03/04/2036,mx,48
3747,519,3759,04/04/2036,mex,8
3748,1407,1069,05/04/2036,México,42
3749,442,4886,06/04/2036,mx,5
3750,1950,3339,07/04/2036,mex,44
3751,1943,2094,08/04/2036,México,19
3752,1318,4618,09/04/2036,mex,21
3753,1220,2445,10/04/2036,mex,41
3754,705,1051,11/04/2036,mex,17
3755,1639,4132,12/04/2036,mex,48
3756,1288,1887,13/04/2036,mex,35
3757,692,1344,14/04/2036,mex,10
3758,1050,131,15/04/2036,mex,14
3759,1581,1913,16/04/2036,mx,33
3760,201,1745,17/04/2036,mex,48
3761,1784,4626,18/04/2036,mx,43
3762,948,3727,19/04/2036,México,11
3763,1734,4858,20/04/2036,México,14
3764,885,2947,21/04/2036,mex,44
3765,1746,984,22/04/2036,México,40
3766,1767,4924,23/04/2036,México,22
3767,47,2082,24/04/2036,México,43
3768,1193,2535,25/04/2036,México,14
3769,598,986,26/04/2036,mex,45
3770,848,2696,27/04/2036,México,24
3771,1093,1279,28/04/2036,México,29
3772,943,3551,29/04/2036,mx,27
3773,1826,2879,30/04/2036,mex,16
3774,1573,2277,01/05/2036,mex,31
3775,1065,3926,02/05/2036,México,41
3776,1766,1058,03/05/2036,México,39
3777,1196,4882,04/05/2036,mex,43
3778,206,2075,05/05/2036,México,13
3779,1547,2020,06/05/2036,México,22
3780,448,4181,07/05/2036,México,7
3781,337,1510,08/05/2036,mex,15
3782,415,241,09/05/2036,México,16
3783,861,4271,10/05/2036,México,43
3784,856,1407,11/05/2036,mex,38
3785,1037,2447,12/05/2036,mex,31
3786,1611,1582,13/05/2036,mx,8
3787,1398,3674,14/05/2036,México,24
3788,986,1853,15/05/2036,mex,6
3789,48,4506,16/05/2036,mx,13
3790,1503,4981,17/05/2036,México,10
3791,131,363,18/05/2036,mx,1
3792,193,4525,19/05/2036,mex,41
3793,1021,3821,20/05/2036,México,11
3794,1186,696,21/05/2036,mx,30
3795,421,2563,22/05/2036,mex,21
3796,461,4628,23/05/2036,mex,23
3797,377,1658,24/05/2036,México,32
3798,641,2371,25/05/2036,mx,50
3799,1615,3256,26/05/2036,mex,43
3800,1555,3452,27/05/2036,mex,37
3801,132,4150,28/05/2036,mx,46
3802,1713,534,29/05/2036,México,23
3803,658,4520,30/05/2036,mx,24
3804,1499,3409,31/05/2036,mex,36
3805,80,1718,01/06/2036,México,21
3806,466,2710,02/06/2036,mex,11
3807,1415,2598,03/06/2036,mx,32
3808,970,4432,04/06/2036,mex,16
3809,1204,1163,05/06/2036,México,48
3810,1548,4895,06/06/2036,México,38
3811,1726,4406,07/06/2036,México,31
3812,1824,3547,08/06/2036,mx,38
3813,204,390,09/06/2036,México,6
3814,256,4439,10/06/2036,México,45
3815,195,3263,11/06/2036,México,33
3816,1886,3662,12/06/2036,mx,49
3817,1006,720,13/06/2036,mex,49
3818,479,1365,14/06/2036,mx,12
3819,994,3128,15/06/2036,mex,44
3820,278,3613,16/06/2036,mex,13
3821,1231,1317,17/06/2036,México,38
3822,1266,1576,18/06/2036,mx,1
3823,779,4819,19/06/2036,mx,28
3824,1423,3292,20/06/2036,mex,47
3825,512,1406,21/06/2036,México,29
3826,1886,893,22/06/2036,mx,43
3827,384,485,23/06/2036,México,43
3828,631,3361,24/06/2036,mex,38
3829,1270,3287,25/06/2036,México,8
3830,274,2583,26/06/2036,mex,32
3831,1344,302,27/06/2036,México,9
3832,1154,554,28/06/2036,mx,46
3833,495,1918,29/06/2036,mx,31
3834,1100,1506,30/06/2036,mex,42
3835,253,3667,01/07/2036,mex,41
3836,1388,3202,02/07/2036,mex,40
3837,662,2117,03/07/2036,mx,33
3838,1372,3941,04/07/2036,mex,19
3839,1,3975,05/07/2036,mex,2
3840,1199,3310,06/07/2036,mex,38
3841,1703,4265,07/07/2036,México,26
3842,4,326,08/07/2036,mx,39
3843,224,1206,09/07/2036,México,36
3844,832,2552,10/07/2036,mex,43
3845,1540,995,11/07/2036,mx,48
3846,1539,2456,12/07/2036,mex,40
3847,1725,4870,13/07/2036,México,42
3848,1983,4061,14/07/2036,México,41
3849,1227,3207,15/07/2036,México,49
3850,808,4779,16/07/2036,México,9
3851,1664,1487,17/07/2036,México,33
3852,1092,2620,18/07/2036,mex,27
3853,604,4343,19/07/2036,mx,4
3854,1775,2055,20/07/2036,mex,22
3855,1406,1518,21/07/2036,México,18
3856,902,2349,22/07/2036,México,16
3857,659,2838,23/07/2036,mx,33
3858,404,3628,24/07/2036,mex,40
3859,738,4126,25/07/2036,mex,6
3860,80,999,26/07/2036,México,18
3861,1212,4129,27/07/2036,México,21
3862,1645,1871,28/07/2036,México,41
3863,1963,2857,29/07/2036,mex,37
3864,1318,3063,30/07/2036,mex,17
3865,1206,4461,31/07/2036,México,21
3866,1356,1543,01/08/2036,México,5
3867,223,4342,02/08/2036,México,20
3868,1245,3726,03/08/2036,mex,39
3869,722,1986,04/08/2036,mex,9
3870,575,2487,05/08/2036,mx,27
3871,1697,4672,06/08/2036,mex,4
3872,924,4136,07/08/2036,mex,46
3873,263,930,08/08/2036,mex,34
3874,492,2623,09/08/2036,México,10
3875,250,1000,10/08/2036,mex,6
3876,1182,1196,11/08/2036,mx,24
3877,604,4990,12/08/2036,mex,6
3878,1031,302,13/08/2036,México,37
3879,1749,4115,14/08/2036,mex,28
3880,1090,4985,15/08/2036,mx,50
3881,640,2198,16/08/2036,México,17
3882,130,1284,17/08/2036,mx,2
3883,1693,4821,18/08/2036,mx,35
3884,864,311,19/08/2036,México,12
3885,187,2760,20/08/2036,mx,20
3886,1552,3619,21/08/2036,mex,11
3887,1564,4737,22/08/2036,mex,18
3888,781,4464,23/08/2036,mx,50
3889,753,3254,24/08/2036,mex,48
3890,35,3122,25/08/2036,México,41
3891,1945,4313,26/08/2036,mex,29
3892,64,2557,27/08/2036,mex,13
3893,474,2949,28/08/2036,mex,19
3894,44,3297,29/08/2036,México,40
3895,636,2672,30/08/2036,México,29
3896,1938,4515,31/08/2036,mex,1
3897,1322,4113,01/09/2036,mex,18
3898,301,4632,02/09/2036,mex,42
3899,1540,3177,03/09/2036,mx,3
3900,1130,1491,04/09/2036,mx,41
3901,398,645,05/09/2036,mex,1
3902,474,3281,06/09/2036,mex,39
3903,1701,4072,07/09/2036,México,30
3904,434,169,08/09/2036,mx,4
3905,1062,4146,09/09/2036,México,3
3906,1559,1404,10/09/2036,mex,33
3907,516,2266,11/09/2036,México,21
3908,1448,1475,12/09/2036,México,13
3909,1870,942,13/09/2036,mex,19
3910,1938,4355,14/09/2036,mex,5
3911,268,4038,15/09/2036,mx,24
3912,533,2135,16/09/2036,mx,36
3913,546,4392,17/09/2036,México,39
3914,555,155,18/09/2036,mex,15
3915,971,4849,19/09/2036,mx,7
3916,1536,1635,20/09/2036,México,47
3917,746,780,21/09/2036,mx,28
3918,1671,2346,22/09/2036,México,42
3919,1910,3224,23/09/2036,mx,4
3920,750,2968,24/09/2036,mex,28
3921,1694,1018,25/09/2036,México,22
3922,770,4057,26/09/2036,mex,23
3923,348,1315,27/09/2036,México,44
3924,802,2838,28/09/2036,México,14
3925,144,144,29/09/2036,mx,33
3926,1071,1851,30/09/2036,mx,15
3927,164,3974,01/10/2036,mex,13
3928,964,2205,02/10/2036,México,18
3929,178,4217,03/10/2036,México,30
3930,775,1839,04/10/2036,México,29
3931,1698,211,05/10/2036,mex,42
3932,869,1496,06/10/2036,mx,46
3933,453,3491,07/10/2036,México,46
3934,835,4462,08/10/2036,México,7
3935,1895,4720,09/10/2036,México,21
3936,1899,2466,10/10/2036,mex,17
3937,872,3624,11/10/2036,México,26
3938,1931,3596,12/10/2036,México,5
3939,1006,2366,13/10/2036,mx,36
3940,555,4993,14/10/2036,mex,6
3941,1041,4200,15/10/2036,mex,12
3942,491,2448,16/10/2036,México,27
3943,1032,4167,17/10/2036,México,47
3944,1877,3391,18/10/2036,México,30
3945,1698,4613,19/10/2036,mx,47
3946,1086,2046,20/10/2036,mx,20
3947,139,4110,21/10/2036,mx,41
3948,162,898,22/10/2036,mex,46
3949,420,1685,23/10/2036,mx,42
3950,1438,2955,24/10/2036,mx,43
3951,352,776,25/10/2036,mx,18
3952,299,3036,26/10/2036,mex,47
3953,1367,4452,27/10/2036,mx,34
3954,1798,4685,28/10/2036,México,21
3955,1411,588,29/10/2036,mex,42
3956,1384,4662,30/10/2036,mex,9
3957,147,2589,31/10/2036,mex,41
3958,273,768,01/11/2036,mex,19
3959,952,1837,02/11/2036,México,9
3960,1229,541,03/11/2036,mex,27
3961,1977,3886,04/11/2036,mx,23
3962,1804,2560,05/11/2036,mex,5
3963,902,4829,06/11/2036,mx,43
3964,822,3321,07/11/2036,mex,45
3965,1054,2523,08/11/2036,mex,50
3966,743,3502,09/11/2036,mex,40
3967,1503,2830,10/11/2036,mx,32
3968,1719,4776,11/11/2036,México,28
3969,1938,1322,12/11/2036,mx,30
3970,1036,4566,13/11/2036,mx,42
3971,940,2806,14/11/2036,México,44
3972,321,4766,15/11/2036,mex,24
3973,1318,4933,16/11/2036,México,7
3974,1738,3217,17/11/2036,México,7
3975,1913,3365,18/11/2036,mx,17
3976,361,1721,19/11/2036,mx,26
3977,1619,1722,20/11/2036,México,18
3978,1190,2152,21/11/2036,México,49
3979,41,4807,22/11/2036,mex,38
3980,88,2701,23/11/2036,mex,42
3981,658,2349,24/11/2036,México,1
3982,487,633,25/11/2036,mx,18
3983,904,222,26/11/2036,México,19
3984,977,1383,27/11/2036,mx,39
3985,901,677,28/11/2036,mx,4
3986,484,2559,29/11/2036,mex,50
3987,327,3240,30/11/2036,México,13
3988,1596,1954,01/12/2036,mex,8
3989,371,4041,02/12/2036,mex,3
3990,751,3755,03/12/2036,mx,9
3991,905,4868,04/12/2036,México,12
3992,325,4313,05/12/2036,México,25
3993,1655,2359,06/12/2036,mx,45
3994,166,4336,07/12/2036,México,39
3995,1882,430,08/12/2036,mx,29
3996,34,1151,09/12/2036,mx,13
3997,1159,3563,10/12/2036,mx,7
3998,827,2995,11/12/2036,México,30
3999,750,1430,12/12/2036,mx,27
4000,1681,2043,13/12/2036,México,32
4001,199,2297,14/12/2036,mex,28
4002,573,619,15/12/2036,México,5
4003,63,758,16/12/2036,mx,29
4004,1556,3852,17/12/2036,mx,17
4005,1162,533,18/12/2036,mex,47
4006,1419,4405,19/12/2036,México,18
4007,1855,3434,20/12/2036,mx,20
4008,1244,4087,21/12/2036,México,35
4009,47,2924,22/12/2036,México,41
4010,1988,393,23/12/2036,México,41
4011,495,2519,24/12/2036,mx,46
4012,749,1451,25/12/2036,mex,13
4013,1391,2363,26/12/2036,México,17
4014,138,3606,27/12/2036,mex,28
4015,134,1188,28/12/2036,mx,21
4016,1416,2429,29/12/2036,México,43
4017,1683,4616,30/12/2036,mex,50
4018,1755,2144,31/12/2036,México,33
4019,1658,3544,01/01/2037,mx,38
4020,601,2391,02/01/2037,mx,32
4021,1074,3089,03/01/2037,México,12
4022,1471,2520,04/01/2037,mx,23
4023,606,3757,05/01/2037,mx,48
4024,154,1428,06/01/2037,mex,3
4025,574,1218,07/01/2037,mex,43
4026,1635,294,08/01/2037,mex,29
4027,1386,4084,09/01/2037,México,14
4028,1403,1683,10/01/2037,mex,33
4029,478,1787,11/01/2037,mx,40
4030,380,372,12/01/2037,mex,31
4031,1090,486,13/01/2037,mex,26
4032,489,838,14/01/2037,mx,7
4033,1230,4459,15/01/2037,mx,5
4034,566,4886,16/01/2037,mx,14
4035,1351,1495,17/01/2037,mex,12
4036,820,2948,18/01/2037,México,44
4037,1815,3752,19/01/2037,mx,28
4038,1398,2425,20/01/2037,México,18
4039,1628,2228,21/01/2037,mex,16
4040,227,4184,22/01/2037,México,13
4041,1616,3442,23/01/2037,mx,24
4042,1418,3538,24/01/2037,mex,35
4043,1780,2535,25/01/2037,mex,42
4044,1705,3767,26/01/2037,México,11
4045,660,2115,27/01/2037,mx,49
4046,1422,2877,28/01/2037,México,34
4047,267,2563,29/01/2037,mx,49
4048,1683,4656,30/01/2037,mex,42
4049,1223,4099,31/01/2037,mx,37
4050,1134,2154,01/02/2037,mx,22
4051,147,1846,02/02/2037,mex,16
4052,1944,1688,03/02/2037,mex,30
4053,499,4537,04/02/2037,mx,12
4054,567,767,05/02/2037,México,20
4055,185,1143,06/02/2037,México,50
4056,350,1633,07/02/2037,mex,50
4057,638,1621,08/02/2037,mex,30
4058,1111,3323,09/02/2037,México,1
4059,1076,2806,10/02/2037,mx,17
4060,1526,3291,11/02/2037,mx,7
4061,1828,1343,12/02/2037,México,15
4062,654,4311,13/02/2037,México,41
4063,1405,2822,14/02/2037,México,1
4064,983,369,15/02/2037,México,18
4065,873,4724,16/02/2037,mex,33
4066,1970,4966,17/02/2037,mx,25
4067,568,1461,18/02/2037,mex,46
4068,632,4215,19/02/2037,México,42
4069,1782,1328,20/02/2037,mx,47
4070,528,2863,21/02/2037,mx,28
4071,315,3881,22/02/2037,mx,39
4072,1160,4999,23/02/2037,mex,39
4073,1631,1446,24/02/2037,México,12
4074,957,3097,25/02/2037,mex,24
4075,1058,927,26/02/2037,México,31
4076,433,1686,27/02/2037,mx,43
4077,177,1065,28/02/2037,mex,4
4078,238,2642,01/03/2037,México,4
4079,45,2039,02/03/2037,mx,32
4080,290,2864,03/03/2037,mex,11
4081,223,1913,04/03/2037,mex,12
4082,1960,2562,05/03/2037,mex,25
4083,1730,3706,06/03/2037,mx,18
4084,1024,4392,07/03/2037,mex,15
4085,12,4881,08/03/2037,mx,39
4086,1247,3688,09/03/2037,México,2
4087,1301,3380,10/03/2037,México,38
4088,937,4145,11/03/2037,mx,10
4089,140,2578,12/03/2037,mx,28
4090,238,1232,13/03/2037,mex,11
4091,1892,1437,14/03/2037,mx,22
4092,541,4570,15/03/2037,mx,45
4093,19,474,16/03/2037,mex,12
4094,1555,4843,17/03/2037,mx,44
4095,1207,1068,18/03/2037,mx,49
4096,88,1281,19/03/2037,México,19
4097,985,1004,20/03/2037,mx,45
4098,841,3154,21/03/2037,mex,38
4099,854,1353,22/03/2037,México,24
4100,1418,3546,23/03/2037,mex,35
4101,1844,2501,24/03/2037,mx,35
4102,854,665,25/03/2037,mex,3
4103,1423,3515,26/03/2037,mex,27
4104,167,685,27/03/2037,mx,36
4105,1867,653,28/03/2037,México,17
4106,333,3069,29/03/2037,mex,41
4107,229,2103,30/03/2037,mex,20
4108,467,4640,31/03/2037,mx,49
4109,952,4571,01/04/2037,mex,14
4110,239,2431,02/04/2037,mx,16
4111,470,1472,03/04/2037,México,5
4112,1420,3963,04/04/2037,mex,21
4113,206,467,05/04/2037,mex,48
4114,1012,2737,06/04/2037,México,47
4115,1115,3081,07/04/2037,México,19
4116,1404,4473,08/04/2037,mx,6
4117,397,1352,09/04/2037,México,43
4118,588,3684,10/04/2037,mex,27
4119,478,2057,11/04/2037,mx,15
4120,1323,4852,12/04/2037,México,1
4121,1010,2658,13/04/2037,México,28
4122,917,4935,14/04/2037,mex,17
4123,111,4170,15/04/2037,mex,42
4124,1328,4097,16/04/2037,mex,6
4125,486,538,17/04/2037,México,12
4126,290,1829,18/04/2037,mx,7
4127,715,4738,19/04/2037,México,38
4128,557,4029,20/04/2037,mex,17
4129,964,2453,21/04/2037,mx,44
4130,378,3494,22/04/2037,mx,4
4131,29,167,23/04/2037,mx,48
4132,186,3506,24/04/2037,mex,24
4133,130,3626,25/04/2037,mx,43
4134,1485,3191,26/04/2037,mx,3
4135,1564,1079,27/04/2037,mx,32
4136,1,1747,28/04/2037,mex,45
4137,1868,2057,29/04/2037,mex,25
4138,89,2386,30/04/2037,mx,29
4139,786,601,01/05/2037,mex,45
4140,1178,2013,02/05/2037,mex,23
4141,427,869,03/05/2037,México,32
4142,195,1413,04/05/2037,mex,18
4143,1023,3123,05/05/2037,mex,42
4144,558,4961,06/05/2037,mex,26
4145,637,3366,07/05/2037,mx,42
4146,1339,1397,08/05/2037,México,27
4147,1881,2765,09/05/2037,México,11
4148,943,1170,10/05/2037,mex,16
4149,1496,4804,11/05/2037,México,45
4150,839,2830,12/05/2037,mx,3
4151,227,3246,13/05/2037,México,37
4152,760,4674,14/05/2037,México,5
4153,1410,4641,15/05/2037,mx,34
4154,295,3455,16/05/2037,mx,37
4155,134,1868,17/05/2037,mex,26
4156,928,2643,18/05/2037,mx,44
4157,808,2724,19/05/2037,mx,42
4158,1737,3971,20/05/2037,mx,23
4159,403,1839,21/05/2037,mx,3
4160,657,3950,22/05/2037,mx,23
4161,577,4226,23/05/2037,mx,6
4162,1636,949,24/05/2037,mex,18
4163,1729,4817,25/05/2037,México,45
4164,697,3300,26/05/2037,mx,49
4165,1510,1447,27/05/2037,mex,2
4166,1222,817,28/05/2037,México,7
4167,102,1348,29/05/2037,México,48
4168,687,3124,30/05/2037,mx,20
4169,1820,2945,31/05/2037,México,48
4170,1127,617,01/06/2037,mx,25
4171,1918,933,02/06/2037,mex,9
4172,527,4251,03/06/2037,México,23
4173,1068,1870,04/06/2037,mx,16
4174,1075,3250,05/06/2037,mex,3
4175,87,3357,06/06/2037,México,39
4176,395,2242,07/06/2037,México,29
4177,1285,386,08/06/2037,mx,29
4178,1104,4415,09/06/2037,mex,40
4179,1781,4947,10/06/2037,mex,21
4180,379,1661,11/06/2037,México,7
4181,969,176,12/06/2037,México,40
4182,224,1115,13/06/2037,mex,46
4183,913,3716,14/06/2037,México,15
4184,1646,3034,15/06/2037,México,33
4185,1224,1583,16/06/2037,mx,22
4186,1998,2765,17/06/2037,mex,39
4187,1742,4472,18/06/2037,mex,19
4188,388,4755,19/06/2037,mex,15
4189,736,1211,20/06/2037,mex,22
4190,480,4996,21/06/2037,mex,36
4191,1406,4654,22/06/2037,mex,36
4192,46,340,23/06/2037,mx,5
4193,207,3514,24/06/2037,mx,48
4194,1225,2245,25/06/2037,mex,22
4195,1177,3937,26/06/2037,México,18
4196,1527,1704,27/06/2037,mx,34
4197,1176,4573,28/06/2037,México,8
4198,500,2469,29/06/2037,mex,29
4199,1581,4732,30/06/2037,México,5
4200,985,2634,01/07/2037,mex,46
4201,1136,2808,02/07/2037,México,16
4202,814,2226,03/07/2037,mex,28
4203,326,2014,04/07/2037,mex,9
4204,1241,4205,05/07/2037,México,3
4205,53,2510,06/07/2037,mex,33
4206,1613,909,07/07/2037,mx,4
4207,744,2607,08/07/2037,mx,46
4208,333,4909,09/07/2037,mex,35
4209,1124,1069,10/07/2037,México,48
4210,395,2606,11/07/2037,mx,32
4211,709,1995,12/07/2037,mex,35
4212,1658,2356,13/07/2037,mex,31
4213,507,3665,14/07/2037,mex,26
4214,650,1011,15/07/2037,mex,9
4215,609,2907,16/07/2037,México,12
4216,410,4414,17/07/2037,México,15
4217,983,4443,18/07/2037,mex,15
4218,1772,4256,19/07/2037,mex,2
4219,1399,3370,20/07/2037,México,39
4220,1430,1979,21/07/2037,México,9
4221,515,1701,22/07/2037,mx,27
4222,856,2189,23/07/2037,México,30
4223,809,2682,24/07/2037,mex,50
4224,295,2842,25/07/2037,mx,29
4225,241,1765,26/07/2037,México,24
4226,1723,981,27/07/2037,mex,10
4227,439,4463,28/07/2037,mex,27
4228,245,3626,29/07/2037,México,1
4229,380,2853,30/07/2037,mex,7
4230,286,2274,31/07/2037,mx,49
4231,350,2100,01/08/2037,México,7
4232,193,4510,02/08/2037,mex,31
4233,1339,3283,03/08/2037,México,46
4234,359,302,04/08/2037,México,18
4235,229,3937,05/08/2037,mex,28
4236,1182,4226,06/08/2037,mx,14
4237,964,1616,07/08/2037,mex,21
4238,412,3527,08/08/2037,México,10
4239,1213,2814,09/08/2037,México,18
4240,1148,1307,10/08/2037,mx,1
4241,888,2383,11/08/2037,mx,12
4242,1708,4333,12/08/2037,mx,43
4243,109,3474,13/08/2037,México,8
4244,1536,2756,14/08/2037,mex,21
4245,263,792,15/08/2037,mx,18
4246,30,2753,16/08/2037,mx,11
4247,928,3612,17/08/2037,mx,16
4248,1073,1280,18/08/2037,mx,42
4249,979,4535,19/08/2037,mx,18
4250,1297,546,20/08/2037,mx,29
4251,1932,666,21/08/2037,mex,14
4252,310,1413,22/08/2037,mex,29
4253,1743,338,23/08/2037,mex,33
4254,1540,3554,24/08/2037,mx,10
4255,936,2190,25/08/2037,mx,17
4256,1083,3664,26/08/2037,mx,47
4257,1847,2061,27/08/2037,mex,3
4258,1292,3596,28/08/2037,mex,2
4259,1967,4663,29/08/2037,mex,13
4260,875,4046,30/08/2037,mex,25
4261,1127,3946,31/08/2037,mex,15
4262,1335,2442,01/09/2037,México,3
4263,671,1683,02/09/2037,México,30
4264,384,3640,03/09/2037,mx,15
4265,426,3960,04/09/2037,mx,42
4266,162,1199,05/09/2037,mex,5
4267,874,4367,06/09/2037,mex,16
4268,652,644,07/09/2037,México,42
4269,267,619,08/09/2037,mx,8
4270,182,2118,09/09/2037,mx,44
4271,569,4008,10/09/2037,México,40
4272,1126,2002,11/09/2037,mx,8
4273,242,4720,12/09/2037,México,50
4274,1949,2942,13/09/2037,México,27
4275,1370,3405,14/09/2037,mx,37
4276,1379,4887,15/09/2037,mex,3
4277,1709,2499,16/09/2037,mx,12
4278,622,184,17/09/2037,mex,15
4279,346,4522,18/09/2037,mx,33
4280,1441,4940,19/09/2037,mx,43
4281,437,3519,20/09/2037,mex,45
4282,591,2641,21/09/2037,mex,6
4283,303,3240,22/09/2037,mex,35
4284,1515,1077,23/09/2037,mx,7
4285,546,876,24/09/2037,mx,21
4286,1218,1167,25/09/2037,mx,41
4287,1611,4124,26/09/2037,mx,27
4288,342,2154,27/09/2037,México,29
4289,1226,505,28/09/2037,mex,16
4290,87,2230,29/09/2037,mx,1
4291,1525,1516,30/09/2037,México,48
4292,332,135,01/10/2037,mex,28
4293,1120,3767,02/10/2037,mex,44
4294,824,2356,03/10/2037,mex,27
4295,1711,3145,04/10/2037,México,48
4296,1143,780,05/10/2037,mex,37
4297,838,1523,06/10/2037,mx,25
4298,1735,4105,07/10/2037,mex,5
4299,205,4457,08/10/2037,México,30
4300,1449,3726,09/10/2037,mex,29
4301,571,3522,10/10/2037,México,8
4302,32,4373,11/10/2037,México,48
4303,1621,3245,12/10/2037,mx,43
4304,674,2821,13/10/2037,mx,44
4305,413,2819,14/10/2037,mx,8
4306,204,1819,15/10/2037,mex,27
4307,1118,740,16/10/2037,mex,11
4308,806,4996,17/10/2037,México,24
4309,1113,1040,18/10/2037,mex,30
4310,55,1527,19/10/2037,mx,37
4311,1730,2703,20/10/2037,mex,21
4312,1597,4613,21/10/2037,mx,9
4313,159,4133,22/10/2037,mex,43
4314,357,182,23/10/2037,mx,41
4315,202,3170,24/10/2037,mx,39
4316,520,632,25/10/2037,México,39
4317,958,1039,26/10/2037,México,2
4318,761,4408,27/10/2037,México,26
4319,1931,4060,28/10/2037,mex,14
4320,1786,906,29/10/2037,México,6
4321,1724,2588,30/10/2037,mex,44
4322,1190,3520,31/10/2037,mx,15
4323,1101,4179,01/11/2037,México,23
4324,403,613,02/11/2037,México,4
4325,1991,328,03/11/2037,México,43
4326,173,298,04/11/2037,mex,16
4327,841,4644,05/11/2037,mx,19
4328,743,4387,06/11/2037,México,40
4329,86,2594,07/11/2037,México,25
4330,872,3786,08/11/2037,mex,6
4331,1964,4317,09/11/2037,México,17
4332,921,2512,10/11/2037,mex,37
4333,1195,1352,11/11/2037,mx,16
4334,103,3227,12/11/2037,mx,21
4335,1509,1518,13/11/2037,mex,38
4336,636,1826,14/11/2037,mx,31
4337,1739,1111,15/11/2037,México,14
4338,1447,2781,16/11/2037,mex,17
4339,148,1639,17/11/2037,México,12
4340,479,750,18/11/2037,mex,35
4341,1889,2067,19/11/2037,mx,3
4342,1776,3772,20/11/2037,México,50
4343,1966,4176,21/11/2037,mex,19
4344,86,2384,22/11/2037,mex,32
4345,198,1567,23/11/2037,mex,9
4346,503,2449,24/11/2037,mex,2
4347,771,155,25/11/2037,México,44
4348,245,3338,26/11/2037,mx,9
4349,63,2264,27/11/2037,mx,13
4350,1198,578,28/11/2037,mex,46
4351,1404,2325,29/11/2037,México,22
4352,511,4067,30/11/2037,México,10
4353,542,1743,01/12/2037,mex,10
4354,1726,113,02/12/2037,mx,34
4355,1068,2478,03/12/2037,mx,25
4356,1838,2339,04/12/2037,mex,5
4357,1204,368,05/12/2037,México,18
4358,1345,1305,06/12/2037,México,38
4359,310,1486,07/12/2037,mex,8
4360,696,3298,08/12/2037,mex,40
4361,1683,4617,09/12/2037,mex,21
4362,289,1861,10/12/2037,México,18
4363,1810,914,11/12/2037,mex,24
4364,801,3055,12/12/2037,mex,43
4365,1539,2001,13/12/2037,mex,3
4366,35,583,14/12/2037,mex,33
4367,474,1230,15/12/2037,mex,35
4368,427,1822,16/12/2037,México,28
4369,1131,3711,17/12/2037,mex,30
4370,499,1218,18/12/2037,mx,12
4371,1644,4925,19/12/2037,mex,49
4372,1041,1885,20/12/2037,mex,17
4373,530,227,21/12/2037,México,38
4374,1090,2801,22/12/2037,mx,30
4375,1200,4348,23/12/2037,mx,47
4376,195,4679,24/12/2037,mex,47
4377,1284,1243,25/12/2037,mx,6
4378,1315,539,26/12/2037,México,22
4379,1015,3069,27/12/2037,México,50
4380,267,273,28/12/2037,mex,2
4381,1342,1925,29/12/2037,mx,8
4382,970,3866,30/12/2037,mex,31
4383,707,2576,31/12/2037,México,15
4384,688,1370,01/01/2038,mex,7
4385,784,2043,02/01/2038,México,47
4386,1644,270,03/01/2038,mx,32
4387,1284,3127,04/01/2038,México,42
4388,1368,2414,05/01/2038,México,26
4389,1705,1894,06/01/2038,México,27
4390,1306,1167,07/01/2038,México,2
4391,1365,2921,08/01/2038,mex,13
4392,326,2596,09/01/2038,mx,50
4393,249,1502,10/01/2038,México,21
4394,1794,769,11/01/2038,México,28
4395,1890,3629,12/01/2038,mex,37
4396,1306,1197,13/01/2038,mx,13
4397,635,4945,14/01/2038,mex,32
4398,878,3564,15/01/2038,México,40
4399,104,1649,16/01/2038,mex,6
4400,1498,2327,17/01/2038,México,31
4401,1248,434,18/01/2038,mx,34
4402,431,1179,19/01/2038,mex,41
4403,1677,3493,20/01/2038,mex,47
4404,297,3080,21/01/2038,mex,14
4405,396,3310,22/01/2038,mx,39
4406,1550,4776,23/01/2038,México,2
4407,1983,1433,24/01/2038,mx,48
4408,559,1206,25/01/2038,mex,34
4409,1148,4382,26/01/2038,mx,2
4410,205,2138,27/01/2038,mx,18
4411,551,375,28/01/2038,México,10
4412,524,2723,29/01/2038,México,18
4413,407,3725,30/01/2038,mex,41
4414,1622,1304,31/01/2038,México,5
4415,1372,195,01/02/2038,México,15
4416,518,4711,02/02/2038,México,35
4417,592,2697,03/02/2038,mex,10
4418,1342,4464,04/02/2038,mx,8
4419,641,912,05/02/2038,mex,27
4420,1497,3376,06/02/2038,México,48
4421,1700,1419,07/02/2038,mx,44
4422,1464,4273,08/02/2038,México,13
4423,986,1624,09/02/2038,mx,30
4424,613,3285,10/02/2038,México,40
4425,37,4154,11/02/2038,México,27
4426,1628,2154,12/02/2038,mx,7
4427,1010,692,13/02/2038,mx,21
4428,1426,4277,14/02/2038,mx,19
4429,1549,272,15/02/2038,mex,8
4430,1091,2311,16/02/2038,mex,10
4431,885,3636,17/02/2038,mex,32
4432,796,3716,18/02/2038,mex,48
4433,1973,1252,19/02/2038,mex,44
4434,1045,3922,20/02/2038,mex,45
4435,826,2164,21/02/2038,mx,4
4436,620,2753,22/02/2038,mex,17
4437,1340,3770,23/02/2038,mex,20
4438,974,4295,24/02/2038,México,39
4439,254,1943,25/02/2038,mex,48
4440,515,4200,26/02/2038,mex,29
4441,1197,4748,27/02/2038,mx,19
4442,1736,1578,28/02/2038,México,1
4443,50,1723,01/03/2038,mex,11
4444,141,1743,02/03/2038,mex,25
4445,1631,4026,03/03/2038,mex,37
4446,998,2733,04/03/2038,mx,49
4447,100,4331,05/03/2038,mx,49
4448,832,4857,06/03/2038,mex,29
4449,1749,1749,07/03/2038,mx,37
4450,1827,3941,08/03/2038,mx,13
4451,976,2354,09/03/2038,México,36
4452,532,1837,10/03/2038,mex,6
4453,930,380,11/03/2038,México,19
4454,763,4454,12/03/2038,mx,13
4455,1983,205,13/03/2038,mx,4
4456,1215,3309,14/03/2038,mx,23
4457,591,2229,15/03/2038,mx,47
4458,1852,3625,16/03/2038,mx,12
4459,36,2503,17/03/2038,mx,44
4460,1197,1523,18/03/2038,mex,46
4461,269,3765,19/03/2038,mex,34
4462,1747,2989,20/03/2038,mx,38
4463,1827,190,21/03/2038,mx,2
4464,379,4523,22/03/2038,mx,7
4465,1162,3054,23/03/2038,México,18
4466,1799,1753,24/03/2038,mx,23
4467,115,4241,25/03/2038,México,48
4468,1517,1645,26/03/2038,mx,50
4469,1061,2900,27/03/2038,mex,12
4470,1483,3729,28/03/2038,mex,18
4471,306,3487,29/03/2038,mx,9
4472,1177,3209,30/03/2038,mx,4
4473,523,1615,31/03/2038,mx,27
4474,1949,4931,01/04/2038,México,9
4475,229,2102,02/04/2038,México,11
4476,1350,4544,03/04/2038,mx,6
4477,1139,4814,04/04/2038,mex,41
4478,1488,634,05/04/2038,mx,42
4479,37,3662,06/04/2038,mx,8
4480,1276,2231,07/04/2038,mx,1
4481,106,2152,08/04/2038,mx,21
4482,274,1178,09/04/2038,mx,46
4483,929,2520,10/04/2038,mx,8
4484,630,1632,11/04/2038,mx,4
4485,1449,187,12/04/2038,mx,39
4486,1909,3905,13/04/2038,México,45
4487,723,214,14/04/2038,mx,44
4488,990,3119,15/04/2038,mx,36
4489,984,3390,16/04/2038,México,46
4490,320,2724,17/04/2038,mx,5
4491,1379,4308,18/04/2038,México,40
4492,189,1791,19/04/2038,México,9
4493,987,3096,20/04/2038,mx,47
4494,1476,4213,21/04/2038,mx,40
4495,1147,2855,22/04/2038,México,5
4496,1902,4698,23/04/2038,mx,20
4497,290,161,24/04/2038,mx,42
4498,1366,3374,25/04/2038,mex,2
4499,152,1624,26/04/2038,México,35
4500,1480,3485,27/04/2038,México,43
4501,657,4720,28/04/2038,mex,14
4502,1275,3409,29/04/2038,mex,7
4503,1324,105,30/04/2038,mx,42
4504,1143,882,01/05/2038,México,27
4505,26,1519,02/05/2038,México,18
4506,1071,107,03/05/2038,mx,15
4507,1731,1095,04/05/2038,mx,25
4508,1550,3639,05/05/2038,mx,35
4509,1370,4417,06/05/2038,mx,49
4510,352,1983,07/05/2038,mx,10
4511,932,4785,08/05/2038,mex,34
4512,1530,1570,09/05/2038,mx,31
4513,1831,2773,10/05/2038,México,34
4514,1445,4601,11/05/2038,mx,43
4515,398,3966,12/05/2038,México,6
4516,183,2073,13/05/2038,mex,24
4517,1957,2659,14/05/2038,mex,18
4518,77,1172,15/05/2038,mx,35
4519,1065,4650,16/05/2038,mex,7
4520,431,2552,17/05/2038,mx,13
4521,1855,2659,18/05/2038,mex,35
4522,758,3243,19/05/2038,mex,38
4523,1336,3262,20/05/2038,México,46
4524,596,4164,21/05/2038,México,11
4525,161,3449,22/05/2038,México,33
4526,1790,2806,23/05/2038,mex,11
4527,1635,1111,24/05/2038,mex,45
4528,788,4633,25/05/2038,mex,39
4529,597,2552,26/05/2038,mex,32
4530,194,1058,27/05/2038,mex,38
4531,1157,204,28/05/2038,México,37
4532,32,4592,29/05/2038,mex,25
4533,1707,129,30/05/2038,México,2
4534,608,4263,31/05/2038,México,33
4535,1842,2601,01/06/2038,mx,8
4536,716,2472,02/06/2038,mx,46
4537,530,2855,03/06/2038,mex,27
4538,167,1732,04/06/2038,México,19
4539,988,807,05/06/2038,mx,13
4540,485,3584,06/06/2038,México,18
4541,1251,425,07/06/2038,México,48
4542,1261,516,08/06/2038,mx,49
4543,945,284,09/06/2038,México,38
4544,1033,4132,10/06/2038,mex,33
4545,1917,1324,11/06/2038,mex,26
4546,1031,1992,12/06/2038,México,19
4547,1265,2939,13/06/2038,mx,24
4548,349,2811,14/06/2038,mx,49
4549,52,4420,15/06/2038,mx,36
4550,972,1042,16/06/2038,mx,47
4551,1619,4150,17/06/2038,mx,40
4552,1757,4443,18/06/2038,mex,24
4553,1011,464,19/06/2038,mex,8
4554,1296,4657,20/06/2038,México,1
4555,1058,2257,21/06/2038,México,38
4556,756,2352,22/06/2038,mx,14
4557,835,840,23/06/2038,mex,48
4558,1886,3920,24/06/2038,mex,45
4559,185,414,25/06/2038,México,1
4560,1415,1884,26/06/2038,México,6
4561,1179,1296,27/06/2038,mex,35
4562,428,4625,28/06/2038,mex,32
4563,425,4369,29/06/2038,mex,27
4564,154,1499,30/06/2038,mx,36
4565,898,2709,01/07/2038,mex,3
4566,850,2968,02/07/2038,mx,12
4567,1587,431,03/07/2038,mex,3
4568,100,3094,04/07/2038,mx,26
4569,606,2746,05/07/2038,México,12
4570,1137,4847,06/07/2038,México,39
4571,824,2365,07/07/2038,mex,32
4572,256,4643,08/07/2038,mx,3
4573,746,4808,09/07/2038,México,44
4574,1292,603,10/07/2038,México,49
4575,184,4134,11/07/2038,mx,7
4576,1541,2966,12/07/2038,mx,33
4577,1228,4853,13/07/2038,mx,29
4578,1622,399,14/07/2038,mx,15
4579,1515,1580,15/07/2038,mex,8
4580,377,1021,16/07/2038,mx,3
4581,1390,2505,17/07/2038,México,13
4582,1899,1598,18/07/2038,México,3
4583,145,4051,19/07/2038,mex,46
4584,1194,2547,20/07/2038,México,22
4585,1238,1711,21/07/2038,mex,23
4586,1512,4733,22/07/2038,mx,39
4587,1329,3781,23/07/2038,México,11
4588,1108,347,24/07/2038,mex,2
4589,546,2458,25/07/2038,mx,38
4590,1195,2467,26/07/2038,mx,44
4591,1208,1736,27/07/2038,mex,27
4592,962,1633,28/07/2038,México,21
4593,980,4101,29/07/2038,México,41
4594,257,3261,30/07/2038,mex,25
4595,1053,2275,31/07/2038,mx,46
4596,90,4441,01/08/2038,México,45
4597,1409,3843,02/08/2038,mx,23
4598,392,2420,03/08/2038,México,14
4599,1750,2281,04/08/2038,mex,16
4600,1310,849,05/08/2038,mx,19
4601,670,2850,06/08/2038,mx,22
4602,1900,374,07/08/2038,mx,18
4603,182,4626,08/08/2038,mx,32
4604,1125,4509,09/08/2038,mex,1
4605,1964,4778,10/08/2038,mex,49
4606,628,2708,11/08/2038,mx,44
4607,1304,3435,12/08/2038,México,41
4608,1702,1671,13/08/2038,mex,26
4609,1557,1315,14/08/2038,México,35
4610,1949,2504,15/08/2038,mx,4
4611,342,1031,16/08/2038,mex,37
4612,1301,1816,17/08/2038,mex,35
4613,174,4520,18/08/2038,México,46
4614,148,195,19/08/2038,mx,45
4615,768,2742,20/08/2038,mx,44
4616,1363,4417,21/08/2038,México,40
4617,1116,1223,22/08/2038,mx,10
4618,505,3030,23/08/2038,mx,34
4619,206,1573,24/08/2038,México,12
4620,84,2375,25/08/2038,México,30
4621,1107,292,26/08/2038,mx,28
4622,738,260,27/08/2038,mx,33
4623,423,690,28/08/2038,mex,2
4624,120,3897,29/08/2038,mx,45
4625,1215,1181,30/08/2038,México,38
4626,147,1445,31/08/2038,México,5
4627,879,3617,01/09/2038,México,38
4628,1117,3884,02/09/2038,mex,3
4629,411,1759,03/09/2038,mex,27
4630,1530,3785,04/09/2038,México,37
4631,564,2076,05/09/2038,mx,37
4632,1189,2886,06/09/2038,México,12
4633,1222,3056,07/09/2038,México,16
4634,1043,203,08/09/2038,mx,20
4635,1842,913,09/09/2038,México,15
4636,832,4309,10/09/2038,México,10
4637,1823,2111,11/09/2038,mex,46
4638,939,3981,12/09/2038,mx,37
4639,1824,3939,13/09/2038,México,3
4640,143,2766,14/09/2038,mx,33
4641,17,2492,15/09/2038,México,15
4642,1330,2951,16/09/2038,México,35
4643,295,485,17/09/2038,mex,30
4644,1821,1469,18/09/2038,mx,1
4645,1971,2329,19/09/2038,mx,11
4646,699,348,20/09/2038,México,25
4647,1531,1764,21/09/2038,México,5
4648,260,1647,22/09/2038,México,24
4649,69,1939,23/09/2038,mx,46
4650,45,4696,24/09/2038,mx,1
4651,18,296,25/09/2038,mx,21
4652,1818,2584,26/09/2038,mx,29
4653,1218,2314,27/09/2038,México,50
4654,1662,2832,28/09/2038,México,35
4655,1678,4876,29/09/2038,México,27
4656,152,3941,30/09/2038,México,36
4657,1672,2727,01/10/2038,mx,42
4658,1776,836,02/10/2038,mx,19
4659,105,1031,03/10/2038,México,44
4660,247,2763,04/10/2038,México,9
4661,969,1372,05/10/2038,mx,44
4662,1253,1344,06/10/2038,mx,38
4663,1529,3322,07/10/2038,mx,20
4664,1304,4796,08/10/2038,México,21
4665,608,3189,09/10/2038,México,4
4666,1282,3408,10/10/2038,México,24
4667,521,4819,11/10/2038,México,28
4668,754,4435,12/10/2038,mx,13
4669,992,3342,13/10/2038,México,39
4670,1648,4731,14/10/2038,mx,26
4671,1940,375,15/10/2038,mex,13
4672,1040,788,16/10/2038,mx,29
4673,486,3000,17/10/2038,mex,26
4674,631,912,18/10/2038,mx,25
4675,145,2771,19/10/2038,México,31
4676,81,4546,20/10/2038,México,39
4677,1431,747,21/10/2038,México,20
4678,605,4348,22/10/2038,mex,14
4679,1369,3981,23/10/2038,México,1
4680,1784,1066,24/10/2038,mex,26
4681,706,3670,25/10/2038,mx,10
4682,1706,3007,26/10/2038,mex,44
4683,1135,460,27/10/2038,mx,22
4684,1321,1254,28/10/2038,mx,3
4685,581,2064,29/10/2038,mx,8
4686,1101,4812,30/10/2038,mex,32
4687,1254,2386,31/10/2038,México,13
4688,1814,979,01/11/2038,mex,24
4689,301,1799,02/11/2038,mex,26
4690,1893,3590,03/11/2038,mex,21
4691,1468,1532,04/11/2038,mex,36
4692,813,261,05/11/2038,México,42
4693,84,4767,06/11/2038,mex,3
4694,619,2858,07/11/2038,mex,38
4695,1744,1203,08/11/2038,mx,30
4696,1806,2776,09/11/2038,México,31
4697,774,2394,10/11/2038,mx,2
4698,760,3631,11/11/2038,mx,46
4699,168,2767,12/11/2038,mx,42
4700,33,3058,13/11/2038,mx,42
4701,1423,2043,14/11/2038,mx,27
4702,1431,524,15/11/2038,mx,3
4703,170,2854,16/11/2038,México,6
4704,228,1137,17/11/2038,mx,46
4705,332,2414,18/11/2038,mex,1
4706,859,2401,19/11/2038,México,25
4707,1608,2557,20/11/2038,mex,12
4708,618,2205,21/11/2038,mex,30
4709,1116,3329,22/11/2038,México,26
4710,202,3314,23/11/2038,mx,25
4711,1541,2116,24/11/2038,México,9
4712,1266,4060,25/11/2038,México,13
4713,1774,537,26/11/2038,México,49
4714,73,3943,27/11/2038,mex,12
4715,710,1267,28/11/2038,mex,12
4716,639,3926,29/11/2038,México,23
4717,18,4829,30/11/2038,mx,42
4718,1711,3710,01/12/2038,mx,18
4719,1821,1621,02/12/2038,mex,41
4720,1986,4956,03/12/2038,mx,17
4721,539,4452,04/12/2038,mx,33
4722,237,3896,05/12/2038,México,40
4723,692,2431,06/12/2038,México,50
4724,522,3561,07/12/2038,México,20
4725,41,3996,08/12/2038,mx,33
4726,1141,4421,09/12/2038,mx,6
4727,67,4136,10/12/2038,México,14
4728,1993,1158,11/12/2038,mx,41
4729,1568,2983,12/12/2038,mex,41
4730,1616,842,13/12/2038,mx,33
4731,181,620,14/12/2038,mx,24
4732,1726,4879,15/12/2038,mx,15
4733,665,4098,16/12/2038,mex,30
4734,444,3567,17/12/2038,mx,37
4735,1500,2876,18/12/2038,México,40
4736,26,4548,19/12/2038,mex,20
4737,376,749,20/12/2038,México,32
4738,1466,4539,21/12/2038,mex,13
4739,1856,621,22/12/2038,mx,13
4740,511,622,23/12/2038,mex,20
4741,1423,442,24/12/2038,México,1
4742,1546,2670,25/12/2038,mx,17
4743,14,1200,26/12/2038,México,4
4744,1262,1249,27/12/2038,mx,8
4745,1162,1128,28/12/2038,mx,17
4746,669,532,29/12/2038,mx,20
4747,1423,4813,30/12/2038,mx,30
4748,1387,182,31/12/2038,México,14
4749,1811,178,01/01/2039,mex,23
4750,725,1661,02/01/2039,mx,23
4751,598,3585,03/01/2039,México,19
4752,1141,4324,04/01/2039,mex,26
4753,1849,4870,05/01/2039,mex,33
4754,1893,2043,06/01/2039,mx,17
4755,909,2997,07/01/2039,mx,41
4756,1592,1208,08/01/2039,México,17
4757,837,1391,09/01/2039,México,34
4758,859,4415,10/01/2039,mx,31
4759,381,4168,11/01/2039,mx,15
4760,2,362,12/01/2039,México,30
4761,349,575,13/01/2039,mx,24
4762,290,4724,14/01/2039,México,50
4763,1737,3569,15/01/2039,México,16
4764,207,4039,16/01/2039,mx,28
4765,141,3894,17/01/2039,mex,41
4766,274,3339,18/01/2039,mx,4
4767,1643,1580,19/01/2039,México,9
4768,1245,3529,20/01/2039,mx,47
4769,226,3727,21/01/2039,mx,15
4770,145,3523,22/01/2039,México,29
4771,1195,4651,23/01/2039,México,45
4772,1280,2427,24/01/2039,mx,41
4773,1178,4800,25/01/2039,mx,28
4774,716,823,26/01/2039,mx,27
4775,985,1885,27/01/2039,mx,39
4776,165,2948,28/01/2039,mx,40
4777,1691,3623,29/01/2039,México,48
4778,1831,4119,30/01/2039,mx,9
4779,937,3446,31/01/2039,mex,42
4780,1729,3204,01/02/2039,México,29
4781,1124,880,02/02/2039,mex,41
4782,1604,1210,03/02/2039,mx,37
4783,1556,1890,04/02/2039,México,30
4784,812,3243,05/02/2039,mex,36
4785,816,3332,06/02/2039,mex,21
4786,266,4924,07/02/2039,México,28
4787,853,424,08/02/2039,mx,13
4788,762,3631,09/02/2039,mx,37
4789,90,2278,10/02/2039,México,50
4790,123,2195,11/02/2039,México,8
4791,1783,322,12/02/2039,mex,9
4792,1190,4938,13/02/2039,México,33
4793,682,3269,14/02/2039,mx,25
4794,1937,2647,15/02/2039,mex,41
4795,243,1902,16/02/2039,mx,19
4796,549,3529,17/02/2039,mex,49
4797,1737,2643,18/02/2039,México,9
4798,985,340,19/02/2039,mx,26
4799,1122,506,20/02/2039,mx,20
4800,1151,298,21/02/2039,mx,9
4801,468,1177,22/02/2039,mx,2
4802,101,2429,23/02/2039,México,43
4803,1669,4888,24/02/2039,México,50
4804,1595,1665,25/02/2039,mx,36
4805,833,4213,26/02/2039,mex,37
4806,956,3340,27/02/2039,México,10
4807,846,3585,28/02/2039,mex,43
4808,1468,4711,01/03/2039,mx,22
4809,1126,4098,02/03/2039,mex,28
4810,1737,3894,03/03/2039,mx,14
4811,1281,2833,04/03/2039,mx,7
4812,1648,1446,05/03/2039,México,32
4813,1827,2652,06/03/2039,México,34
4814,991,3238,07/03/2039,México,50
4815,1751,1807,08/03/2039,México,3
4816,428,881,09/03/2039,México,35
4817,679,2898,10/03/2039,mx,47
4818,1307,4828,11/03/2039,México,8
4819,1703,2750,12/03/2039,mx,42
4820,21,3855,13/03/2039,México,30
4821,118,1028,14/03/2039,México,8
4822,624,2011,15/03/2039,mex,35
4823,1324,1703,16/03/2039,mex,20
4824,34,2564,17/03/2039,mx,9
4825,132,2707,18/03/2039,mx,1
4826,1570,2682,19/03/2039,mx,30
4827,247,2437,20/03/2039,México,5
4828,1596,2507,21/03/2039,mex,5
4829,1350,3765,22/03/2039,mex,32
4830,1513,4910,23/03/2039,México,17
4831,1959,854,24/03/2039,mex,9
4832,129,2940,25/03/2039,mx,12
4833,763,1953,26/03/2039,México,34
4834,1322,908,27/03/2039,mx,17
4835,491,2931,28/03/2039,México,4
4836,1317,2659,29/03/2039,mex,38
4837,1838,1919,30/03/2039,mex,49
4838,1896,3844,31/03/2039,mx,15
4839,1249,4092,01/04/2039,México,3
4840,611,683,02/04/2039,México,47
4841,670,2021,03/04/2039,México,35
4842,1349,1744,04/04/2039,México,3
4843,512,4222,05/04/2039,mex,30
4844,1956,1630,06/04/2039,México,11
4845,1804,2455,07/04/2039,México,34
4846,1087,829,08/04/2039,mx,2
4847,904,2530,09/04/2039,mex,35
4848,680,3773,10/04/2039,mex,24
4849,1335,3681,11/04/2039,mex,44
4850,1464,4379,12/04/2039,México,36
4851,768,3214,13/04/2039,mx,36
4852,1812,4221,14/04/2039,mx,40
4853,1156,4551,15/04/2039,mx,24
4854,1574,1678,16/04/2039,México,10
4855,1118,2483,17/04/2039,México,45
4856,702,1025,18/04/2039,México,49
4857,877,2661,19/04/2039,México,43
4858,1580,475,20/04/2039,mex,11
4859,350,1068,21/04/2039,mx,1
4860,207,2589,22/04/2039,mex,4
4861,396,4790,23/04/2039,mx,7
4862,177,3466,24/04/2039,mx,38
4863,1823,4437,25/04/2039,mx,20
4864,1486,2109,26/04/2039,mx,18
4865,1891,590,27/04/2039,mx,17
4866,1378,864,28/04/2039,México,45
4867,419,1588,29/04/2039,México,27
4868,666,1824,30/04/2039,mx,23
4869,1100,412,01/05/2039,mex,1
4870,92,1179,02/05/2039,mex,6
4871,1116,3301,03/05/2039,mex,21
4872,1838,2721,04/05/2039,mx,19
4873,921,2279,05/05/2039,México,11
4874,1964,1018,06/05/2039,mex,8
4875,1622,390,07/05/2039,mex,3
4876,155,1180,08/05/2039,mex,20
4877,766,1872,09/05/2039,mx,45
4878,1052,3140,10/05/2039,México,21
4879,1443,3252,11/05/2039,mex,37
4880,853,1521,12/05/2039,México,33
4881,122,3780,13/05/2039,mx,22
4882,1972,2844,14/05/2039,mx,6
4883,865,4841,15/05/2039,México,32
4884,124,3258,16/05/2039,mex,45
4885,334,3367,17/05/2039,mx,30
4886,1394,3850,18/05/2039,mex,33
4887,1921,3890,19/05/2039,mex,1
4888,1207,3193,20/05/2039,México,47
4889,1220,3154,21/05/2039,México,50
4890,45,1116,22/05/2039,mx,13
4891,563,2756,23/05/2039,mex,40
4892,131,2847,24/05/2039,mex,48
4893,1500,842,25/05/2039,mex,35
4894,1287,4831,26/05/2039,México,34
4895,1519,4436,27/05/2039,mx,19
4896,896,564,28/05/2039,mex,34
4897,1358,3069,29/05/2039,mex,4
4898,1300,1297,30/05/2039,México,49
4899,1222,1604,31/05/2039,México,19
4900,773,1045,01/06/2039,México,43
4901,918,1261,02/06/2039,mex,4
4902,1601,1179,03/06/2039,mex,45
4903,1239,4179,04/06/2039,mex,5
4904,975,2865,05/06/2039,mex,31
4905,756,2422,06/06/2039,mx,38
4906,806,1740,07/06/2039,mex,46
4907,330,4513,08/06/2039,mx,49
4908,1892,1218,09/06/2039,mex,47
4909,1514,2097,10/06/2039,mx,22
4910,175,3421,11/06/2039,mex,23
4911,103,4409,12/06/2039,México,11
4912,874,4815,13/06/2039,mx,1
4913,1796,1126,14/06/2039,mex,29
4914,768,2933,15/06/2039,México,12
4915,840,4084,16/06/2039,mx,27
4916,1954,1413,17/06/2039,mex,38
4917,837,3394,18/06/2039,mx,12
4918,1388,1957,19/06/2039,México,30
4919,6,3592,20/06/2039,mx,29
4920,1059,474,21/06/2039,mx,20
4921,1291,3463,22/06/2039,mex,38
4922,63,4903,23/06/2039,mex,47
4923,166,4011,24/06/2039,México,10
4924,1856,1749,25/06/2039,México,44
4925,1818,2111,26/06/2039,México,45
4926,1316,4661,27/06/2039,mex,49
4927,1141,3159,28/06/2039,mex,35
4928,1065,3493,29/06/2039,México,32
4929,782,1370,30/06/2039,mx,25
4930,1701,203,01/07/2039,mex,28
4931,1354,385,02/07/2039,mx,36
4932,1004,2821,03/07/2039,mx,23
4933,900,3972,04/07/2039,mx,45
4934,78,870,05/07/2039,mex,20
4935,561,817,06/07/2039,México,15
4936,278,3395,07/07/2039,México,22
4937,1201,2503,08/07/2039,mex,35
4938,483,576,09/07/2039,mx,43
4939,423,1927,10/07/2039,México,28
4940,1099,4904,11/07/2039,mex,30
4941,1044,4992,12/07/2039,México,12
4942,958,2911,13/07/2039,mex,2
4943,1763,986,14/07/2039,México,31
4944,1012,3977,15/07/2039,mx,40
4945,1982,1842,16/07/2039,mex,32
4946,1273,901,17/07/2039,mex,8
4947,1554,4363,18/07/2039,mex,6
4948,1545,4518,19/07/2039,México,30
4949,1203,1940,20/07/2039,mx,37
4950,1697,1615,21/07/2039,México,42
4951,135,4878,22/07/2039,México,5
4952,1116,413,23/07/2039,mx,32
4953,953,3182,24/07/2039,mex,6
4954,1825,3265,25/07/2039,México,30
4955,937,2456,26/07/2039,México,35
4956,1769,2712,27/07/2039,México,4
4957,1946,922,28/07/2039,mex,46
4958,755,3690,29/07/2039,mx,40
4959,1835,2693,30/07/2039,mex,35
4960,480,2455,31/07/2039,mex,37
4961,867,2343,01/08/2039,México,12
4962,1170,3043,02/08/2039,México,3
4963,1544,977,03/08/2039,mex,46
4964,390,755,04/08/2039,mex,43
4965,1470,296,05/08/2039,mex,5
4966,1978,3090,06/08/2039,mex,10
4967,81,1723,07/08/2039,mex,50
4968,1532,1952,08/08/2039,mx,1
4969,866,113,09/08/2039,México,45
4970,1614,1487,10/08/2039,México,42
4971,1224,2646,11/08/2039,mex,46
4972,1379,2093,12/08/2039,mx,3
4973,842,2197,13/08/2039,mx,38
4974,1706,4442,14/08/2039,México,29
4975,1786,453,15/08/2039,México,27
4976,1544,4688,16/08/2039,mx,3
4977,1113,2674,17/08/2039,mx,24
4978,532,4964,18/08/2039,mx,4
4979,1897,3154,19/08/2039,México,42
4980,1121,1942,20/08/2039,México,33
4981,1037,4151,21/08/2039,mex,3
4982,1592,2006,22/08/2039,México,8
4983,1732,758,23/08/2039,México,44
4984,581,3892,24/08/2039,mx,5
4985,414,1101,25/08/2039,mx,24
4986,477,1817,26/08/2039,México,2
4987,869,477,27/08/2039,mx,26
4988,994,2376,28/08/2039,mx,34
4989,853,3666,29/08/2039,México,6
4990,1898,384,30/08/2039,mx,39
4991,671,1059,31/08/2039,México,7
4992,79,312,01/09/2039,México,20
4993,1009,2812,02/09/2039,mx,46
4994,1944,1736,03/09/2039,mex,31
4995,1301,4054,04/09/2039,mx,25
4996,1516,1656,05/09/2039,México,36
4997,937,1892,06/09/2039,mex,7
4998,69,1039,07/09/2039,México,43
4999,78,4922,08/09/2039,México,49
5000,730,3073,09/09/2039,mex,22
5001,473,3550,10/09/2039,mx,49
5002,801,3089,11/09/2039,mex,39
5003,768,185,12/09/2039,México,11
5004,210,1727,13/09/2039,mex,30
5005,563,4278,14/09/2039,mex,11
5006,1904,520,15/09/2039,México,16
5007,770,2906,16/09/2039,mx,26
5008,397,708,17/09/2039,mex,27
5009,630,1556,18/09/2039,mx,24
5010,1686,4701,19/09/2039,México,43
5011,983,3958,20/09/2039,mx,45
5012,1443,1087,21/09/2039,mex,26
5013,906,4319,22/09/2039,México,7
5014,1686,2499,23/09/2039,mex,17
5015,241,2837,24/09/2039,mex,43
5016,1566,4799,25/09/2039,mx,25
5017,91,3583,26/09/2039,México,23
5018,579,3658,27/09/2039,mx,50
5019,1743,297,28/09/2039,mex,4
5020,1490,2585,29/09/2039,mx,4
5021,1698,3741,30/09/2039,mx,23
5022,1396,2899,01/10/2039,mex,33
5023,531,489,02/10/2039,mex,49
5024,925,970,03/10/2039,mx,21
5025,1357,2757,04/10/2039,mx,17
5026,483,4884,05/10/2039,mex,2
5027,1338,2724,06/10/2039,mx,44
5028,1169,4220,07/10/2039,mex,28
5029,1889,2571,08/10/2039,México,5
5030,859,3254,09/10/2039,mx,27
5031,1924,3714,10/10/2039,México,29
5032,1380,886,11/10/2039,mx,48
5033,1171,4076,12/10/2039,México,12
5034,1216,2510,13/10/2039,México,35
5035,1027,2751,14/10/2039,mex,29
5036,305,1235,15/10/2039,mex,50
5037,761,3174,16/10/2039,mx,15
5038,1573,306,17/10/2039,mex,21
5039,1164,1795,18/10/2039,mex,27
5040,505,1085,19/10/2039,México,1
5041,416,1700,20/10/2039,mex,37
5042,396,2256,21/10/2039,mx,11
5043,1714,809,22/10/2039,mex,36
5044,1029,3506,23/10/2039,mx,12
5045,1637,1606,24/10/2039,mx,18
5046,579,1316,25/10/2039,mex,28
5047,1610,3262,26/10/2039,México,27
5048,54,1717,27/10/2039,mx,6
5049,1690,3018,28/10/2039,mx,4
5050,875,117,29/10/2039,mex,48
5051,1568,953,30/10/2039,México,11
5052,1290,1708,31/10/2039,mex,44
5053,26,4804,01/11/2039,mex,5
5054,1782,2860,02/11/2039,mex,5
5055,759,3997,03/11/2039,México,38
5056,117,4450,04/11/2039,mx,26
5057,1656,4970,05/11/2039,mx,22
5058,1533,1101,06/11/2039,México,49
5059,313,3416,07/11/2039,mex,32
5060,1374,3030,08/11/2039,México,42
5061,199,2204,09/11/2039,mex,23
5062,1339,1955,10/11/2039,mex,10
5063,1938,2392,11/11/2039,mx,23
5064,438,3429,12/11/2039,mex,1
5065,1855,2819,13/11/2039,mx,18
5066,1697,2565,14/11/2039,mex,31
5067,1790,3814,15/11/2039,mex,37
5068,338,4372,16/11/2039,mex,44
5069,4,2714,17/11/2039,mex,7
5070,203,913,18/11/2039,mx,9
5071,1050,2472,19/11/2039,mex,16
5072,1024,1852,20/11/2039,mx,42
5073,1068,4102,21/11/2039,México,46
5074,1389,2300,22/11/2039,mx,2
5075,685,2206,23/11/2039,México,11
5076,1762,3064,24/11/2039,mex,3
5077,1524,4348,25/11/2039,México,41
5078,559,2008,26/11/2039,mex,15
5079,208,3193,27/11/2039,México,41
5080,1877,2121,28/11/2039,México,25
5081,972,1718,29/11/2039,mx,6
5082,1722,1468,30/11/2039,mex,18
5083,1198,3592,01/12/2039,mx,26
5084,344,797,02/12/2039,mx,23
5085,1667,4278,03/12/2039,México,27
5086,456,4255,04/12/2039,mx,50
5087,647,320,05/12/2039,México,12
5088,78,3908,06/12/2039,mex,33
5089,1937,3532,07/12/2039,mex,28
5090,1719,3848,08/12/2039,mx,15
5091,1677,1724,09/12/2039,mx,3
5092,1067,1127,10/12/2039,mex,18
5093,308,1115,11/12/2039,México,20
5094,1409,869,12/12/2039,México,46
5095,642,1387,13/12/2039,México,30
5096,224,4375,14/12/2039,mex,28
5097,77,482,15/12/2039,mex,44
5098,1493,3995,16/12/2039,mx,41
5099,1042,3522,17/12/2039,mex,30
5100,630,951,18/12/2039,mex,12
5101,1885,1345,19/12/2039,mx,42
5102,560,3862,20/12/2039,mx,16
5103,212,417,21/12/2039,mx,49
5104,1547,307,22/12/2039,México,7
5105,181,2737,23/12/2039,mx,21
5106,62,4850,24/12/2039,mx,9
5107,451,3290,25/12/2039,mx,18
5108,824,4659,26/12/2039,mx,19
5109,343,4061,27/12/2039,México,40
5110,682,280,28/12/2039,México,47
5111,326,2656,29/12/2039,mx,27
5112,671,694,30/12/2039,mex,3
5113,1011,2799,31/12/2039,mx,24
5114,36,2681,01/01/2040,mx,48
5115,248,1261,02/01/2040,mx,1
5116,1817,4474,03/01/2040,mex,22
5117,1717,3481,04/01/2040,México,36
5118,950,2868,05/01/2040,México,5
5119,265,2773,06/01/2040,mx,41
5120,779,1185,07/01/2040,mx,12
5121,739,1712,08/01/2040,México,35
5122,1699,2127,09/01/2040,México,25
5123,994,4787,10/01/2040,mx,22
5124,863,4702,11/01/2040,mx,10
5125,403,2482,12/01/2040,mx,32
5126,899,1945,13/01/2040,México,38
5127,1162,2983,14/01/2040,mex,1
5128,709,4892,15/01/2040,México,28
5129,863,4491,16/01/2040,mex,28
5130,1713,3484,17/01/2040,mx,4
5131,1025,2795,18/01/2040,México,21
5132,163,2951,19/01/2040,mex,38
5133,1151,134,20/01/2040,mex,45
5134,1403,2645,21/01/2040,mex,10
5135,723,3583,22/01/2040,México,36
5136,1194,1745,23/01/2040,México,3
5137,936,3224,24/01/2040,mx,47
5138,601,369,25/01/2040,mex,45
5139,1908,2289,26/01/2040,México,40
5140,739,3659,27/01/2040,mex,37
5141,834,4869,28/01/2040,México,26
5142,1030,3748,29/01/2040,México,4
5143,1509,3864,30/01/2040,México,28
5144,1523,266,31/01/2040,México,14
5145,1140,1720,01/02/2040,mx,50
5146,235,3820,02/02/2040,México,11
5147,1110,1997,03/02/2040,mx,32
5148,1660,182,04/02/2040,México,23
5149,899,4032,05/02/2040,México,13
5150,1874,4918,06/02/2040,México,35
5151,1306,2585,07/02/2040,mx,14
5152,1841,4095,08/02/2040,mex,25
5153,1959,1028,09/02/2040,mex,26
5154,1618,2807,10/02/2040,México,41
5155,760,3648,11/02/2040,mex,35
5156,1927,4866,12/02/2040,México,18
5157,912,3090,13/02/2040,mex,17
5158,1535,3237,14/02/2040,mex,12
5159,637,4417,15/02/2040,México,43
5160,901,749,16/02/2040,mx,50
5161,505,2388,17/02/2040,México,43
5162,51,582,18/02/2040,México,3
5163,244,3352,19/02/2040,México,9
5164,814,3310,20/02/2040,mex,12
5165,1022,3569,21/02/2040,mx,17
5166,864,3152,22/02/2040,mex,12
5167,1316,3006,23/02/2040,mx,23
5168,1028,4741,24/02/2040,mx,8
5169,1703,3419,25/02/2040,México,48
5170,1139,992,26/02/2040,mx,40
5171,1103,3908,27/02/2040,mx,47
5172,1963,1020,28/02/2040,mx,5
5173,1837,3895,29/02/2040,mx,29
5174,333,3289,01/03/2040,mex,43
5175,1329,3035,02/03/2040,México,25
5176,455,1762,03/03/2040,México,14
5177,1932,1198,04/03/2040,mx,39
5178,1686,949,05/03/2040,mx,37
5179,781,831,06/03/2040,mx,28
5180,1923,1749,07/03/2040,mex,33
5181,965,1327,08/03/2040,mx,4
5182,1073,1289,09/03/2040,México,29
5183,757,1179,10/03/2040,México,11
5184,1667,4192,11/03/2040,mex,13
5185,1597,4875,12/03/2040,México,44
5186,1596,2348,13/03/2040,México,20
5187,1462,1942,14/03/2040,México,46
5188,1666,3734,15/03/2040,mx,16
5189,1978,3161,16/03/2040,México,19
5190,1397,1497,17/03/2040,mex,24
5191,80,2334,18/03/2040,mex,21
5192,535,3121,19/03/2040,mex,31
5193,1813,2430,20/03/2040,mex,48
5194,53,4389,21/03/2040,mx,44
5195,413,4955,22/03/2040,mex,34
5196,97,1678,23/03/2040,México,13
5197,667,2311,24/03/2040,mx,38
5198,1443,4427,25/03/2040,mx,1
5199,1197,4443,26/03/2040,mex,47
5200,53,1189,27/03/2040,mex,50
5201,835,2819,28/03/2040,México,13
5202,1456,3557,29/03/2040,mx,26
5203,821,1912,30/03/2040,México,18
5204,1612,2138,31/03/2040,mex,3
5205,1892,1719,01/04/2040,mex,45
5206,487,4335,02/04/2040,mex,12
5207,775,3151,03/04/2040,mx,26
5208,1970,2030,04/04/2040,mex,18
5209,1943,3174,05/04/2040,mx,49
5210,1143,3336,06/04/2040,mex,24
5211,992,1739,07/04/2040,mex,6
5212,1102,1356,08/04/2040,mex,16
5213,150,3791,09/04/2040,mx,41
5214,384,2596,10/04/2040,México,30
5215,441,3607,11/04/2040,mx,34
5216,665,3233,12/04/2040,México,35
5217,1477,3926,13/04/2040,México,20
5218,1161,3396,14/04/2040,mx,19
5219,1175,3592,15/04/2040,mex,40
5220,1593,3282,16/04/2040,mex,21
5221,1358,927,17/04/2040,mex,42
5222,1110,2623,18/04/2040,mex,33
5223,182,1728,19/04/2040,mex,29
5224,792,891,20/04/2040,mx,10
5225,1877,4377,21/04/2040,México,1
5226,4,1818,22/04/2040,mx,20
5227,407,2644,23/04/2040,mx,12
5228,12,4184,24/04/2040,mx,7
5229,18,4826,25/04/2040,México,45
5230,242,1323,26/04/2040,mx,46
5231,1503,4592,27/04/2040,mex,10
5232,1074,1561,28/04/2040,mx,47
5233,1170,888,29/04/2040,mex,9
5234,970,2967,30/04/2040,mx,39
5235,998,4733,01/05/2040,mex,5
5236,1457,1832,02/05/2040,mx,23
5237,1493,4440,03/05/2040,mex,46
5238,348,3356,04/05/2040,mex,27
5239,1111,1552,05/05/2040,mex,14
5240,716,303,06/05/2040,mx,13
5241,513,346,07/05/2040,mex,28
5242,1470,524,08/05/2040,México,6
5243,1605,1329,09/05/2040,México,31
5244,879,2236,10/05/2040,mex,29
5245,773,2599,11/05/2040,mx,50
5246,447,1333,12/05/2040,mx,11
5247,220,1309,13/05/2040,mx,9
5248,1852,4058,14/05/2040,mex,12
5249,1561,827,15/05/2040,mx,13
5250,771,1484,16/05/2040,mx,37
5251,14,1555,17/05/2040,mx,37
5252,86,1629,18/05/2040,mx,29
5253,1218,858,19/05/2040,México,17
5254,1559,3618,20/05/2040,mx,29
5255,1946,3247,21/05/2040,mex,39
5256,101,4989,22/05/2040,mex,50
5257,514,3748,23/05/2040,mx,28
5258,1350,4629,24/05/2040,México,46
5259,1441,2149,25/05/2040,mx,18
5260,995,2363,26/05/2040,mx,41
5261,549,205,27/05/2040,mx,18
5262,1621,4352,28/05/2040,mex,49
5263,1681,2437,29/05/2040,mex,13
5264,758,2218,30/05/2040,mx,49
5265,398,2838,31/05/2040,mx,18
5266,511,1059,01/06/2040,mx,5
5267,932,2398,02/06/2040,mex,26
5268,84,2912,03/06/2040,México,5
5269,1123,3149,04/06/2040,mx,3
5270,1213,2403,05/06/2040,México,45
5271,26,574,06/06/2040,mx,36
5272,1680,2641,07/06/2040,México,18
5273,1761,4972,08/06/2040,mx,36
5274,1069,1334,09/06/2040,mex,9
5275,324,2503,10/06/2040,México,18
5276,732,3997,11/06/2040,mx,8
5277,583,2964,12/06/2040,mex,18
5278,1471,4672,13/06/2040,México,45
5279,904,780,14/06/2040,mex,44
5280,1817,4366,15/06/2040,mx,28
5281,1948,2199,16/06/2040,México,37
5282,87,3131,17/06/2040,mx,25
5283,406,2453,18/06/2040,mx,48
5284,432,4360,19/06/2040,mx,11
5285,1987,3212,20/06/2040,México,50
5286,1655,2549,21/06/2040,mex,45
5287,1966,4068,22/06/2040,mex,41
5288,1104,3236,23/06/2040,mex,21
5289,226,2697,24/06/2040,mx,45
5290,980,1252,25/06/2040,México,32
5291,234,1642,26/06/2040,mx,12
5292,223,2820,27/06/2040,mex,34
5293,24,1606,28/06/2040,México,31
5294,160,4889,29/06/2040,México,27
5295,1740,193,30/06/2040,México,36
5296,1136,849,01/07/2040,mx,42
5297,1227,4992,02/07/2040,mex,3
5298,67,4895,03/07/2040,México,23
5299,629,3961,04/07/2040,México,28
5300,268,1997,05/07/2040,mx,49
5301,456,1029,06/07/2040,mex,27
5302,1737,2779,07/07/2040,mx,47
5303,1800,2093,08/07/2040,mex,43
5304,889,1369,09/07/2040,mx,3
5305,1677,3627,10/07/2040,mx,19
5306,1669,4091,11/07/2040,México,46
5307,279,1353,12/07/2040,mex,38
5308,1459,4458,13/07/2040,México,7
5309,1734,1558,14/07/2040,mex,20
5310,1334,2449,15/07/2040,México,47
5311,1885,2250,16/07/2040,mx,22
5312,1844,1068,17/07/2040,México,45
5313,1418,2935,18/07/2040,mex,27
5314,348,2392,19/07/2040,mex,17
5315,1259,279,20/07/2040,México,7
5316,269,2873,21/07/2040,mex,46
5317,754,3045,22/07/2040,México,17
5318,300,4380,23/07/2040,mex,3
5319,611,3201,24/07/2040,mex,20
5320,1324,4844,25/07/2040,mex,22
5321,1218,1620,26/07/2040,mex,45
5322,1916,2508,27/07/2040,mx,8
5323,64,268,28/07/2040,mx,12
5324,1226,4202,29/07/2040,México,24
5325,1290,216,30/07/2040,mex,50
5326,1978,4162,31/07/2040,mx,31
5327,1523,1521,01/08/2040,mex,8
5328,1573,2752,02/08/2040,México,46
5329,1439,3472,03/08/2040,mex,31
5330,383,3027,04/08/2040,México,26
5331,1208,2013,05/08/2040,mex,26
5332,1052,4167,06/08/2040,México,44
5333,157,728,07/08/2040,mx,2
5334,802,3912,08/08/2040,México,26
5335,1856,4690,09/08/2040,mx,44
5336,998,4795,10/08/2040,mx,17
5337,1979,3805,11/08/2040,mex,29
5338,97,2352,12/08/2040,mx,19
5339,149,375,13/08/2040,México,17
5340,1548,1472,14/08/2040,mex,27
5341,1464,3837,15/08/2040,México,22
5342,517,3582,16/08/2040,mx,6
5343,392,4677,17/08/2040,mex,11
5344,693,3744,18/08/2040,México,6
5345,1986,4855,19/08/2040,México,44
5346,1337,680,20/08/2040,mx,47
5347,1278,1055,21/08/2040,México,47
5348,49,1969,22/08/2040,mx,34
5349,340,1507,23/08/2040,mex,11
5350,77,952,24/08/2040,México,40
5351,17,4105,25/08/2040,mex,26
5352,1462,4526,26/08/2040,mx,13
5353,501,3960,27/08/2040,mx,3
5354,887,1470,28/08/2040,México,42
5355,487,1911,29/08/2040,México,41
5356,267,3977,30/08/2040,México,23
5357,1283,3267,31/08/2040,mex,22
5358,103,686,01/09/2040,México,22
5359,1792,3023,02/09/2040,México,25
5360,382,887,03/09/2040,México,8
5361,89,913,04/09/2040,México,10
5362,513,931,05/09/2040,mx,4
5363,1004,2583,06/09/2040,México,13
5364,958,2412,07/09/2040,México,33
5365,1059,2004,08/09/2040,mex,24
5366,1187,1332,09/09/2040,mx,36
5367,1920,4900,10/09/2040,mx,41
5368,303,4484,11/09/2040,México,33
5369,1585,4029,12/09/2040,mex,23
5370,424,3083,13/09/2040,mx,35
5371,834,167,14/09/2040,México,31
5372,1093,2059,15/09/2040,mx,43
5373,832,2562,16/09/2040,México,4
5374,1373,3383,17/09/2040,México,23
5375,742,2057,18/09/2040,mex,47
5376,65,4407,19/09/2040,México,43
5377,1485,311,20/09/2040,México,27
5378,1191,2084,21/09/2040,mx,38
5379,1550,580,22/09/2040,mex,31
5380,448,4151,23/09/2040,México,35
5381,1887,3281,24/09/2040,mex,13
5382,880,2154,25/09/2040,mex,25
5383,1441,3976,26/09/2040,mex,41
5384,560,3435,27/09/2040,mex,8
5385,655,520,28/09/2040,México,18
5386,1995,3188,29/09/2040,mx,26
5387,1551,3201,30/09/2040,México,41
5388,114,1087,01/10/2040,mex,2
5389,1674,4894,02/10/2040,mx,16
5390,481,4836,03/10/2040,mex,14
5391,1952,3956,04/10/2040,México,7
5392,1428,3755,05/10/2040,mex,42
5393,1550,2345,06/10/2040,mex,9
5394,505,1154,07/10/2040,mx,10
5395,601,4613,08/10/2040,mex,27
5396,1010,3164,09/10/2040,mx,25
5397,1048,2979,10/10/2040,mex,15
5398,612,980,11/10/2040,mx,50
5399,1937,4135,12/10/2040,mx,48
5400,1786,4965,13/10/2040,mex,26
5401,1385,2846,14/10/2040,México,11
5402,819,4376,15/10/2040,México,35
5403,444,2967,16/10/2040,mex,4
5404,1473,2588,17/10/2040,mex,9
5405,118,3923,18/10/2040,mex,46
5406,345,1743,19/10/2040,mx,32
5407,284,1245,20/10/2040,mx,22
5408,1586,1983,21/10/2040,mex,20
5409,403,3953,22/10/2040,mx,24
5410,910,3981,23/10/2040,mex,33
5411,53,2073,24/10/2040,México,43
5412,1002,2776,25/10/2040,mx,29
5413,90,444,26/10/2040,México,11
5414,1049,205,27/10/2040,México,4
5415,318,2695,28/10/2040,mex,27
5416,1376,452,29/10/2040,mex,50
5417,704,1107,30/10/2040,mx,31
5418,979,218,31/10/2040,mx,35
5419,1883,3864,01/11/2040,México,14
5420,644,4398,02/11/2040,México,17
5421,1802,253,03/11/2040,mex,32
5422,748,4693,04/11/2040,mex,27
5423,801,3268,05/11/2040,mex,43
5424,1378,3839,06/11/2040,mex,29
5425,1742,260,07/11/2040,México,49
5426,220,4497,08/11/2040,mx,34
5427,1906,1028,09/11/2040,México,25
5428,1208,4259,10/11/2040,mx,13
5429,305,745,11/11/2040,mx,23
5430,1755,4481,12/11/2040,México,12
5431,1190,3684,13/11/2040,México,19
5432,1241,3806,14/11/2040,México,25
5433,1228,1725,15/11/2040,México,34
5434,80,3868,16/11/2040,mex,16
5435,1238,1041,17/11/2040,México,11
5436,968,1646,18/11/2040,mx,40
5437,986,2572,19/11/2040,mx,1
5438,2000,1706,20/11/2040,México,4
5439,583,3539,21/11/2040,mex,39
5440,1134,4620,22/11/2040,mex,25
5441,49,2202,23/11/2040,mex,13
5442,875,192,24/11/2040,mx,48
5443,1340,863,25/11/2040,mex,47
5444,1114,2967,26/11/2040,mex,12
5445,184,4692,27/11/2040,mex,34
5446,1324,4893,28/11/2040,mex,41
5447,1765,1266,29/11/2040,mex,33
5448,1328,158,30/11/2040,mex,50
5449,1666,2040,01/12/2040,México,28
5450,955,3810,02/12/2040,mex,39
5451,1652,4362,03/12/2040,mx,39
5452,178,605,04/12/2040,mx,39
5453,981,859,05/12/2040,mex,35
5454,8,778,06/12/2040,México,24
5455,1438,4892,07/12/2040,México,44
5456,1767,2338,08/12/2040,mx,6
5457,652,1683,09/12/2040,mex,22
5458,230,743,10/12/2040,mex,49
5459,963,3082,11/12/2040,mx,42
5460,1365,1987,12/12/2040,México,43
5461,440,3145,13/12/2040,mex,4
5462,581,832,14/12/2040,mx,25
5463,662,3541,15/12/2040,mx,48
5464,1021,3409,16/12/2040,México,39
5465,159,3839,17/12/2040,México,40
5466,250,1294,18/12/2040,mx,41
5467,1313,534,19/12/2040,mx,17
5468,1261,2716,20/12/2040,mex,10
5469,963,4463,21/12/2040,mex,48
5470,1427,4035,22/12/2040,México,38
5471,775,2475,23/12/2040,México,49
5472,1978,3982,24/12/2040,México,9
5473,1521,3650,25/12/2040,mex,1
5474,108,573,26/12/2040,México,32
5475,435,647,27/12/2040,mx,44
5476,1872,4115,28/12/2040,mex,28
5477,606,1572,29/12/2040,México,12
5478,1631,4589,30/12/2040,mx,24
5479,11,2895,31/12/2040,mx,18
5480,510,2895,01/01/2041,mex,29
5481,401,1604,02/01/2041,mx,26
5482,1385,1615,03/01/2041,mex,36
5483,94,1111,04/01/2041,México,5
5484,176,4153,05/01/2041,mex,9
5485,353,1450,06/01/2041,mx,42
5486,156,1075,07/01/2041,mex,42
5487,1494,4046,08/01/2041,mx,39
5488,1066,2222,09/01/2041,mx,5
5489,306,3427,10/01/2041,mx,43
5490,1046,3612,11/01/2041,mex,43
5491,750,1292,12/01/2041,mex,46
5492,656,104,13/01/2041,mx,35
5493,572,1737,14/01/2041,México,6
5494,1143,2283,15/01/2041,México,28
5495,1326,4997,16/01/2041,mx,45
5496,1625,4659,17/01/2041,mex,12
5497,25,2633,18/01/2041,México,29
5498,379,1377,19/01/2041,México,1
5499,166,1226,20/01/2041,mx,8
5500,1520,3561,21/01/2041,mex,29
5501,1830,2528,22/01/2041,mex,22
5502,1728,2480,23/01/2041,mex,2
5503,1291,514,24/01/2041,mx,29
5504,236,4050,25/01/2041,México,34
5505,1463,2360,26/01/2041,mx,15
5506,1619,1627,27/01/2041,México,50
5507,1872,3307,28/01/2041,mx,27
5508,229,3814,29/01/2041,México,1
5509,385,1867,30/01/2041,México,32
5510,775,1601,31/01/2041,mx,8
5511,1215,3824,01/02/2041,mex,11
5512,83,2196,02/02/2041,México,9
5513,549,3464,03/02/2041,mx,36
5514,1763,3010,04/02/2041,mx,39
5515,1675,664,05/02/2041,México,3
5516,612,916,06/02/2041,mx,31
5517,541,2942,07/02/2041,mx,39
5518,1145,461,08/02/2041,mex,3
5519,1928,2984,09/02/2041,mx,29
5520,1199,2329,10/02/2041,mx,30
5521,1686,3404,11/02/2041,mx,30
5522,1486,650,12/02/2041,mex,43
5523,73,3132,13/02/2041,mex,16
5524,495,370,14/02/2041,México,24
5525,1371,178,15/02/2041,México,25
5526,2,1611,16/02/2041,México,48
5527,546,1757,17/02/2041,México,20
5528,1306,1605,18/02/2041,México,29
5529,1212,460,19/02/2041,mex,42
5530,1844,569,20/02/2041,México,1
5531,246,4875,21/02/2041,México,35
5532,748,1023,22/02/2041,mx,10
5533,729,3635,23/02/2041,mex,27
5534,578,3483,24/02/2041,mx,47
5535,1267,1711,25/02/2041,México,13
5536,134,2900,26/02/2041,mex,4
5537,1884,2968,27/02/2041,México,5
5538,1778,4529,28/02/2041,mex,39
5539,1576,3813,01/03/2041,México,9
5540,1873,736,02/03/2041,mx,2
5541,813,2877,03/03/2041,mex,43
5542,528,3085,04/03/2041,México,36
5543,1906,4414,05/03/2041,mex,17
5544,780,2209,06/03/2041,mx,1
5545,65,2340,07/03/2041,mex,37
5546,519,877,08/03/2041,mx,37
5547,1345,941,09/03/2041,México,44
5548,1542,1030,10/03/2041,mex,32
5549,229,3408,11/03/2041,mx,15
5550,1087,799,12/03/2041,mx,9
5551,633,4031,13/03/2041,mex,18
5552,1375,2391,14/03/2041,mex,36
5553,742,4097,15/03/2041,mx,6
5554,145,4994,16/03/2041,México,11
5555,183,2971,17/03/2041,mx,42
5556,1635,4270,18/03/2041,México,48
5557,595,4907,19/03/2041,México,37
5558,1485,1058,20/03/2041,México,24
5559,471,3568,21/03/2041,mx,17
5560,1707,1957,22/03/2041,mx,35
5561,224,3518,23/03/2041,México,50
5562,1532,3344,24/03/2041,mex,45
5563,959,2311,25/03/2041,México,19
5564,437,3723,26/03/2041,México,50
5565,1303,3924,27/03/2041,mex,50
5566,224,2963,28/03/2041,mx,27
5567,1504,664,29/03/2041,mx,41
5568,1465,2639,30/03/2041,mx,19
5569,1727,3328,31/03/2041,México,8
5570,139,1895,01/04/2041,México,9
5571,1660,1845,02/04/2041,México,25
5572,1780,3345,03/04/2041,mex,48
5573,87,619,04/04/2041,México,23
5574,1165,959,05/04/2041,México,16
5575,314,2644,06/04/2041,México,31
5576,1675,751,07/04/2041,mex,6
5577,1123,1148,08/04/2041,mx,5
5578,1598,4301,09/04/2041,México,10
5579,1653,1829,10/04/2041,México,21
5580,1150,4002,11/04/2041,mex,47
5581,1918,2136,12/04/2041,México,46
5582,1210,3142,13/04/2041,mx,42
5583,851,183,14/04/2041,mex,45
5584,431,4748,15/04/2041,mex,2
5585,14,4034,16/04/2041,México,25
5586,348,1846,17/04/2041,mx,16
5587,569,531,18/04/2041,mex,37
5588,1502,4142,19/04/2041,mx,48
5589,840,345,20/04/2041,mx,3
5590,270,3941,21/04/2041,México,39
5591,643,3259,22/04/2041,México,34
5592,1818,631,23/04/2041,mx,11
5593,1776,1790,24/04/2041,mex,34
5594,79,1246,25/04/2041,mx,12
5595,1312,4873,26/04/2041,mex,38
5596,1089,2089,27/04/2041,México,43
5597,752,2050,28/04/2041,mx,30
5598,1760,728,29/04/2041,mx,27
5599,1877,4751,30/04/2041,mx,13
5600,1477,1682,01/05/2041,mx,23
5601,1776,1297,02/05/2041,mex,22
5602,1053,2082,03/05/2041,mx,27
5603,348,3452,04/05/2041,mex,37
5604,611,2307,05/05/2041,mx,40
5605,451,611,06/05/2041,México,50
5606,1119,3790,07/05/2041,mx,3
5607,668,3412,08/05/2041,México,3
5608,62,873,09/05/2041,mex,32
5609,47,250,10/05/2041,México,41
5610,1357,4569,11/05/2041,México,39
5611,1923,3651,12/05/2041,mx,12
5612,1882,294,13/05/2041,mx,13
5613,774,145,14/05/2041,México,49
5614,1518,1728,15/05/2041,mx,32
5615,123,3336,16/05/2041,México,30
5616,1762,4251,17/05/2041,mex,33
5617,962,838,18/05/2041,México,38
5618,1711,3944,19/05/2041,México,43
5619,741,4216,20/05/2041,mex,38
5620,1124,4679,21/05/2041,México,33
5621,706,3651,22/05/2041,mex,1
5622,1163,1137,23/05/2041,mex,7
5623,1883,4354,24/05/2041,mx,1
5624,256,818,25/05/2041,mex,19
5625,326,1015,26/05/2041,mex,43
5626,876,3872,27/05/2041,México,48
5627,458,4767,28/05/2041,México,21
5628,516,2344,29/05/2041,México,4
5629,662,4892,30/05/2041,mex,21
5630,985,4307,31/05/2041,México,24
5631,1607,4904,01/06/2041,mex,14
5632,722,2299,02/06/2041,mex,35
5633,1909,2042,03/06/2041,mx,37
5634,1729,1336,04/06/2041,mex,19
5635,705,844,05/06/2041,mx,23
5636,1731,3469,06/06/2041,México,24
5637,1245,3082,07/06/2041,mx,37
5638,147,1226,08/06/2041,mex,15
5639,828,1185,09/06/2041,mx,14
5640,1280,1813,10/06/2041,mx,13
5641,1541,4250,11/06/2041,mex,47
5642,1979,4802,12/06/2041,mex,25
5643,1883,2448,13/06/2041,mex,11
5644,1367,2775,14/06/2041,mx,36
5645,1251,4698,15/06/2041,mex,28
5646,1584,1194,16/06/2041,mx,37
5647,434,4066,17/06/2041,mx,17
5648,1293,4694,18/06/2041,mex,33
5649,474,1718,19/06/2041,México,50
5650,923,1413,20/06/2041,México,7
5651,1618,4771,21/06/2041,México,34
5652,1856,1042,22/06/2041,mex,3
5653,1756,2394,23/06/2041,México,34
5654,299,4130,24/06/2041,mex,2
5655,1519,4018,25/06/2041,mex,23
5656,555,898,26/06/2041,mex,15
5657,1510,4400,27/06/2041,mx,30
5658,54,4472,28/06/2041,mex,41
5659,977,4786,29/06/2041,México,33
5660,203,2005,30/06/2041,mx,50
5661,1020,2848,01/07/2041,mx,46
5662,808,1999,02/07/2041,mex,3
5663,1487,1415,03/07/2041,mex,9
5664,787,1696,04/07/2041,mx,20
5665,1534,3826,05/07/2041,México,24
5666,180,1784,06/07/2041,mex,19
5667,635,2023,07/07/2041,mex,49
5668,1732,3714,08/07/2041,mex,4
5669,1362,3633,09/07/2041,mx,23
5670,1317,922,10/07/2041,mex,13
5671,724,4679,11/07/2041,mex,28
5672,1516,4008,12/07/2041,mx,46
5673,2000,1454,13/07/2041,México,26
5674,660,2546,14/07/2041,México,9
5675,462,158,15/07/2041,mx,30
5676,1629,2444,16/07/2041,mx,5
5677,1902,2746,17/07/2041,México,38
5678,241,2471,18/07/2041,mx,13
5679,396,3562,19/07/2041,México,16
5680,63,2165,20/07/2041,mx,49
5681,776,2048,21/07/2041,México,17
5682,1320,4919,22/07/2041,mex,6
5683,1818,2411,23/07/2041,mex,50
5684,1566,2474,24/07/2041,mex,22
5685,572,4262,25/07/2041,mex,32
5686,781,2638,26/07/2041,mex,50
5687,1715,3580,27/07/2041,México,44
5688,400,2164,28/07/2041,mx,9
5689,76,4859,29/07/2041,mx,2
5690,1174,101,30/07/2041,mx,1
5691,717,4202,31/07/2041,México,7
5692,1713,4642,01/08/2041,mx,33
5693,1025,606,02/08/2041,México,6
5694,1300,3532,03/08/2041,México,24
5695,349,1254,04/08/2041,mx,28
5696,312,4487,05/08/2041,México,8
5697,1040,3857,06/08/2041,México,8
5698,1972,716,07/08/2041,México,33
5699,508,324,08/08/2041,mex,44
5700,1932,4607,09/08/2041,México,49
5701,1906,2569,10/08/2041,México,32
5702,1105,3864,11/08/2041,mx,47
5703,920,266,12/08/2041,mex,5
5704,327,2422,13/08/2041,México,1
5705,1576,1566,14/08/2041,México,12
5706,1265,4573,15/08/2041,México,15
5707,1649,2993,16/08/2041,mex,30
5708,575,123,17/08/2041,México,40
5709,1957,573,18/08/2041,mx,22
5710,670,953,19/08/2041,México,26
5711,1630,3222,20/08/2041,mex,47
5712,1051,871,21/08/2041,México,12
5713,691,2962,22/08/2041,mx,17
5714,1663,2319,23/08/2041,México,22
5715,631,3505,24/08/2041,México,46
5716,290,1637,25/08/2041,mex,37
5717,1581,2145,26/08/2041,México,5
5718,1417,2679,27/08/2041,mx,12
5719,146,3657,28/08/2041,México,27
5720,1166,3185,29/08/2041,mex,7
5721,730,2818,30/08/2041,mx,25
5722,88,4538,31/08/2041,mx,10
5723,680,3357,01/09/2041,mex,3
5724,1770,1055,02/09/2041,mex,36
5725,1274,3093,03/09/2041,mx,20
5726,130,2152,04/09/2041,mx,3
5727,844,2199,05/09/2041,mx,50
5728,961,4285,06/09/2041,mx,7
5729,1538,2405,07/09/2041,México,1
5730,999,3034,08/09/2041,mx,27
5731,1312,209,09/09/2041,mx,45
5732,870,2620,10/09/2041,mx,23
5733,519,467,11/09/2041,México,26
5734,1753,1916,12/09/2041,mex,49
5735,1183,4984,13/09/2041,México,36
5736,1794,2977,14/09/2041,mx,16
5737,950,1569,15/09/2041,mex,42
5738,463,2613,16/09/2041,mx,8
5739,604,1801,17/09/2041,mex,5
5740,500,4873,18/09/2041,México,24
5741,59,2839,19/09/2041,mx,21
5742,404,769,20/09/2041,México,27
5743,656,2231,21/09/2041,mex,8
5744,1628,133,22/09/2041,mex,4
5745,955,3513,23/09/2041,mex,42
5746,1434,2988,24/09/2041,México,35
5747,1790,494,25/09/2041,mex,32
5748,1943,4108,26/09/2041,mex,15
5749,716,2559,27/09/2041,México,4
5750,574,2025,28/09/2041,mex,24
5751,989,542,29/09/2041,mx,11
5752,607,4959,30/09/2041,México,10
5753,1579,4370,01/10/2041,mx,41
5754,1792,763,02/10/2041,mex,7
5755,521,3001,03/10/2041,mex,24
5756,1207,4487,04/10/2041,mx,23
5757,1865,2697,05/10/2041,mex,20
5758,738,2605,06/10/2041,mex,28
5759,1217,1416,07/10/2041,México,23
5760,634,1275,08/10/2041,mex,10
5761,643,2341,09/10/2041,mx,47
5762,85,2055,10/10/2041,mx,50
5763,1445,3173,11/10/2041,mex,42
5764,1358,3209,12/10/2041,mex,11
5765,1878,3782,13/10/2041,México,32
5766,1374,3447,14/10/2041,México,41
5767,348,4842,15/10/2041,mx,45
5768,1316,3612,16/10/2041,México,3
5769,438,4762,17/10/2041,mx,49
5770,1804,182,18/10/2041,mex,19
5771,224,1452,19/10/2041,México,48
5772,272,3105,20/10/2041,mx,26
5773,1456,2784,21/10/2041,México,4
5774,281,491,22/10/2041,mx,15
5775,610,309,23/10/2041,mx,31
5776,137,635,24/10/2041,México,47
5777,526,2424,25/10/2041,mex,29
5778,1784,2173,26/10/2041,México,13
5779,1130,1028,27/10/2041,México,29
5780,392,1012,28/10/2041,mx,50
5781,1784,1345,29/10/2041,mex,22
5782,762,432,30/10/2041,mex,49
5783,238,567,31/10/2041,mex,34
5784,541,3888,01/11/2041,México,35
5785,328,1276,02/11/2041,mex,43
5786,70,2937,03/11/2041,mex,48
5787,1145,662,04/11/2041,México,43
5788,665,1722,05/11/2041,mx,12
5789,1710,1908,06/11/2041,mex,16
5790,1191,389,07/11/2041,mx,44
5791,521,714,08/11/2041,mx,23
5792,41,1878,09/11/2041,México,21
5793,401,1058,10/11/2041,mex,24
5794,481,1911,11/11/2041,mex,22
5795,18,2836,12/11/2041,mex,6
5796,1516,2698,13/11/2041,mx,2
5797,1058,1770,14/11/2041,mx,11
5798,663,573,15/11/2041,mex,42
5799,1946,4500,16/11/2041,mex,25
5800,826,1337,17/11/2041,mx,32
5801,224,4664,18/11/2041,México,45
5802,1374,4242,19/11/2041,mex,31
5803,139,1276,20/11/2041,mx,30
5804,794,1802,21/11/2041,mex,43
5805,1606,4697,22/11/2041,mex,25
5806,142,4786,23/11/2041,mex,13
5807,547,1254,24/11/2041,mx,17
5808,207,1689,25/11/2041,México,50
5809,1255,2967,26/11/2041,México,26
5810,1947,2680,27/11/2041,mex,26
5811,242,366,28/11/2041,mex,38
5812,1393,787,29/11/2041,México,49
5813,1477,3537,30/11/2041,mx,31
5814,562,4023,01/12/2041,mx,24
5815,759,3121,02/12/2041,México,19
5816,1883,995,03/12/2041,México,44
5817,704,969,04/12/2041,mex,28
5818,1655,3507,05/12/2041,mx,37
5819,932,1303,06/12/2041,México,44
5820,1040,3258,07/12/2041,México,19
5821,1325,372,08/12/2041,mx,3
5822,1276,218,09/12/2041,México,37
5823,1476,2098,10/12/2041,México,40
5824,1762,564,11/12/2041,México,38
5825,1060,4173,12/12/2041,México,24
5826,1448,317,13/12/2041,mex,46
5827,1079,2685,14/12/2041,mx,1
5828,99,4840,15/12/2041,mx,15
5829,159,3952,16/12/2041,mex,45
5830,1803,3231,17/12/2041,México,28
5831,384,432,18/12/2041,mx,8
5832,548,3017,19/12/2041,mex,13
5833,290,4956,20/12/2041,mex,7
5834,638,4860,21/12/2041,mex,37
5835,162,4808,22/12/2041,México,33
5836,1788,452,23/12/2041,México,37
5837,1048,2987,24/12/2041,México,13
5838,1259,2984,25/12/2041,mx,18
5839,1654,2671,26/12/2041,mx,11
5840,1665,122,27/12/2041,mx,11
5841,246,880,28/12/2041,México,48
5842,834,3370,29/12/2041,mx,19
5843,1445,506,30/12/2041,mx,48
5844,276,4492,31/12/2041,México,11
5845,8,1337,01/01/2042,mex,11
5846,1498,4296,02/01/2042,México,13
5847,39,2657,03/01/2042,mx,43
5848,1521,826,04/01/2042,mx,33
5849,1310,3422,05/01/2042,México,11
5850,1475,853,06/01/2042,México,50
5851,1444,607,07/01/2042,México,15
5852,1393,1807,08/01/2042,mex,12
5853,888,3632,09/01/2042,México,40
5854,1863,4006,10/01/2042,México,19
5855,1495,4620,11/01/2042,México,22
5856,1061,2411,12/01/2042,mx,49
5857,1691,3990,13/01/2042,México,44
5858,894,3809,14/01/2042,México,4
5859,1034,2470,15/01/2042,mex,41
5860,1280,2003,16/01/2042,mex,12
5861,448,1504,17/01/2042,mex,16
5862,502,3402,18/01/2042,México,35
5863,1735,251,19/01/2042,mx,31
5864,599,680,20/01/2042,México,27
5865,265,4415,21/01/2042,México,1
5866,1267,676,22/01/2042,México,37
5867,490,4872,23/01/2042,mx,42
5868,1054,586,24/01/2042,mex,28
5869,847,1164,25/01/2042,mex,46
5870,57,465,26/01/2042,mex,10
5871,1867,1790,27/01/2042,mex,31
5872,670,3297,28/01/2042,mx,44
5873,32,230,29/01/2042,México,38
5874,1147,221,30/01/2042,mex,44
5875,1475,2200,31/01/2042,México,20
5876,909,4265,01/02/2042,mx,19
5877,1597,1497,02/02/2042,mex,46
5878,1066,1359,03/02/2042,mx,39
5879,781,3599,04/02/2042,mex,13
5880,1808,3962,05/02/2042,mex,49
5881,848,614,06/02/2042,México,3
5882,602,1874,07/02/2042,México,44
5883,1539,3082,08/02/2042,mx,41
5884,131,3495,09/02/2042,México,36
5885,418,3200,10/02/2042,México,33
5886,507,272,11/02/2042,mx,19
5887,1434,3439,12/02/2042,México,11
5888,1594,1368,13/02/2042,mx,8
5889,647,4743,14/02/2042,mx,40
5890,1745,3637,15/02/2042,México,49
5891,1121,1008,16/02/2042,mex,48
5892,602,3759,17/02/2042,México,11
5893,1403,3184,18/02/2042,México,27
5894,237,3816,19/02/2042,mex,34
5895,1694,1105,20/02/2042,mex,9
5896,285,182,21/02/2042,México,18
5897,741,2196,22/02/2042,México,26
5898,1833,4439,23/02/2042,mex,37
5899,1076,4080,24/02/2042,México,41
5900,1600,1524,25/02/2042,mex,32
5901,469,2350,26/02/2042,mx,6
5902,862,4475,27/02/2042,mx,11
5903,1929,2136,28/02/2042,mx,48
5904,918,4666,01/03/2042,mex,33
5905,1489,3808,02/03/2042,mex,31
5906,568,1650,03/03/2042,México,14
5907,404,758,04/03/2042,mex,5
5908,660,1969,05/03/2042,mx,44
5909,298,3544,06/03/2042,mex,24
5910,1379,4149,07/03/2042,México,34
5911,1064,809,08/03/2042,mex,13
5912,1190,809,09/03/2042,mex,28
5913,946,2061,10/03/2042,México,26
5914,467,4056,11/03/2042,mex,14
5915,1052,303,12/03/2042,México,25
5916,485,1283,13/03/2042,mx,28
5917,678,1464,14/03/2042,México,45
5918,261,2446,15/03/2042,México,8
5919,720,2375,16/03/2042,mex,1
5920,203,884,17/03/2042,mx,20
5921,1139,3415,18/03/2042,mx,31
5922,1075,3564,19/03/2042,mex,21
5923,1408,3369,20/03/2042,mex,8
5924,170,3357,21/03/2042,mex,14
5925,111,2408,22/03/2042,mx,45
5926,1535,1776,23/03/2042,mx,40
5927,1871,3938,24/03/2042,mex,27
5928,418,1052,25/03/2042,mex,33
5929,470,2693,26/03/2042,México,30
5930,1808,4345,27/03/2042,mex,12
5931,1715,3119,28/03/2042,mx,36
5932,1281,974,29/03/2042,mx,30
5933,713,3534,30/03/2042,mex,22
5934,1626,4741,31/03/2042,mx,23
5935,84,3432,01/04/2042,México,33
5936,925,3207,02/04/2042,México,38
5937,698,1112,03/04/2042,México,29
5938,1551,2266,04/04/2042,mx,26
5939,394,1436,05/04/2042,mex,25
5940,574,3176,06/04/2042,mx,25
5941,1051,3420,07/04/2042,mex,43
5942,38,2948,08/04/2042,mex,10
5943,986,2352,09/04/2042,mex,5
5944,43,1475,10/04/2042,mx,25
5945,1622,2898,11/04/2042,México,27
5946,1468,2491,12/04/2042,mex,22
5947,1909,379,13/04/2042,México,45
5948,516,2885,14/04/2042,mex,22
5949,1655,1946,15/04/2042,México,39
5950,609,2040,16/04/2042,México,19
5951,1628,3762,17/04/2042,México,13
5952,626,3324,18/04/2042,México,33
5953,1461,4183,19/04/2042,mex,14
5954,1439,4310,20/04/2042,mex,34
5955,1323,3205,21/04/2042,mex,31
5956,1533,2136,22/04/2042,mex,3
5957,168,4835,23/04/2042,mx,20
5958,434,1362,24/04/2042,mex,10
5959,545,2082,25/04/2042,México,48
5960,200,3214,26/04/2042,mx,29
5961,1267,1635,27/04/2042,mx,14
5962,688,2773,28/04/2042,mex,4
5963,1309,4923,29/04/2042,mx,49
5964,801,609,30/04/2042,mx,48
5965,497,1429,01/05/2042,México,13
5966,1412,1655,02/05/2042,mex,8
5967,674,1439,03/05/2042,mex,8
5968,1488,2018,04/05/2042,México,2
5969,1962,3063,05/05/2042,México,40
5970,790,3061,06/05/2042,mx,29
5971,1564,4254,07/05/2042,mex,33
5972,1695,4140,08/05/2042,mx,10
5973,380,1923,09/05/2042,mex,43
5974,1848,4194,10/05/2042,México,31
5975,570,3182,11/05/2042,mex,50
5976,657,671,12/05/2042,mx,48
5977,1761,345,13/05/2042,mex,5
5978,485,3824,14/05/2042,México,11
5979,1618,4673,15/05/2042,México,16
5980,1472,3920,16/05/2042,mx,6
5981,496,2050,17/05/2042,mx,18
5982,1226,207,18/05/2042,México,13
5983,1480,826,19/05/2042,México,15
5984,265,3437,20/05/2042,mx,24
5985,988,1765,21/05/2042,México,22
5986,1711,4596,22/05/2042,mex,15
5987,1288,4654,23/05/2042,México,18
5988,21,3424,24/05/2042,México,16
5989,1741,826,25/05/2042,mex,27
5990,369,1005,26/05/2042,mex,8
5991,1232,3758,27/05/2042,mx,29
5992,1676,3220,28/05/2042,mx,20
5993,863,199,29/05/2042,mex,16
5994,575,4868,30/05/2042,mx,49
5995,258,2551,31/05/2042,México,49
5996,174,233,01/06/2042,México,12
5997,895,4544,02/06/2042,mx,3
5998,467,4689,03/06/2042,mx,30
5999,801,2431,04/06/2042,México,20
6000,1300,4968,05/06/2042,mex,40
6001,472,315,06/06/2042,mx,38
6002,345,437,07/06/2042,mex,47
6003,1616,2341,08/06/2042,mex,21
6004,1535,2921,09/06/2042,mx,42
6005,982,2135,10/06/2042,mx,24
6006,1477,3497,11/06/2042,mx,20
6007,1334,2258,12/06/2042,mex,26
6008,506,4161,13/06/2042,mx,36
6009,1256,1085,14/06/2042,mex,38
6010,750,147,15/06/2042,México,31
6011,610,1999,16/06/2042,mex,31
6012,1037,1118,17/06/2042,México,5
6013,227,567,18/06/2042,mex,9
6014,122,207,19/06/2042,mex,33
6015,1514,4922,20/06/2042,mex,47
6016,1593,4647,21/06/2042,mx,5
6017,1246,480,22/06/2042,mex,41
6018,814,1515,23/06/2042,mex,39
6019,1087,3586,24/06/2042,mx,34
6020,181,3013,25/06/2042,México,16
6021,550,763,26/06/2042,México,13
6022,447,4240,27/06/2042,mex,35
6023,383,2021,28/06/2042,mx,21
6024,580,663,29/06/2042,mex,20
6025,58,2602,30/06/2042,mx,31
6026,1134,1383,01/07/2042,México,26
6027,1229,1486,02/07/2042,mx,15
6028,922,4482,03/07/2042,México,27
6029,154,516,04/07/2042,mex,7
6030,875,3780,05/07/2042,México,46
6031,1892,2339,06/07/2042,mex,50
6032,1002,2338,07/07/2042,México,4
6033,1069,3999,08/07/2042,mex,28
6034,274,3552,09/07/2042,mex,43
6035,873,625,10/07/2042,México,2
6036,1915,566,11/07/2042,mex,40
6037,446,1817,12/07/2042,mex,17
6038,1561,3828,13/07/2042,México,44
6039,994,2337,14/07/2042,mex,8
6040,65,3226,15/07/2042,México,50
6041,898,3086,16/07/2042,mx,44
6042,1464,2735,17/07/2042,mex,7
6043,693,2458,18/07/2042,mx,47
6044,1752,3220,19/07/2042,México,7
6045,1008,1572,20/07/2042,mx,11
6046,493,526,21/07/2042,mex,29
6047,747,2946,22/07/2042,mex,14
6048,770,3410,23/07/2042,mx,13
6049,909,3512,24/07/2042,México,22
6050,1806,275,25/07/2042,mx,34
6051,534,2483,26/07/2042,mx,33
6052,1430,1545,27/07/2042,mex,42
6053,954,3586,28/07/2042,México,44
6054,982,3969,29/07/2042,mx,33
6055,1329,4763,30/07/2042,mx,3
6056,886,3246,31/07/2042,mx,9
6057,1700,1491,01/08/2042,mex,15
6058,1043,4319,02/08/2042,mex,26
6059,1170,4704,03/08/2042,mex,10
6060,394,2349,04/08/2042,México,41
6061,2000,4322,05/08/2042,mx,33
6062,1121,2913,06/08/2042,México,27
6063,1762,1947,07/08/2042,mex,25
6064,927,1110,08/08/2042,México,12
6065,1046,2365,09/08/2042,México,4
6066,421,4800,10/08/2042,mx,46
6067,924,2270,11/08/2042,mx,49
6068,1324,974,12/08/2042,mx,7
6069,1442,1957,13/08/2042,mx,47
6070,596,1747,14/08/2042,mx,7
6071,92,1196,15/08/2042,México,45
6072,1865,4220,16/08/2042,México,38
6073,380,3879,17/08/2042,mx,11
6074,583,2390,18/08/2042,México,23
6075,640,1289,19/08/2042,mx,29
6076,1461,2284,20/08/2042,mx,33
6077,428,1473,21/08/2042,mex,33
6078,111,1130,22/08/2042,México,29
6079,1161,3145,23/08/2042,mx,2
6080,1816,2898,24/08/2042,México,29
6081,1988,4783,25/08/2042,mx,27
6082,610,503,26/08/2042,mex,49
6083,951,2098,27/08/2042,mx,16
6084,1064,1782,28/08/2042,mex,14
6085,1895,1287,29/08/2042,mx,18
6086,1593,1058,30/08/2042,mex,29
6087,1155,4286,31/08/2042,mx,31
6088,1573,392,01/09/2042,México,27
6089,483,1945,02/09/2042,México,26
6090,759,2973,03/09/2042,México,21
6091,968,1909,04/09/2042,México,39
6092,1263,2982,05/09/2042,mx,37
6093,1509,1961,06/09/2042,mex,41
6094,1743,1349,07/09/2042,mx,33
6095,1420,3179,08/09/2042,mx,31
6096,1794,871,09/09/2042,mx,7
6097,215,3950,10/09/2042,México,10
6098,1703,3687,11/09/2042,mex,15
6099,1233,3153,12/09/2042,México,13
6100,1263,2189,13/09/2042,México,41
6101,194,995,14/09/2042,México,39
6102,160,1062,15/09/2042,México,16
6103,401,615,16/09/2042,mex,49
6104,34,3248,17/09/2042,mex,44
6105,1514,2650,18/09/2042,mx,12
6106,1408,1645,19/09/2042,México,22
6107,1732,124,20/09/2042,mex,43
6108,698,4133,21/09/2042,México,36
6109,1689,3866,22/09/2042,mx,45
6110,1240,2272,23/09/2042,México,33
6111,1364,1862,24/09/2042,México,35
6112,97,4190,25/09/2042,México,45
6113,1995,3067,26/09/2042,México,43
6114,1436,2326,27/09/2042,mex,28
6115,201,1566,28/09/2042,mx,22
6116,1555,3678,29/09/2042,México,23
6117,1863,3742,30/09/2042,México,24
6118,1465,4569,01/10/2042,México,46
6119,1334,3974,02/10/2042,mex,9
6120,944,3729,03/10/2042,México,48
6121,296,1170,04/10/2042,México,43
6122,1333,280,05/10/2042,mex,11
6123,1794,773,06/10/2042,mex,10
6124,535,2197,07/10/2042,México,43
6125,501,1575,08/10/2042,mex,10
6126,1859,2611,09/10/2042,México,36
6127,777,3270,10/10/2042,mex,3
6128,958,2486,11/10/2042,México,35
6129,951,2261,12/10/2042,México,43
6130,175,692,13/10/2042,mx,3
6131,1360,4348,14/10/2042,mx,7
6132,596,2221,15/10/2042,mx,5
6133,1181,529,16/10/2042,mx,48
6134,1471,1688,17/10/2042,México,48
6135,323,4506,18/10/2042,México,41
6136,1703,1434,19/10/2042,mex,14
6137,1773,4238,20/10/2042,mx,31
6138,1135,801,21/10/2042,México,24
6139,669,2030,22/10/2042,México,43
6140,1957,814,23/10/2042,mx,21
6141,732,3841,24/10/2042,mx,3
6142,599,4328,25/10/2042,mex,20
6143,1064,3007,26/10/2042,mx,11
6144,1543,267,27/10/2042,mex,17
6145,1585,3449,28/10/2042,mx,5
6146,641,3696,29/10/2042,mex,29
6147,1980,1600,30/10/2042,mx,48
6148,1384,3949,31/10/2042,México,21
6149,467,4780,01/11/2042,mx,30
6150,868,3169,02/11/2042,mx,35
6151,11,908,03/11/2042,México,6
6152,1359,1078,04/11/2042,México,42
6153,1379,3110,05/11/2042,mex,45
6154,972,2334,06/11/2042,México,21
6155,102,379,07/11/2042,mx,47
6156,430,2475,08/11/2042,mx,46
6157,1713,2978,09/11/2042,México,32
6158,613,1710,10/11/2042,mex,40
6159,486,1111,11/11/2042,mx,32
6160,1152,1906,12/11/2042,México,2
6161,1231,2728,13/11/2042,mex,4
6162,1268,3850,14/11/2042,mx,45
6163,1340,1742,15/11/2042,México,6
6164,136,2230,16/11/2042,México,11
6165,26,4304,17/11/2042,mex,14
6166,12,387,18/11/2042,México,13
6167,1334,2963,19/11/2042,mx,26
6168,1540,274,20/11/2042,México,25
6169,156,4569,21/11/2042,mex,44
6170,1326,1872,22/11/2042,mx,19
6171,803,2178,23/11/2042,mex,35
6172,387,1572,24/11/2042,mex,36
6173,919,4287,25/11/2042,mx,45
6174,146,1323,26/11/2042,mx,10
6175,1059,4607,27/11/2042,México,47
6176,809,3580,28/11/2042,México,7
6177,704,2490,29/11/2042,México,50
6178,1066,2460,30/11/2042,mx,36
6179,1557,772,01/12/2042,mex,29
6180,1514,3289,02/12/2042,México,39
6181,1612,1530,03/12/2042,México,20
6182,870,259,04/12/2042,mex,38
6183,637,1529,05/12/2042,mex,8
6184,666,1422,06/12/2042,mex,2
6185,423,4153,07/12/2042,mex,44
6186,1744,1427,08/12/2042,mex,28
6187,803,165,09/12/2042,México,47
6188,1073,3036,10/12/2042,mex,50
6189,1616,4220,11/12/2042,mex,20
6190,1216,3298,12/12/2042,mx,10
6191,343,1223,13/12/2042,mx,32
6192,1153,3911,14/12/2042,mex,12
6193,1484,3742,15/12/2042,México,43
6194,1349,605,16/12/2042,mex,28
6195,562,831,17/12/2042,México,47
6196,603,3009,18/12/2042,mx,16
6197,732,2636,19/12/2042,mx,14
6198,1167,2846,20/12/2042,mex,13
6199,33,786,21/12/2042,mex,4
6200,541,515,22/12/2042,mex,19
6201,1370,211,23/12/2042,México,8
6202,1434,2117,24/12/2042,mx,33
6203,1518,2452,25/12/2042,mx,26
6204,1794,3950,26/12/2042,mx,3
6205,1340,1136,27/12/2042,mex,22
6206,1173,4743,28/12/2042,mex,3
6207,813,3011,29/12/2042,México,43
6208,151,325,30/12/2042,mex,28
6209,878,4924,31/12/2042,mx,11
6210,1324,630,01/01/2043,mex,3
6211,1771,569,02/01/2043,mx,5
6212,213,4894,03/01/2043,México,39
6213,1893,1285,04/01/2043,México,33
6214,1378,3445,05/01/2043,México,43
6215,1732,1914,06/01/2043,México,25
6216,540,1210,07/01/2043,mex,1
6217,969,4344,08/01/2043,mx,2
6218,1479,2915,09/01/2043,México,6
6219,1533,824,10/01/2043,México,22
6220,1888,2997,11/01/2043,mex,18
6221,609,343,12/01/2043,mx,11
6222,1355,127,13/01/2043,mex,18
6223,1511,3779,14/01/2043,México,19
6224,260,1966,15/01/2043,mx,12
6225,1859,1298,16/01/2043,mx,27
6226,1197,344,17/01/2043,México,11
6227,1230,4088,18/01/2043,México,30
6228,49,3466,19/01/2043,mex,6
6229,1254,3695,20/01/2043,México,14
6230,554,4704,21/01/2043,mex,39
6231,1736,2454,22/01/2043,mex,44
6232,769,4805,23/01/2043,mx,18
6233,178,4672,24/01/2043,mex,34
6234,269,1862,25/01/2043,México,39
6235,1467,2157,26/01/2043,mx,26
6236,266,3390,27/01/2043,mx,38
6237,1861,701,28/01/2043,mex,9
6238,995,4570,29/01/2043,mx,4
6239,484,2711,30/01/2043,México,5
6240,610,4272,31/01/2043,mex,34
6241,303,1755,01/02/2043,México,32
6242,1596,1304,02/02/2043,México,22
6243,113,603,03/02/2043,mex,36
6244,566,1327,04/02/2043,México,32
6245,1966,3439,05/02/2043,mx,39
6246,47,2282,06/02/2043,mx,21
6247,1830,1620,07/02/2043,mex,26
6248,1128,133,08/02/2043,mex,24
6249,902,512,09/02/2043,México,21
6250,194,2967,10/02/2043,mx,26
6251,5,2540,11/02/2043,mex,17
6252,815,2490,12/02/2043,México,42
6253,1605,3692,13/02/2043,mx,18
6254,843,1696,14/02/2043,mx,12
6255,492,1013,15/02/2043,mx,31
6256,1612,1777,16/02/2043,mx,20
6257,258,1312,17/02/2043,mx,42
6258,1361,3377,18/02/2043,mex,36
6259,30,1212,19/02/2043,mx,27
6260,953,748,20/02/2043,mex,48
6261,1780,4472,21/02/2043,México,29
6262,1751,1371,22/02/2043,mx,49
6263,798,4614,23/02/2043,mx,14
6264,307,127,24/02/2043,mex,46
6265,1019,2618,25/02/2043,mex,24
6266,177,457,26/02/2043,México,18
6267,322,1302,27/02/2043,México,5
6268,1310,910,28/02/2043,México,37
6269,978,2343,01/03/2043,mex,18
6270,1690,1402,02/03/2043,mex,50
6271,261,1270,03/03/2043,mx,5
6272,502,1414,04/03/2043,México,44
6273,1583,1421,05/03/2043,México,46
6274,1656,687,06/03/2043,mex,14
6275,1956,655,07/03/2043,mex,32
6276,1189,1774,08/03/2043,mex,17
6277,774,2764,09/03/2043,México,19
6278,1997,2550,10/03/2043,mex,39
6279,1910,4148,11/03/2043,México,46
6280,1043,1782,12/03/2043,México,13
6281,1218,1858,13/03/2043,mx,46
6282,1406,1182,14/03/2043,mex,32
6283,43,2914,15/03/2043,mx,43
6284,134,1254,16/03/2043,México,45
6285,386,321,17/03/2043,mex,47
6286,774,547,18/03/2043,mex,34
6287,397,1259,19/03/2043,México,23
6288,410,780,20/03/2043,mx,15
6289,557,3126,21/03/2043,México,4
6290,972,2215,22/03/2043,mx,42
6291,1440,2901,23/03/2043,México,22
6292,1446,2824,24/03/2043,mex,4
6293,1455,1506,25/03/2043,mex,37
6294,216,4797,26/03/2043,mx,2
6295,346,2185,27/03/2043,mex,13
6296,694,957,28/03/2043,mx,21
6297,1632,1195,29/03/2043,mex,9
6298,270,3990,30/03/2043,México,43
6299,357,4982,31/03/2043,mex,5
6300,1930,2852,01/04/2043,México,9
6301,1874,4279,02/04/2043,México,27
6302,568,2863,03/04/2043,México,5
6303,1930,4869,04/04/2043,mx,7
6304,76,510,05/04/2043,mx,48
6305,1952,1260,06/04/2043,mx,11
6306,1403,2109,07/04/2043,mex,25
6307,1083,4836,08/04/2043,mex,36
6308,1342,4718,09/04/2043,mx,50
6309,730,577,10/04/2043,mx,8
6310,216,2935,11/04/2043,México,18
6311,214,4924,12/04/2043,México,8
6312,1703,3358,13/04/2043,mex,43
6313,335,1836,14/04/2043,mex,42
6314,528,920,15/04/2043,México,20
6315,1528,4449,16/04/2043,México,41
6316,744,3480,17/04/2043,mx,23
6317,1407,2186,18/04/2043,México,46
6318,1682,3629,19/04/2043,mex,6
6319,1049,3214,20/04/2043,mx,19
6320,37,3151,21/04/2043,México,2
6321,1793,3020,22/04/2043,mex,41
6322,842,297,23/04/2043,México,16
6323,576,1642,24/04/2043,mex,1
6324,1719,147,25/04/2043,mex,11
6325,25,4873,26/04/2043,México,42
6326,1185,923,27/04/2043,mex,13
6327,627,646,28/04/2043,mx,31
6328,670,279,29/04/2043,mx,32
6329,682,3793,30/04/2043,mex,4
6330,552,2584,01/05/2043,mex,36
6331,1409,2641,02/05/2043,México,36
6332,294,1984,03/05/2043,mex,41
6333,160,2327,04/05/2043,México,32
6334,220,2924,05/05/2043,México,26
6335,928,1481,06/05/2043,mx,8
6336,1909,431,07/05/2043,México,36
6337,796,1853,08/05/2043,mx,48
6338,1435,2187,09/05/2043,México,15
6339,182,4258,10/05/2043,mx,47
6340,982,4124,11/05/2043,mex,45
6341,1854,1638,12/05/2043,mx,21
6342,1600,4715,13/05/2043,mx,38
6343,1893,1409,14/05/2043,México,3
6344,1822,2524,15/05/2043,México,46
6345,1394,505,16/05/2043,mx,28
6346,462,2977,17/05/2043,mx,16
6347,1389,485,18/05/2043,mex,50
6348,87,3785,19/05/2043,México,35
6349,570,3455,20/05/2043,México,32
6350,1520,4270,21/05/2043,mx,20
6351,332,4045,22/05/2043,mex,5
6352,561,1237,23/05/2043,mex,7
6353,1889,3123,24/05/2043,mex,31
6354,1381,4152,25/05/2043,mx,37
6355,1373,3501,26/05/2043,México,34
6356,1845,1427,27/05/2043,mx,4
6357,1300,3204,28/05/2043,mx,40
6358,219,2193,29/05/2043,México,1
6359,92,2958,30/05/2043,mex,14
6360,404,285,31/05/2043,mex,50
6361,1959,2603,01/06/2043,mx,43
6362,274,3620,02/06/2043,mx,44
6363,1971,1923,03/06/2043,México,29
6364,1109,211,04/06/2043,mex,13
6365,1207,3834,05/06/2043,mex,13
6366,398,1930,06/06/2043,mx,50
6367,1824,582,07/06/2043,mx,30
6368,1022,4752,08/06/2043,mex,16
6369,1737,4737,09/06/2043,mex,40
6370,889,336,10/06/2043,mex,45
6371,1853,3975,11/06/2043,mex,48
6372,981,4193,12/06/2043,México,45
6373,43,4393,13/06/2043,México,14
6374,786,4593,14/06/2043,mx,6
6375,1542,1301,15/06/2043,México,6
6376,608,2956,16/06/2043,México,2
6377,1963,3713,17/06/2043,mex,9
6378,1700,964,18/06/2043,mx,1
6379,107,748,19/06/2043,mx,3
6380,1241,4006,20/06/2043,mx,40
6381,1812,1824,21/06/2043,México,10
6382,670,580,22/06/2043,México,48
6383,1994,4517,23/06/2043,México,42
6384,107,3676,24/06/2043,México,12
6385,528,605,25/06/2043,mx,21
6386,1691,4270,26/06/2043,mx,35
6387,634,3680,27/06/2043,mex,30
6388,683,583,28/06/2043,mx,23
6389,32,3130,29/06/2043,mx,34
6390,227,3581,30/06/2043,mex,7
6391,67,675,01/07/2043,mx,5
6392,909,2970,02/07/2043,México,10
6393,1861,3865,03/07/2043,mx,5
6394,1209,2340,04/07/2043,México,13
6395,46,4394,05/07/2043,mx,17
6396,469,4745,06/07/2043,México,13
6397,931,2267,07/07/2043,mex,33
6398,82,2224,08/07/2043,mex,26
6399,1787,4999,09/07/2043,México,41
6400,749,1737,10/07/2043,mex,40
6401,716,360,11/07/2043,mex,11
6402,982,391,12/07/2043,México,30
6403,1691,3769,13/07/2043,mx,24
6404,1744,2750,14/07/2043,mx,37
6405,1890,2685,15/07/2043,mx,2
6406,398,2843,16/07/2043,mx,30
6407,127,4386,17/07/2043,mex,24
6408,877,1693,18/07/2043,mx,7
6409,512,4107,19/07/2043,México,23
6410,1565,3710,20/07/2043,México,37
6411,1281,3410,21/07/2043,mx,47
6412,467,1321,22/07/2043,mx,49
6413,1794,4487,23/07/2043,mx,34
6414,1545,2652,24/07/2043,México,25
6415,817,2585,25/07/2043,mex,48
6416,780,2049,26/07/2043,mex,2
6417,299,540,27/07/2043,México,43
6418,1667,1354,28/07/2043,mx,12
6419,255,4975,29/07/2043,mex,12
6420,657,1141,30/07/2043,mx,41
6421,163,2349,31/07/2043,México,11
6422,1346,2391,01/08/2043,mex,50
6423,792,3436,02/08/2043,mex,30
6424,1634,2462,03/08/2043,mx,35
6425,1251,2209,04/08/2043,mx,26
6426,596,4106,05/08/2043,México,49
6427,808,969,06/08/2043,México,9
6428,422,1056,07/08/2043,mex,23
6429,107,3322,08/08/2043,México,44
6430,779,300,09/08/2043,México,32
6431,1092,1158,10/08/2043,mex,10
6432,1504,4536,11/08/2043,mex,7
6433,899,685,12/08/2043,mx,45
6434,819,1657,13/08/2043,mex,46
6435,1263,2202,14/08/2043,mex,38
6436,1977,4587,15/08/2043,México,9
6437,945,2355,16/08/2043,México,44
6438,1197,3910,17/08/2043,México,9
6439,716,4821,18/08/2043,mex,50
6440,1448,1287,19/08/2043,mx,17
6441,778,3211,20/08/2043,mx,22
6442,100,1054,21/08/2043,mx,37
6443,1552,4511,22/08/2043,mex,3
6444,1355,4209,23/08/2043,México,36
6445,833,3988,24/08/2043,México,2
6446,1212,4275,25/08/2043,mex,39
6447,1670,2819,26/08/2043,mex,37
6448,1301,3365,27/08/2043,México,32
6449,1171,2128,28/08/2043,México,21
6450,451,1082,29/08/2043,México,8
6451,400,4123,30/08/2043,México,34
6452,679,2579,31/08/2043,mx,26
6453,1661,1909,01/09/2043,México,25
6454,1941,4740,02/09/2043,mx,4
6455,1933,4799,03/09/2043,mx,22
6456,103,2222,04/09/2043,mx,35
6457,516,157,05/09/2043,México,14
6458,1783,3160,06/09/2043,mex,32
6459,153,1834,07/09/2043,México,47
6460,1221,1524,08/09/2043,mex,19
6461,1409,4729,09/09/2043,México,45
6462,1025,1649,10/09/2043,mx,7
6463,611,4794,11/09/2043,mex,10
6464,1340,1161,12/09/2043,México,25
6465,855,1742,13/09/2043,mx,6
6466,164,3388,14/09/2043,mex,11
6467,1733,1800,15/09/2043,México,48
6468,1801,209,16/09/2043,mx,13
6469,1022,2880,17/09/2043,mx,34
6470,281,1098,18/09/2043,México,5
6471,259,2245,19/09/2043,mx,23
6472,1841,3860,20/09/2043,México,5
6473,1099,3507,21/09/2043,México,15
6474,916,2929,22/09/2043,mx,1
6475,1529,2787,23/09/2043,mex,20
6476,1428,610,24/09/2043,mx,19
6477,1693,2280,25/09/2043,mx,7
6478,1257,4105,26/09/2043,México,33
6479,408,3912,27/09/2043,mex,28
6480,130,3949,28/09/2043,mex,44
6481,1587,608,29/09/2043,mex,22
6482,1270,3549,30/09/2043,mx,20
6483,1546,2659,01/10/2043,mx,45
6484,998,1941,02/10/2043,México,24
6485,533,4300,03/10/2043,mex,28
6486,1084,947,04/10/2043,mx,36
6487,485,3192,05/10/2043,mex,11
6488,126,3634,06/10/2043,México,37
6489,1321,3359,07/10/2043,México,3
6490,572,4888,08/10/2043,mex,35
6491,1237,501,09/10/2043,mex,49
6492,962,3972,10/10/2043,México,40
6493,707,4093,11/10/2043,mx,50
6494,1043,2990,12/10/2043,mx,25
6495,1091,130,13/10/2043,mex,27
6496,671,3386,14/10/2043,mx,29
6497,922,3916,15/10/2043,México,41
6498,1309,3710,16/10/2043,México,30
6499,1519,2839,17/10/2043,mx,5
6500,1808,1711,18/10/2043,mex,38
6501,251,2654,19/10/2043,mex,18
6502,133,4651,20/10/2043,México,9
6503,1249,2960,21/10/2043,mx,30
6504,409,709,22/10/2043,México,44
6505,1149,3095,23/10/2043,México,21
6506,1306,2570,24/10/2043,México,17
6507,1792,4463,25/10/2043,México,45
6508,1044,3811,26/10/2043,mx,27
6509,453,1597,27/10/2043,mex,39
6510,383,4506,28/10/2043,mex,24
6511,1942,4256,29/10/2043,mx,19
6512,443,145,30/10/2043,México,43
6513,918,4290,31/10/2043,mex,5
6514,1382,2985,01/11/2043,mx,48
6515,1989,3861,02/11/2043,mx,9
6516,830,2555,03/11/2043,mex,10
6517,942,2325,04/11/2043,mx,4
6518,1461,2215,05/11/2043,mex,44
6519,1307,2015,06/11/2043,mx,25
6520,850,3640,07/11/2043,México,46
6521,339,4094,08/11/2043,mex,19
6522,719,980,09/11/2043,mex,21
6523,1306,4887,10/11/2043,mx,28
6524,1904,1128,11/11/2043,México,7
6525,1544,4625,12/11/2043,México,30
6526,630,1741,13/11/2043,mx,38
6527,1549,3644,14/11/2043,mex,6
6528,1189,3721,15/11/2043,mex,24
6529,1967,4633,16/11/2043,mx,44
6530,1153,4889,17/11/2043,mx,47
6531,1705,4436,18/11/2043,México,43
6532,1712,334,19/11/2043,mx,22
6533,1501,1137,20/11/2043,mex,31
6534,1259,3488,21/11/2043,mx,46
6535,716,2088,22/11/2043,México,18
6536,1475,3969,23/11/2043,México,18
6537,1636,972,24/11/2043,mx,7
6538,1434,2483,25/11/2043,mex,28
6539,891,1859,26/11/2043,México,32
6540,1107,1950,27/11/2043,México,46
6541,1293,4673,28/11/2043,mx,25
6542,1319,781,29/11/2043,mex,34
6543,914,3370,30/11/2043,mx,3
6544,1144,2953,01/12/2043,mx,23
6545,205,107,02/12/2043,mex,12
6546,1255,1939,03/12/2043,México,5
6547,469,1785,04/12/2043,México,50
6548,1756,1825,05/12/2043,mx,47
6549,267,1761,06/12/2043,mx,33
6550,1896,4563,07/12/2043,mx,30
6551,1142,1890,08/12/2043,mx,44
6552,1542,1213,09/12/2043,mex,25
6553,1410,1273,10/12/2043,México,10
6554,1426,4198,11/12/2043,mx,17
6555,92,1632,12/12/2043,mex,14
6556,594,4606,13/12/2043,mex,32
6557,303,706,14/12/2043,México,49
6558,1940,1086,15/12/2043,México,28
6559,22,4919,16/12/2043,mx,31
6560,101,3775,17/12/2043,mx,6
6561,1820,1573,18/12/2043,mex,2
6562,1292,2881,19/12/2043,México,43
6563,91,224,20/12/2043,mx,45
6564,1350,3295,21/12/2043,México,4
6565,1204,1031,22/12/2043,México,39
6566,1157,4628,23/12/2043,mex,23
6567,1657,2023,24/12/2043,mex,41
6568,801,3421,25/12/2043,mx,28
6569,544,3454,26/12/2043,mx,27
6570,518,933,27/12/2043,México,34
6571,460,751,28/12/2043,mex,15
6572,1407,2992,29/12/2043,mx,23
6573,1567,2836,30/12/2043,mx,38
6574,1874,3478,31/12/2043,mx,27
6575,322,256,01/01/2044,mx,38
6576,295,1107,02/01/2044,mex,34
6577,1704,582,03/01/2044,México,37
6578,122,2438,04/01/2044,mex,10
6579,1840,1725,05/01/2044,mx,16
6580,1768,618,06/01/2044,México,21
6581,1608,254,07/01/2044,México,32
6582,1277,582,08/01/2044,mex,4
6583,1296,4475,09/01/2044,México,6
6584,1430,4539,10/01/2044,mx,40
6585,489,129,11/01/2044,mx,45
6586,1225,332,12/01/2044,México,11
6587,930,2748,13/01/2044,mx,17
6588,188,4517,14/01/2044,México,20
6589,171,1328,15/01/2044,México,4
6590,715,1229,16/01/2044,México,27
6591,476,3084,17/01/2044,México,8
6592,1623,1544,18/01/2044,mex,18
6593,18,1996,19/01/2044,mex,27
6594,1138,2786,20/01/2044,mx,45
6595,1886,4538,21/01/2044,mex,21
6596,1740,2666,22/01/2044,mx,48
6597,1421,4876,23/01/2044,mex,19
6598,4,432,24/01/2044,México,32
6599,1904,852,25/01/2044,mex,5
6600,1813,1038,26/01/2044,mx,15
6601,1277,4082,27/01/2044,mx,47
6602,353,2365,28/01/2044,México,44
6603,209,4407,29/01/2044,mx,38
6604,246,4680,30/01/2044,mx,27
6605,1832,4042,31/01/2044,mx,18
6606,604,3924,01/02/2044,México,24
6607,1607,881,02/02/2044,México,30
6608,1292,4969,03/02/2044,mex,49
6609,787,3859,04/02/2044,México,21
6610,92,3459,05/02/2044,mx,29
6611,1490,3506,06/02/2044,mx,43
6612,1729,1060,07/02/2044,México,25
6613,40,625,08/02/2044,mx,50
6614,1812,2900,09/02/2044,mex,46
6615,1761,214,10/02/2044,México,47
6616,1165,2454,11/02/2044,mx,31
6617,606,3065,12/02/2044,mex,25
6618,1779,1488,13/02/2044,mx,10
6619,617,2321,14/02/2044,mx,41
6620,1449,821,15/02/2044,México,12
6621,160,1887,16/02/2044,mx,23
6622,1046,2564,17/02/2044,mex,36
6623,1515,3378,18/02/2044,México,49
6624,1143,455,19/02/2044,mex,44
6625,58,686,20/02/2044,México,47
6626,1103,1218,21/02/2044,mex,24
6627,219,3283,22/02/2044,mx,43
6628,1502,2723,23/02/2044,mx,37
6629,1882,3273,24/02/2044,mex,12
6630,1352,4125,25/02/2044,mex,33
6631,1935,1844,26/02/2044,México,10
6632,1399,4750,27/02/2044,México,29
6633,628,2822,28/02/2044,México,48
6634,816,218,29/02/2044,mx,2
6635,1386,4010,01/03/2044,mex,16
6636,22,4594,02/03/2044,mex,14
6637,1457,3215,03/03/2044,mex,5
6638,887,814,04/03/2044,mx,43
6639,232,4519,05/03/2044,México,30
6640,1548,3816,06/03/2044,México,13
6641,923,1992,07/03/2044,México,12
6642,1918,4567,08/03/2044,México,3
6643,997,2503,09/03/2044,México,34
6644,248,2330,10/03/2044,mx,46
6645,1764,2859,11/03/2044,México,8
6646,85,2086,12/03/2044,mex,16
6647,475,4062,13/03/2044,México,7
6648,221,4638,14/03/2044,México,47
6649,1,3053,15/03/2044,mex,9
6650,1386,292,16/03/2044,México,8
6651,651,4219,17/03/2044,mx,41
6652,1770,1877,18/03/2044,mex,48
6653,556,3029,19/03/2044,México,9
6654,819,4488,20/03/2044,México,33
6655,1162,3545,21/03/2044,México,38
6656,1425,3266,22/03/2044,mex,42
6657,351,327,23/03/2044,mx,4
6658,600,2393,24/03/2044,México,6
6659,54,3242,25/03/2044,mex,18
6660,1258,3965,26/03/2044,mex,27
6661,529,3386,27/03/2044,mex,7
6662,54,737,28/03/2044,mx,24
6663,330,4898,29/03/2044,mx,49
6664,90,2121,30/03/2044,México,14
6665,1353,3637,31/03/2044,mex,38
6666,887,1293,01/04/2044,mx,37
6667,1607,1207,02/04/2044,mex,44
6668,1734,3498,03/04/2044,mx,33
6669,1520,4096,04/04/2044,mex,47
6670,1477,2478,05/04/2044,mx,27
6671,887,3139,06/04/2044,México,27
6672,977,1340,07/04/2044,México,31
6673,637,2167,08/04/2044,México,20
6674,102,2942,09/04/2044,mex,9
6675,691,3221,10/04/2044,mex,8
6676,452,2309,11/04/2044,México,34
6677,399,4413,12/04/2044,México,8
6678,1917,136,13/04/2044,mx,4
6679,647,4729,14/04/2044,México,5
6680,857,3956,15/04/2044,mx,34
6681,567,3580,16/04/2044,mx,16
6682,1410,4906,17/04/2044,mx,26
6683,1758,3833,18/04/2044,mex,21
6684,1059,1689,19/04/2044,México,46
6685,520,3007,20/04/2044,mex,32
6686,1416,1338,21/04/2044,México,50
6687,1568,2569,22/04/2044,México,25
6688,520,4502,23/04/2044,México,17
6689,425,2098,24/04/2044,México,45
6690,1677,4155,25/04/2044,mex,12
6691,1272,2485,26/04/2044,México,16
6692,1261,3117,27/04/2044,mex,47
6693,1831,2016,28/04/2044,mx,37
6694,101,2204,29/04/2044,mx,34
6695,218,283,30/04/2044,mex,47
6696,405,784,01/05/2044,México,2
6697,1689,1073,02/05/2044,mx,29
6698,961,1826,03/05/2044,mx,13
6699,594,683,04/05/2044,mex,13
6700,522,1037,05/05/2044,mx,30
6701,1128,856,06/05/2044,mex,18
6702,1895,1175,07/05/2044,mex,43
6703,242,1331,08/05/2044,México,4
6704,1917,4190,09/05/2044,mex,48
6705,637,3006,10/05/2044,mx,29
6706,929,3759,11/05/2044,mex,33
6707,1559,3229,12/05/2044,mex,42
6708,358,4267,13/05/2044,mx,49
6709,1026,2156,14/05/2044,México,6
6710,1968,4610,15/05/2044,mx,8
6711,1257,4929,16/05/2044,mx,7
6712,548,113,17/05/2044,mex,49
6713,1995,666,18/05/2044,mex,42
6714,1826,2065,19/05/2044,México,2
6715,1814,985,20/05/2044,México,13
6716,1654,2821,21/05/2044,mx,33
6717,1085,2554,22/05/2044,mx,30
6718,1661,4390,23/05/2044,mx,4
6719,1660,4863,24/05/2044,México,46
6720,564,378,25/05/2044,mex,26
6721,829,1887,26/05/2044,mx,46
6722,66,2173,27/05/2044,mx,6
6723,143,1813,28/05/2044,mex,4
6724,273,3620,29/05/2044,mx,22
6725,410,2806,30/05/2044,mx,22
6726,1397,1336,31/05/2044,México,8
6727,1556,3233,01/06/2044,mx,50
6728,976,3531,02/06/2044,mex,44
6729,1648,4196,03/06/2044,mx,45
6730,1476,3679,04/06/2044,mx,10
6731,1807,4075,05/06/2044,mex,13
6732,1463,1337,06/06/2044,mx,24
6733,553,2600,07/06/2044,México,13
6734,1690,3272,08/06/2044,México,19
6735,786,3365,09/06/2044,mex,23
6736,1323,140,10/06/2044,mex,49
6737,1516,531,11/06/2044,mx,18
6738,103,4527,12/06/2044,México,2
6739,1234,4542,13/06/2044,mex,12
6740,1148,2236,14/06/2044,mx,11
6741,1005,2693,15/06/2044,mx,1
6742,770,4950,16/06/2044,México,39
6743,1107,4176,17/06/2044,mx,19
6744,1724,1122,18/06/2044,mex,44
6745,964,4390,19/06/2044,México,43
6746,98,248,20/06/2044,México,13
6747,1707,2420,21/06/2044,México,33
6748,338,4328,22/06/2044,mx,36
6749,1295,3590,23/06/2044,mx,18
6750,1148,2490,24/06/2044,mx,37
6751,966,4740,25/06/2044,mx,12
6752,632,2606,26/06/2044,México,13
6753,1601,4041,27/06/2044,mx,23
6754,871,4006,28/06/2044,mx,25
6755,963,3690,29/06/2044,mx,33
6756,1210,2563,30/06/2044,mx,29
6757,682,2984,01/07/2044,México,23
6758,548,3844,02/07/2044,mx,3
6759,1073,4320,03/07/2044,mx,19
6760,1432,1685,04/07/2044,México,3
6761,1180,156,05/07/2044,mex,35
6762,1014,3883,06/07/2044,México,11
6763,666,914,07/07/2044,México,19
6764,285,1294,08/07/2044,mex,24
6765,1037,2393,09/07/2044,México,38
6766,431,2578,10/07/2044,mex,14
6767,1846,2624,11/07/2044,mex,29
6768,1052,3909,12/07/2044,mx,28
6769,1409,4477,13/07/2044,mx,22
6770,1765,4009,14/07/2044,México,42
6771,1032,3230,15/07/2044,México,37
6772,287,4082,16/07/2044,mx,40
6773,1550,1643,17/07/2044,México,7
6774,1958,440,18/07/2044,mex,4
6775,1768,4628,19/07/2044,mex,46
6776,1271,1560,20/07/2044,mex,18
6777,1501,926,21/07/2044,mx,48
6778,11,4313,22/07/2044,mx,26
6779,1678,1644,23/07/2044,México,4
6780,634,3184,24/07/2044,mx,24
6781,1295,719,25/07/2044,México,32
6782,525,2457,26/07/2044,mex,21
6783,534,1447,27/07/2044,México,30
6784,303,3150,28/07/2044,México,44
6785,691,2554,29/07/2044,mx,4
6786,1840,4593,30/07/2044,mx,38
6787,320,4499,31/07/2044,mx,46
6788,1124,668,01/08/2044,mex,26
6789,425,2744,02/08/2044,México,2
6790,1938,1345,03/08/2044,México,17
6791,1670,1575,04/08/2044,mex,37
6792,993,2762,05/08/2044,mx,17
6793,1718,4826,06/08/2044,mex,42
6794,1005,813,07/08/2044,México,19
6795,541,2717,08/08/2044,mx,6
6796,1784,4353,09/08/2044,mex,37
6797,1817,3636,10/08/2044,mx,20
6798,758,2280,11/08/2044,mex,40
6799,1983,4216,12/08/2044,mx,44
6800,352,3485,13/08/2044,mex,2
6801,78,3900,14/08/2044,mex,15
6802,1443,736,15/08/2044,mex,4
6803,89,4556,16/08/2044,México,37
6804,1582,909,17/08/2044,México,33
6805,1009,2225,18/08/2044,mex,6
6806,428,4807,19/08/2044,mx,15
6807,1893,3922,20/08/2044,mex,48
6808,397,1734,21/08/2044,México,24
6809,1039,4985,22/08/2044,mex,30
6810,464,3046,23/08/2044,mex,28
6811,529,4127,24/08/2044,mx,14
6812,1638,4994,25/08/2044,mex,34
6813,1984,3718,26/08/2044,mx,15
6814,1969,3644,27/08/2044,México,46
6815,124,1539,28/08/2044,México,10
6816,1340,624,29/08/2044,mx,18
6817,834,3642,30/08/2044,México,22
6818,1901,1532,31/08/2044,México,8
6819,280,3379,01/09/2044,mx,50
6820,1059,2501,02/09/2044,México,37
6821,277,1001,03/09/2044,México,25
6822,1825,4235,04/09/2044,México,33
6823,605,2004,05/09/2044,mex,40
6824,10,1605,06/09/2044,México,6
6825,1188,1462,07/09/2044,mex,21
6826,444,2014,08/09/2044,mx,24
6827,459,1906,09/09/2044,mx,28
6828,129,3413,10/09/2044,mex,37
6829,1948,3115,11/09/2044,México,40
6830,1827,3979,12/09/2044,México,1
6831,1918,3162,13/09/2044,mex,44
6832,24,4450,14/09/2044,mx,43
6833,343,4764,15/09/2044,México,28
6834,1456,4471,16/09/2044,mx,9
6835,733,2321,17/09/2044,mx,20
6836,382,2031,18/09/2044,mx,5
6837,652,3279,19/09/2044,mx,16
6838,88,2407,20/09/2044,México,39
6839,1171,2727,21/09/2044,mx,24
6840,1960,3347,22/09/2044,México,11
6841,1278,183,23/09/2044,mx,12
6842,1543,280,24/09/2044,mx,46
6843,742,3000,25/09/2044,mex,2
6844,700,1101,26/09/2044,México,15
6845,1837,4001,27/09/2044,mx,36
6846,1814,3672,28/09/2044,mex,35
6847,538,2616,29/09/2044,México,35
6848,865,594,30/09/2044,México,28
6849,781,1732,01/10/2044,mx,22
6850,504,254,02/10/2044,mx,33
6851,377,768,03/10/2044,México,8
6852,1258,787,04/10/2044,México,20
6853,133,2850,05/10/2044,mex,38
6854,1236,3500,06/10/2044,México,12
6855,1008,3457,07/10/2044,mx,39
6856,1799,1326,08/10/2044,mx,16
6857,226,3061,09/10/2044,mex,43
6858,402,4507,10/10/2044,mex,27
6859,71,4435,11/10/2044,mex,50
6860,95,840,12/10/2044,mx,35
6861,1721,2026,13/10/2044,México,6
6862,882,1734,14/10/2044,mx,14
6863,150,3923,15/10/2044,mex,19
6864,306,4769,16/10/2044,mx,41
6865,1575,3350,17/10/2044,mx,29
6866,849,4436,18/10/2044,México,20
6867,1529,3162,19/10/2044,México,9
6868,695,1240,20/10/2044,México,20
6869,136,2477,21/10/2044,México,11
6870,1913,2094,22/10/2044,mx,40
6871,1709,1923,23/10/2044,mex,3
6872,1567,106,24/10/2044,mex,40
6873,1261,3943,25/10/2044,México,28
6874,1149,1264,26/10/2044,mx,38
6875,1707,3804,27/10/2044,mx,38
6876,1395,4208,28/10/2044,mx,5
6877,672,2399,29/10/2044,mex,2
6878,1299,1182,30/10/2044,mex,11
6879,696,102,31/10/2044,mx,45
6880,1960,1222,01/11/2044,México,28
6881,173,139,02/11/2044,México,5
6882,360,2607,03/11/2044,mex,30
6883,91,731,04/11/2044,mx,45
6884,865,4543,05/11/2044,México,37
6885,1649,1104,06/11/2044,mex,35
6886,1812,1150,07/11/2044,mex,49
6887,1254,607,08/11/2044,México,19
6888,104,2053,09/11/2044,mx,21
6889,509,2272,10/11/2044,mx,35
6890,1926,1861,11/11/2044,México,42
6891,1328,1473,12/11/2044,mx,23
6892,652,671,13/11/2044,mx,35
6893,582,393,14/11/2044,mex,8
6894,1491,4614,15/11/2044,México,36
6895,1620,2469,16/11/2044,mex,19
6896,1380,4312,17/11/2044,mx,38
6897,891,3170,18/11/2044,mex,40
6898,93,2739,19/11/2044,mex,9
6899,157,1901,20/11/2044,mex,41
6900,1501,1858,21/11/2044,México,36
6901,406,1717,22/11/2044,mex,16
6902,344,1372,23/11/2044,México,40
6903,1657,3432,24/11/2044,México,3
6904,1153,1038,25/11/2044,mx,2
6905,750,4630,26/11/2044,México,48
6906,435,1885,27/11/2044,México,36
6907,855,449,28/11/2044,mex,24
6908,1597,819,29/11/2044,mx,20
6909,1582,2950,30/11/2044,México,26
6910,1198,3601,01/12/2044,mx,35
6911,1420,3477,02/12/2044,mx,35
6912,1815,3059,03/12/2044,México,19
6913,265,2092,04/12/2044,México,3
6914,1728,2016,05/12/2044,mx,48
6915,1532,4645,06/12/2044,mex,9
6916,1927,3634,07/12/2044,México,48
6917,1297,1556,08/12/2044,México,1
6918,503,3317,09/12/2044,mx,2
6919,1558,787,10/12/2044,mex,31
6920,304,219,11/12/2044,mx,31
6921,1924,500,12/12/2044,mex,49
6922,1757,4180,13/12/2044,mex,49
6923,1732,1307,14/12/2044,mex,24
6924,666,3323,15/12/2044,México,26
6925,1986,1980,16/12/2044,México,43
6926,606,3261,17/12/2044,México,25
6927,1704,806,18/12/2044,mx,32
6928,644,1600,19/12/2044,México,45
6929,549,3337,20/12/2044,mx,23
6930,1597,256,21/12/2044,mex,17
6931,624,4345,22/12/2044,México,22
6932,1036,4129,23/12/2044,mex,4
6933,114,3655,24/12/2044,México,48
6934,143,4794,25/12/2044,mex,11
6935,1849,167,26/12/2044,México,32
6936,515,4842,27/12/2044,mx,15
6937,903,662,28/12/2044,mex,6
6938,1089,4922,29/12/2044,mex,32
6939,279,351,30/12/2044,mex,16
6940,1716,3562,31/12/2044,mx,40
6941,1580,1512,01/01/2045,México,1
6942,401,3290,02/01/2045,México,48
6943,876,4737,03/01/2045,México,42
6944,863,3686,04/01/2045,México,32
6945,1975,1311,05/01/2045,México,30
6946,1159,1962,06/01/2045,mex,23
6947,759,1607,07/01/2045,mex,8
6948,1888,1869,08/01/2045,mx,16
6949,269,3813,09/01/2045,mx,29
6950,396,1890,10/01/2045,mx,16
6951,184,1298,11/01/2045,mx,19
6952,703,2208,12/01/2045,México,28
6953,332,3813,13/01/2045,México,34
6954,712,1686,14/01/2045,mx,34
6955,1958,1279,15/01/2045,México,21
6956,199,777,16/01/2045,mex,15
6957,920,2485,17/01/2045,mx,35
6958,790,4137,18/01/2045,mx,27
6959,243,3071,19/01/2045,mx,5
6960,719,4658,20/01/2045,mex,36
6961,1128,3771,21/01/2045,mx,18
6962,1200,2470,22/01/2045,México,30
6963,1917,2595,23/01/2045,mex,30
6964,1720,559,24/01/2045,México,30
6965,1327,911,25/01/2045,México,33
6966,1757,2122,26/01/2045,México,4
6967,290,2220,27/01/2045,México,32
6968,1978,2656,28/01/2045,mx,12
6969,1186,1961,29/01/2045,mx,50
6970,482,4431,30/01/2045,mx,10
6971,1590,4205,31/01/2045,mex,28
6972,1878,811,01/02/2045,México,21
6973,532,4559,02/02/2045,mex,22
6974,558,2586,03/02/2045,mex,39
6975,883,3995,04/02/2045,mx,17
6976,1427,572,05/02/2045,México,32
6977,1096,1508,06/02/2045,México,1
6978,108,919,07/02/2045,México,4
6979,515,1728,08/02/2045,mx,33
6980,364,4616,09/02/2045,México,33
6981,498,691,10/02/2045,México,11
6982,995,1448,11/02/2045,mx,45
6983,234,4104,12/02/2045,mex,47
6984,1715,3316,13/02/2045,mex,32
6985,155,4635,14/02/2045,mx,15
6986,1754,606,15/02/2045,México,34
6987,502,1613,16/02/2045,México,40
6988,644,1542,17/02/2045,mx,41
6989,1737,2157,18/02/2045,México,41
6990,129,549,19/02/2045,mx,18
6991,567,2625,20/02/2045,mx,33
6992,151,4200,21/02/2045,mex,9
6993,877,2693,22/02/2045,mx,40
6994,394,3435,23/02/2045,mex,17
6995,1757,1813,24/02/2045,México,10
6996,1391,261,25/02/2045,mx,44
6997,399,1742,26/02/2045,México,5
6998,141,4976,27/02/2045,México,41
6999,1119,1053,28/02/2045,mx,50
7000,1986,843,01/03/2045,mx,34
7001,1515,877,02/03/2045,mx,40
7002,1674,649,03/03/2045,México,32
7003,879,724,04/03/2045,mx,44
7004,383,4299,05/03/2045,mx,17
7005,1711,4599,06/03/2045,mx,10
7006,985,2775,07/03/2045,mex,47
7007,1760,819,08/03/2045,mx,23
7008,1645,3714,09/03/2045,México,28
7009,148,1340,10/03/2045,mx,7
7010,1994,3487,11/03/2045,mx,40
7011,1765,2321,12/03/2045,mex,29
7012,514,401,13/03/2045,mx,23
7013,352,4537,14/03/2045,México,20
7014,359,1980,15/03/2045,México,2
7015,709,3968,16/03/2045,México,33
7016,115,3826,17/03/2045,mx,12
7017,670,1599,18/03/2045,México,9
7018,810,4943,19/03/2045,mx,29
7019,1597,1868,20/03/2045,México,34
7020,1693,4974,21/03/2045,mx,27
7021,623,4178,22/03/2045,mex,31
7022,159,879,23/03/2045,México,24
7023,1022,2565,24/03/2045,mx,39
7024,1367,1220,25/03/2045,mx,17
7025,446,2945,26/03/2045,mx,26
7026,492,1323,27/03/2045,mex,18
7027,1989,3581,28/03/2045,mx,45
7028,56,3521,29/03/2045,México,17
7029,97,2266,30/03/2045,mx,43
7030,312,230,31/03/2045,mx,47
7031,1395,1788,01/04/2045,México,10
7032,1434,4944,02/04/2045,mex,31
7033,548,1467,03/04/2045,mx,20
7034,1633,4301,04/04/2045,mex,14
7035,236,1819,05/04/2045,México,49
7036,1832,2056,06/04/2045,México,26
7037,575,1975,07/04/2045,México,1
7038,2,2687,08/04/2045,mx,28
7039,348,1996,09/04/2045,México,15
7040,19,1569,10/04/2045,mex,39
7041,1400,2768,11/04/2045,mex,30
7042,36,1061,12/04/2045,mx,15
7043,1253,2734,13/04/2045,mx,45
7044,690,1291,14/04/2045,México,33
7045,445,4764,15/04/2045,mx,14
7046,1481,3589,16/04/2045,mex,17
7047,36,2030,17/04/2045,mx,20
7048,1417,2121,18/04/2045,mx,35
7049,90,4742,19/04/2045,mx,41
7050,882,3585,20/04/2045,mx,49
7051,203,2107,21/04/2045,mex,23
7052,824,1005,22/04/2045,México,26
7053,564,2102,23/04/2045,mx,9
7054,963,2671,24/04/2045,México,4
7055,735,2719,25/04/2045,mex,37
7056,778,2307,26/04/2045,México,30
7057,928,3124,27/04/2045,mex,16
7058,32,1360,28/04/2045,México,7
7059,1276,3968,29/04/2045,México,3
7060,797,2937,30/04/2045,mx,43
7061,1173,2660,01/05/2045,mex,25
7062,654,3031,02/05/2045,México,39
7063,447,2126,03/05/2045,México,29
7064,728,2053,04/05/2045,México,22
7065,1088,4799,05/05/2045,mex,10
7066,345,4392,06/05/2045,México,39
7067,1014,3607,07/05/2045,mx,2
7068,919,3035,08/05/2045,mx,16
7069,1865,664,09/05/2045,México,36
7070,927,2237,10/05/2045,mex,38
7071,1196,3766,11/05/2045,mex,28
7072,1932,1278,12/05/2045,mex,8
7073,258,409,13/05/2045,México,42
7074,1382,4238,14/05/2045,mex,18
7075,146,1025,15/05/2045,México,18
7076,1493,1527,16/05/2045,México,10
7077,1855,1987,17/05/2045,mex,10
7078,371,4531,18/05/2045,mex,22
7079,493,4060,19/05/2045,mex,36
7080,1364,1577,20/05/2045,mex,10
7081,1296,1076,21/05/2045,México,28
7082,263,3969,22/05/2045,mx,36
7083,1620,4427,23/05/2045,mx,25
7084,1258,656,24/05/2045,mex,36
7085,352,1989,25/05/2045,México,43
7086,1380,352,26/05/2045,mx,15
7087,192,2194,27/05/2045,mex,19
7088,630,2373,28/05/2045,mex,35
7089,308,619,29/05/2045,mex,8
7090,1443,3975,30/05/2045,México,22
7091,1068,2478,31/05/2045,mx,18
7092,1367,1251,01/06/2045,mx,31
7093,1780,3031,02/06/2045,mex,1
7094,1384,3750,03/06/2045,México,14
7095,1621,4123,04/06/2045,México,38
7096,1721,1174,05/06/2045,mx,34
7097,913,3789,06/06/2045,mx,44
7098,336,1297,07/06/2045,México,11
7099,429,1632,08/06/2045,mex,13
7100,1605,4117,09/06/2045,México,37
7101,855,3526,10/06/2045,mx,36
7102,957,3639,11/06/2045,México,31
7103,1330,2608,12/06/2045,mex,40
7104,1093,3581,13/06/2045,mex,46
7105,1186,4913,14/06/2045,mex,47
7106,815,4324,15/06/2045,mex,33
7107,1755,678,16/06/2045,México,39
7108,1005,2881,17/06/2045,mx,40
7109,1348,3155,18/06/2045,mex,18
7110,1057,1073,19/06/2045,mex,29
7111,183,2013,20/06/2045,México,20
7112,1616,2827,21/06/2045,mx,25
7113,865,872,22/06/2045,México,45
7114,94,903,23/06/2045,México,17
7115,1050,3582,24/06/2045,mex,44
7116,1525,356,25/06/2045,México,22
7117,1817,249,26/06/2045,mx,7
7118,1589,3031,27/06/2045,México,15
7119,221,2087,28/06/2045,México,47
7120,369,1333,29/06/2045,mex,50
7121,903,3726,30/06/2045,mex,12
7122,745,3455,01/07/2045,mx,36
7123,1308,263,02/07/2045,mx,37
7124,764,2862,03/07/2045,mx,14
7125,1366,4507,04/07/2045,mx,24
7126,490,3440,05/07/2045,mex,31
7127,1639,2890,06/07/2045,mx,21
7128,253,2049,07/07/2045,México,8
7129,998,3007,08/07/2045,México,27
7130,1893,3656,09/07/2045,mx,41
7131,471,4468,10/07/2045,mx,38
7132,1602,4592,11/07/2045,México,44
7133,119,2177,12/07/2045,México,8
7134,39,4821,13/07/2045,México,41
7135,986,2439,14/07/2045,México,39
7136,1071,2343,15/07/2045,mx,4
7137,1059,476,16/07/2045,México,12
7138,1108,4341,17/07/2045,México,40
7139,1233,1963,18/07/2045,mex,35
7140,1284,3294,19/07/2045,México,37
7141,1469,456,20/07/2045,mx,33
7142,1319,4557,21/07/2045,México,27
7143,676,1843,22/07/2045,mx,4
7144,762,496,23/07/2045,México,31
7145,1436,2035,24/07/2045,México,32
7146,1167,1778,25/07/2045,mex,48
7147,1111,2816,26/07/2045,mex,13
7148,898,1769,27/07/2045,mx,35
7149,642,1339,28/07/2045,mx,34
7150,1394,3283,29/07/2045,mx,34
7151,1905,1736,30/07/2045,mex,26
7152,1704,641,31/07/2045,mx,40
7153,1248,816,01/08/2045,mex,33
7154,985,3615,02/08/2045,mex,12
7155,87,4159,03/08/2045,mx,2
7156,1510,4324,04/08/2045,mex,28
7157,115,3448,05/08/2045,mx,43
7158,18,3580,06/08/2045,mx,9
7159,1223,3967,07/08/2045,mex,38
7160,221,2375,08/08/2045,mx,23
7161,930,1382,09/08/2045,México,18
7162,1538,4503,10/08/2045,mx,1
7163,858,4238,11/08/2045,mx,33
7164,209,425,12/08/2045,mx,21
7165,1312,3883,13/08/2045,México,41
7166,1859,2457,14/08/2045,mx,48
7167,265,2871,15/08/2045,México,5
7168,382,2032,16/08/2045,mex,15
7169,1812,160,17/08/2045,México,12
7170,1486,1632,18/08/2045,México,29
7171,1608,3236,19/08/2045,México,29
7172,1303,2676,20/08/2045,mex,16
7173,1974,3251,21/08/2045,mx,19
7174,1878,494,22/08/2045,México,34
7175,1366,1486,23/08/2045,mx,37
7176,874,654,24/08/2045,mex,36
7177,1396,3674,25/08/2045,México,16
7178,1773,597,26/08/2045,mx,19
7179,1013,2092,27/08/2045,México,31
7180,450,2287,28/08/2045,mx,22
7181,1944,473,29/08/2045,México,30
7182,209,1542,30/08/2045,México,28
7183,286,1965,31/08/2045,México,40
7184,1436,4497,01/09/2045,mx,13
7185,1373,1699,02/09/2045,mex,3
7186,1380,2845,03/09/2045,México,42
7187,798,4656,04/09/2045,México,48
7188,1628,969,05/09/2045,México,2
7189,1986,766,06/09/2045,mx,38
7190,157,1104,07/09/2045,mex,23
7191,92,2684,08/09/2045,mx,17
7192,106,4352,09/09/2045,mex,30
7193,1794,2147,10/09/2045,México,20
7194,297,2437,11/09/2045,mx,29
7195,1185,2170,12/09/2045,mex,13
7196,1033,1370,13/09/2045,mx,30
7197,863,3692,14/09/2045,mx,30
7198,1613,3870,15/09/2045,México,5
7199,610,4369,16/09/2045,mex,44
7200,1084,2872,17/09/2045,México,15
7201,1959,2186,18/09/2045,México,9
7202,1021,3743,19/09/2045,México,8
7203,1842,1115,20/09/2045,mex,21
7204,1635,180,21/09/2045,mx,34
7205,1816,4705,22/09/2045,mex,23
7206,309,4280,23/09/2045,mx,21
7207,954,1727,24/09/2045,México,6
7208,1939,488,25/09/2045,México,13
7209,1940,667,26/09/2045,mx,29
7210,1462,2626,27/09/2045,mx,31
7211,343,1669,28/09/2045,México,25
7212,812,2122,29/09/2045,mex,31
7213,265,897,30/09/2045,México,4
7214,1092,1884,01/10/2045,México,45
7215,172,3815,02/10/2045,mx,20
7216,876,4551,03/10/2045,mx,49
7217,1663,2176,04/10/2045,mex,28
7218,1837,1372,05/10/2045,mx,15
7219,402,586,06/10/2045,México,23
7220,1857,3244,07/10/2045,mex,47
7221,825,4917,08/10/2045,México,50
7222,285,4081,09/10/2045,México,32
7223,1473,1252,10/10/2045,mex,13
7224,908,316,11/10/2045,mx,15
7225,1175,2312,12/10/2045,mx,36
7226,597,385,13/10/2045,mex,30
7227,248,1386,14/10/2045,mex,10
7228,452,4244,15/10/2045,México,41
7229,1789,122,16/10/2045,mex,18
7230,1275,4500,17/10/2045,mx,34
7231,705,2300,18/10/2045,mx,35
7232,245,1418,19/10/2045,mx,11
7233,757,4869,20/10/2045,México,34
7234,1544,1519,21/10/2045,mx,19
7235,907,588,22/10/2045,México,1
7236,255,4797,23/10/2045,mex,11
7237,43,3853,24/10/2045,mex,32
7238,1746,4775,25/10/2045,mex,10
7239,69,2258,26/10/2045,mx,27
7240,642,361,27/10/2045,México,13
7241,1646,798,28/10/2045,México,13
7242,812,2584,29/10/2045,mex,27
7243,1745,877,30/10/2045,mx,15
7244,494,4863,31/10/2045,México,47
7245,351,4132,01/11/2045,mex,21
7246,635,4738,02/11/2045,mx,46
7247,281,3073,03/11/2045,México,4
7248,1868,1777,04/11/2045,mx,36
7249,270,1828,05/11/2045,mx,6
7250,1948,131,06/11/2045,mx,13
7251,1606,3613,07/11/2045,mx,36
7252,1255,3211,08/11/2045,mx,48
7253,769,2334,09/11/2045,México,31
7254,1944,4256,10/11/2045,México,19
7255,259,1458,11/11/2045,mex,9
7256,585,2516,12/11/2045,mx,40
7257,1851,4041,13/11/2045,mex,41
7258,5,794,14/11/2045,mx,46
7259,351,3205,15/11/2045,mx,13
7260,4,320,16/11/2045,mx,19
7261,927,4599,17/11/2045,mx,39
7262,1204,3672,18/11/2045,México,40
7263,877,126,19/11/2045,México,1
7264,245,3122,20/11/2045,México,32
7265,1257,880,21/11/2045,mex,16
7266,482,1105,22/11/2045,México,13
7267,729,2307,23/11/2045,mx,27
7268,1155,2571,24/11/2045,mx,36
7269,757,1574,25/11/2045,México,20
7270,299,3816,26/11/2045,mex,14
7271,221,2220,27/11/2045,México,25
7272,976,550,28/11/2045,mx,43
7273,1969,233,29/11/2045,México,39
7274,1951,1176,30/11/2045,México,32
7275,883,3327,01/12/2045,México,15
7276,920,1614,02/12/2045,México,5
7277,1302,2131,03/12/2045,mex,9
7278,1321,3404,04/12/2045,mx,28
7279,697,2049,05/12/2045,México,45
7280,1302,741,06/12/2045,México,16
7281,93,2712,07/12/2045,México,33
7282,1517,4248,08/12/2045,mex,31
7283,1034,3977,09/12/2045,mx,9
7284,1151,2894,10/12/2045,mx,50
7285,333,3997,11/12/2045,mex,4
7286,1457,1182,12/12/2045,México,15
7287,1828,887,13/12/2045,México,49
7288,1703,921,14/12/2045,mex,42
7289,1416,1370,15/12/2045,mex,44
7290,845,3206,16/12/2045,mex,21
7291,1085,1317,17/12/2045,México,16
7292,768,1205,18/12/2045,México,14
7293,116,2473,19/12/2045,mx,34
7294,320,2779,20/12/2045,mx,5
7295,1286,2442,21/12/2045,mex,46
7296,1591,3804,22/12/2045,mx,39
7297,1870,2250,23/12/2045,México,28
7298,40,911,24/12/2045,mx,36
7299,1476,4170,25/12/2045,mex,34
7300,844,943,26/12/2045,mex,35
7301,1170,3687,27/12/2045,mx,15
7302,701,4755,28/12/2045,mx,16
7303,365,4459,29/12/2045,mx,45
7304,1159,771,30/12/2045,México,17
7305,1374,1324,31/12/2045,mx,33
7306,1266,526,01/01/2046,México,40
7307,1748,3110,02/01/2046,mx,27
7308,1354,1324,03/01/2046,mx,25
7309,1753,1223,04/01/2046,mex,45
7310,1576,4843,05/01/2046,México,18
7311,949,388,06/01/2046,mex,41
7312,832,305,07/01/2046,mx,5
7313,1049,1280,08/01/2046,México,45
7314,978,3977,09/01/2046,México,50
7315,690,589,10/01/2046,mx,41
7316,363,651,11/01/2046,mex,5
7317,12,1996,12/01/2046,México,13
7318,380,1803,13/01/2046,México,17
7319,111,2954,14/01/2046,México,28
7320,1015,2125,15/01/2046,mx,1
7321,1563,2203,16/01/2046,México,16
7322,1813,3796,17/01/2046,mx,47
7323,1338,4869,18/01/2046,México,30
7324,1577,885,19/01/2046,mex,26
7325,1661,3694,20/01/2046,México,35
7326,1571,3417,21/01/2046,México,27
7327,797,3857,22/01/2046,mex,31
7328,1404,3598,23/01/2046,mx,14
7329,214,1841,24/01/2046,mex,46
7330,640,923,25/01/2046,mex,47
7331,1832,368,26/01/2046,México,6
7332,1643,1529,27/01/2046,México,20
7333,553,579,28/01/2046,mx,12
7334,1528,1363,29/01/2046,mex,36
7335,1006,1363,30/01/2046,mx,42
7336,1620,1081,31/01/2046,México,22
7337,1580,326,01/02/2046,mex,6
7338,1332,991,02/02/2046,mx,29
7339,1417,1426,03/02/2046,México,26
7340,1502,1581,04/02/2046,mx,47
7341,796,1040,05/02/2046,mex,23
7342,515,2983,06/02/2046,mx,21
7343,445,3461,07/02/2046,mx,45
7344,1754,1116,08/02/2046,México,27
7345,856,3031,09/02/2046,mex,8
7346,1562,1562,10/02/2046,México,11
7347,1524,255,11/02/2046,mx,16
7348,1365,121,12/02/2046,mx,26
7349,182,4107,13/02/2046,México,33
7350,1902,2286,14/02/2046,mx,19
7351,1657,1197,15/02/2046,México,5
7352,117,4806,16/02/2046,México,48
7353,1381,4410,17/02/2046,mx,24
7354,1808,3233,18/02/2046,México,15
7355,1757,606,19/02/2046,mx,39
7356,399,312,20/02/2046,México,3
7357,237,3711,21/02/2046,mex,1
7358,1439,3767,22/02/2046,México,20
7359,579,4488,23/02/2046,mex,6
7360,1087,2251,24/02/2046,mx,49
7361,732,4294,25/02/2046,mex,7
7362,978,4679,26/02/2046,mx,34
7363,1113,2058,27/02/2046,México,35
7364,936,521,28/02/2046,mex,27
7365,1937,2423,01/03/2046,México,29
7366,1903,941,02/03/2046,mx,36
7367,1102,4370,03/03/2046,mex,50
7368,778,4071,04/03/2046,mx,9
7369,1484,2494,05/03/2046,mex,21
7370,223,1583,06/03/2046,mx,36
7371,1778,3983,07/03/2046,mex,47
7372,747,1806,08/03/2046,mex,41
7373,540,2760,09/03/2046,México,35
7374,261,1124,10/03/2046,México,44
7375,782,3263,11/03/2046,México,1
7376,92,1014,12/03/2046,mx,30
7377,843,1030,13/03/2046,mx,4
7378,374,3921,14/03/2046,México,24
7379,1742,3277,15/03/2046,mx,38
7380,555,185,16/03/2046,México,42
7381,50,2385,17/03/2046,mex,19
7382,1047,214,18/03/2046,mx,22
7383,323,3924,19/03/2046,México,26
7384,1595,3809,20/03/2046,México,36
7385,418,1222,21/03/2046,mex,43
7386,1329,2961,22/03/2046,mx,12
7387,1803,2668,23/03/2046,mx,15
7388,738,1199,24/03/2046,México,20
7389,406,2710,25/03/2046,México,40
7390,833,4320,26/03/2046,mx,15
7391,1979,158,27/03/2046,mex,6
7392,1911,841,28/03/2046,México,47
7393,412,4978,29/03/2046,México,5
7394,1970,4999,30/03/2046,mex,6
7395,160,3942,31/03/2046,mex,35
7396,32,1794,01/04/2046,mex,13
7397,1399,706,02/04/2046,México,22
7398,856,2602,03/04/2046,México,34
7399,1035,1477,04/04/2046,México,41
7400,453,1009,05/04/2046,mex,30
7401,1456,2942,06/04/2046,México,20
7402,225,2268,07/04/2046,mex,17
7403,1530,4464,08/04/2046,México,30
7404,565,3890,09/04/2046,mex,21
7405,1619,3176,10/04/2046,México,22
7406,1168,2529,11/04/2046,mx,8
7407,1370,1237,12/04/2046,mx,22
7408,278,1022,13/04/2046,México,22
7409,943,1024,14/04/2046,mx,35
7410,260,1152,15/04/2046,mex,9
7411,762,1794,16/04/2046,México,14
7412,210,1331,17/04/2046,mex,12
7413,844,2691,18/04/2046,México,38
7414,256,3153,19/04/2046,mex,26
7415,1226,464,20/04/2046,México,39
7416,35,1093,21/04/2046,mex,33
7417,454,2643,22/04/2046,México,40
7418,1499,3360,23/04/2046,mx,1
7419,1389,532,24/04/2046,mex,6
7420,1153,2553,25/04/2046,México,32
7421,23,2578,26/04/2046,México,22
7422,886,2648,27/04/2046,México,41
7423,208,3617,28/04/2046,mx,49
7424,799,1627,29/04/2046,mx,19
7425,550,4085,30/04/2046,México,34
7426,1967,2264,01/05/2046,México,33
7427,1110,4935,02/05/2046,mex,25
7428,1174,4902,03/05/2046,México,36
7429,1182,3539,04/05/2046,mex,6
7430,199,1756,05/05/2046,mx,18
7431,1992,3807,06/05/2046,mx,23
7432,460,1572,07/05/2046,mx,30
7433,719,1295,08/05/2046,mex,41
7434,1710,1596,09/05/2046,mex,21
7435,911,2253,10/05/2046,México,24
7436,345,4782,11/05/2046,mex,3
7437,516,899,12/05/2046,mex,2
7438,682,1771,13/05/2046,México,23
7439,799,1932,14/05/2046,mx,22
7440,76,1249,15/05/2046,México,45
7441,1237,4764,16/05/2046,mx,23
7442,1291,3004,17/05/2046,México,48
7443,931,119,18/05/2046,México,32
7444,1948,3601,19/05/2046,mx,34
7445,1205,4809,20/05/2046,México,49
7446,147,370,21/05/2046,México,11
7447,1884,4624,22/05/2046,mex,8
7448,280,4777,23/05/2046,México,3
7449,1886,557,24/05/2046,México,6
7450,1691,3687,25/05/2046,mex,27
7451,690,1614,26/05/2046,mex,48
7452,736,723,27/05/2046,mex,35
7453,1692,3105,28/05/2046,México,18
7454,266,4624,29/05/2046,mex,38
7455,1516,2311,30/05/2046,mex,31
7456,1378,4098,31/05/2046,mx,13
7457,1226,589,01/06/2046,México,45
7458,1887,163,02/06/2046,mx,25
7459,691,915,03/06/2046,México,43
7460,762,2257,04/06/2046,mx,3
7461,1356,1337,05/06/2046,mex,21
7462,1908,4279,06/06/2046,México,25
7463,720,3414,07/06/2046,México,37
7464,588,1974,08/06/2046,mx,11
7465,514,2956,09/06/2046,mex,25
7466,297,4077,10/06/2046,mx,31
7467,312,4483,11/06/2046,mx,10
7468,545,2794,12/06/2046,México,35
7469,1816,1774,13/06/2046,mx,16
7470,1857,3377,14/06/2046,México,1
7471,1287,928,15/06/2046,mex,11
7472,1466,3778,16/06/2046,México,34
7473,688,4773,17/06/2046,México,21
7474,1930,3419,18/06/2046,mx,6
7475,447,4993,19/06/2046,mx,21
7476,28,2515,20/06/2046,mx,44
7477,582,3603,21/06/2046,mex,1
7478,1585,4602,22/06/2046,mex,46
7479,1452,4729,23/06/2046,mex,4
7480,533,4431,24/06/2046,México,28
7481,1670,4034,25/06/2046,mx,21
7482,342,1656,26/06/2046,México,28
7483,342,605,27/06/2046,México,24
7484,518,3245,28/06/2046,mx,21
7485,98,1193,29/06/2046,México,28
7486,159,1729,30/06/2046,México,31
7487,20,4412,01/07/2046,mx,13
7488,1308,4951,02/07/2046,México,20
7489,484,1338,03/07/2046,México,2
7490,476,4424,04/07/2046,México,18
7491,102,3564,05/07/2046,México,5
7492,1653,2620,06/07/2046,México,25
7493,1731,1434,07/07/2046,mx,3
7494,1002,4889,08/07/2046,mx,15
7495,1138,772,09/07/2046,mex,4
7496,1742,3430,10/07/2046,mx,3
7497,56,1938,11/07/2046,mex,12
7498,544,4447,12/07/2046,mx,29
7499,1580,3264,13/07/2046,mex,25
7500,1057,887,14/07/2046,México,4
7501,820,4709,15/07/2046,mex,35
7502,869,4682,16/07/2046,mx,39
7503,568,4790,17/07/2046,mx,19
7504,996,2917,18/07/2046,mx,45
7505,639,4135,19/07/2046,mex,23
7506,445,4451,20/07/2046,México,50
7507,662,102,21/07/2046,México,49
7508,1274,1686,22/07/2046,México,43
7509,1258,2445,23/07/2046,mex,40
7510,1641,3382,24/07/2046,mex,49
7511,1532,903,25/07/2046,México,38
7512,1709,549,26/07/2046,México,38
7513,1111,3699,27/07/2046,mex,19
7514,1869,2396,28/07/2046,México,2
7515,1612,4619,29/07/2046,mx,41
7516,718,2862,30/07/2046,México,44
7517,1100,1046,31/07/2046,mex,4
7518,1633,1876,01/08/2046,mex,38
7519,734,2601,02/08/2046,mex,3
7520,1800,1363,03/08/2046,mx,32
7521,1249,119,04/08/2046,mx,5
7522,1088,3072,05/08/2046,mex,35
7523,529,1020,06/08/2046,mex,16
7524,1028,4015,07/08/2046,México,50
7525,1140,1173,08/08/2046,mx,15
7526,1202,2595,09/08/2046,mx,35
7527,1350,3294,10/08/2046,mx,31
7528,730,1021,11/08/2046,México,31
7529,994,3103,12/08/2046,mx,36
7530,170,3416,13/08/2046,México,34
7531,1927,506,14/08/2046,mx,30
7532,484,3686,15/08/2046,mx,12
7533,1705,3928,16/08/2046,México,15
7534,1594,3344,17/08/2046,México,19
7535,1735,4811,18/08/2046,mx,44
7536,141,4186,19/08/2046,mx,36
7537,619,2850,20/08/2046,mex,8
7538,528,1109,21/08/2046,mex,17
7539,1866,2815,22/08/2046,mx,31
7540,1818,845,23/08/2046,mex,4
7541,1579,2884,24/08/2046,México,17
7542,530,2122,25/08/2046,mx,43
7543,1721,2409,26/08/2046,México,8
7544,1603,2626,27/08/2046,mex,47
7545,249,3837,28/08/2046,México,20
7546,129,4454,29/08/2046,México,25
7547,654,3109,30/08/2046,mx,30
7548,970,2184,31/08/2046,México,41
7549,164,858,01/09/2046,México,46
7550,1616,2823,02/09/2046,México,14
7551,1287,539,03/09/2046,México,31
7552,1811,2415,04/09/2046,México,47
7553,1432,4136,05/09/2046,mx,41
7554,676,2175,06/09/2046,México,8
7555,1063,3124,07/09/2046,México,10
7556,234,1129,08/09/2046,México,28
7557,849,1534,09/09/2046,México,35
7558,1660,4202,10/09/2046,mx,11
7559,493,2206,11/09/2046,mx,6
7560,245,4499,12/09/2046,mx,9
7561,94,528,13/09/2046,mex,37
7562,1787,650,14/09/2046,mex,10
7563,860,2181,15/09/2046,mex,26
7564,199,977,16/09/2046,mx,8
7565,1764,2363,17/09/2046,mex,23
7566,1389,4248,18/09/2046,mex,11
7567,965,3520,19/09/2046,mx,49
7568,493,992,20/09/2046,mex,2
7569,1017,492,21/09/2046,mx,44
7570,444,3147,22/09/2046,mx,25
7571,1323,3900,23/09/2046,mex,45
7572,105,3885,24/09/2046,mex,38
7573,1338,486,25/09/2046,México,13
7574,369,2734,26/09/2046,mx,48
7575,390,1100,27/09/2046,mx,17
7576,1219,3206,28/09/2046,México,46
7577,1326,198,29/09/2046,mex,28
7578,301,4921,30/09/2046,mex,11
7579,1767,4333,01/10/2046,México,39
7580,974,2514,02/10/2046,mx,32
7581,237,4448,03/10/2046,mex,30
7582,497,4858,04/10/2046,mex,29
7583,254,3636,05/10/2046,mex,11
7584,1025,2429,06/10/2046,México,28
7585,1941,1745,07/10/2046,México,46
7586,796,4472,08/10/2046,México,22
7587,1883,663,09/10/2046,mx,8
7588,1122,1232,10/10/2046,mex,43
7589,785,4766,11/10/2046,mex,40
7590,1679,3351,12/10/2046,mex,7
7591,938,3515,13/10/2046,mx,30
7592,235,3105,14/10/2046,México,34
7593,226,4607,15/10/2046,mex,20
7594,1824,1113,16/10/2046,mx,39
7595,64,3841,17/10/2046,mx,29
7596,363,3453,18/10/2046,México,36
7597,1032,222,19/10/2046,México,2
7598,916,2478,20/10/2046,mx,35
7599,836,2208,21/10/2046,mx,38
7600,1980,4690,22/10/2046,mx,30
7601,676,2576,23/10/2046,mx,43
7602,151,839,24/10/2046,México,3
7603,553,1482,25/10/2046,México,24
7604,1882,1075,26/10/2046,mex,49
7605,623,1742,27/10/2046,mx,6
7606,1268,4504,28/10/2046,mex,22
7607,114,2281,29/10/2046,México,10
7608,1836,1279,30/10/2046,mex,44
7609,333,4155,31/10/2046,mx,47
7610,1965,3121,01/11/2046,mex,11
7611,1608,4478,02/11/2046,mex,42
7612,1169,3281,03/11/2046,mex,36
7613,305,1570,04/11/2046,mx,39
7614,1554,2491,05/11/2046,México,14
7615,305,4635,06/11/2046,mex,41
7616,1797,4955,07/11/2046,mx,25
7617,522,2347,08/11/2046,mx,28
7618,1771,1785,09/11/2046,mex,16
7619,1214,2289,10/11/2046,mex,13
7620,210,4829,11/11/2046,mx,37
7621,691,3503,12/11/2046,México,6
7622,58,3643,13/11/2046,mex,16
7623,1021,4135,14/11/2046,mx,13
7624,1727,704,15/11/2046,mex,15
7625,48,1595,16/11/2046,mx,43
7626,954,4280,17/11/2046,mx,14
7627,1520,4600,18/11/2046,mex,49
7628,618,4321,19/11/2046,México,4
7629,1389,4341,20/11/2046,mex,42
7630,1225,370,21/11/2046,mx,46
7631,963,2002,22/11/2046,México,9
7632,906,3713,23/11/2046,mex,18
7633,1936,2941,24/11/2046,mx,7
7634,1858,3167,25/11/2046,México,8
7635,1470,4775,26/11/2046,mex,29
7636,1130,3047,27/11/2046,México,6
7637,1335,1212,28/11/2046,mex,42
7638,1966,346,29/11/2046,mx,41
7639,1501,3308,30/11/2046,mex,9
7640,943,1984,01/12/2046,México,4
7641,1313,2670,02/12/2046,México,45
7642,910,2373,03/12/2046,México,48
7643,769,3500,04/12/2046,México,14
7644,1665,3663,05/12/2046,mx,7
7645,195,2118,06/12/2046,mex,27
7646,204,2635,07/12/2046,mex,16
7647,1430,130,08/12/2046,México,2
7648,1356,4774,09/12/2046,mx,7
7649,1308,2325,10/12/2046,mx,10
7650,47,3256,11/12/2046,mex,43
7651,221,4455,12/12/2046,México,33
7652,1363,2295,13/12/2046,mex,34
7653,1167,3529,14/12/2046,mex,14
7654,123,3885,15/12/2046,mex,1
7655,943,2166,16/12/2046,mex,38
7656,1010,3130,17/12/2046,mx,40
7657,1028,1044,18/12/2046,México,30
7658,1665,3371,19/12/2046,México,4
7659,981,156,20/12/2046,México,33
7660,325,4059,21/12/2046,mex,11
7661,1889,548,22/12/2046,mex,22
7662,195,2038,23/12/2046,mx,6
7663,500,3443,24/12/2046,mex,27
7664,1235,1475,25/12/2046,mex,21
7665,1677,461,26/12/2046,México,47
7666,142,3504,27/12/2046,México,35
7667,1567,1814,28/12/2046,mx,46
7668,730,2561,29/12/2046,mex,28
7669,949,3665,30/12/2046,México,44
7670,879,3588,31/12/2046,mex,9
7671,1071,2005,01/01/2047,México,48
7672,155,768,02/01/2047,México,20
7673,30,180,03/01/2047,México,46
7674,83,1455,04/01/2047,mx,30
7675,124,3475,05/01/2047,mx,48
7676,1245,664,06/01/2047,México,39
7677,153,4425,07/01/2047,mx,32
7678,837,2252,08/01/2047,mx,8
7679,911,254,09/01/2047,México,48
7680,1109,3749,10/01/2047,México,8
7681,1831,4910,11/01/2047,mex,27
7682,213,1265,12/01/2047,mx,48
7683,1369,452,13/01/2047,México,5
7684,990,198,14/01/2047,México,18
7685,1427,4713,15/01/2047,México,6
7686,598,2965,16/01/2047,mex,46
7687,829,413,17/01/2047,mex,8
7688,580,1427,18/01/2047,mex,12
7689,5,4495,19/01/2047,mx,1
7690,1683,114,20/01/2047,México,34
7691,1697,790,21/01/2047,mex,5
7692,17,1109,22/01/2047,mex,43
7693,1813,1894,23/01/2047,mex,36
7694,1413,219,24/01/2047,mx,5
7695,1013,2644,25/01/2047,mx,40
7696,368,1531,26/01/2047,mex,27
7697,1134,3079,27/01/2047,mx,33
7698,1246,1154,28/01/2047,mx,20
7699,1632,602,29/01/2047,mex,10
7700,1886,469,30/01/2047,mex,35
7701,1702,3794,31/01/2047,mex,5
7702,1495,3265,01/02/2047,mex,49
7703,958,522,02/02/2047,México,21
7704,314,1645,03/02/2047,mex,48
7705,1502,4501,04/02/2047,mx,8
7706,199,4156,05/02/2047,mex,28
7707,125,3495,06/02/2047,mex,35
7708,763,1135,07/02/2047,mex,23
7709,2,2195,08/02/2047,mx,27
7710,1895,1467,09/02/2047,México,41
7711,1820,2553,10/02/2047,mex,22
7712,477,3724,11/02/2047,mx,27
7713,1075,2099,12/02/2047,mex,48
7714,250,1970,13/02/2047,México,15
7715,691,699,14/02/2047,México,50
7716,992,380,15/02/2047,México,13
7717,543,4566,16/02/2047,mx,38
7718,118,3961,17/02/2047,México,42
7719,1511,579,18/02/2047,México,18
7720,1919,1655,19/02/2047,México,17
7721,255,436,20/02/2047,México,39
7722,747,2988,21/02/2047,mx,1
7723,74,1663,22/02/2047,México,15
7724,879,3800,23/02/2047,México,29
7725,1401,2623,24/02/2047,mx,9
7726,86,3244,25/02/2047,México,40
7727,1449,4840,26/02/2047,México,46
7728,821,336,27/02/2047,mx,47
7729,1663,2818,28/02/2047,mx,15
7730,878,4252,01/03/2047,mx,45
7731,847,937,02/03/2047,mx,36
7732,1083,2649,03/03/2047,mx,31
7733,270,3506,04/03/2047,mex,47
7734,1399,3609,05/03/2047,mx,17
7735,677,453,06/03/2047,mex,2
7736,1277,2144,07/03/2047,mx,7
7737,196,1609,08/03/2047,mx,13
7738,594,4133,09/03/2047,mx,5
7739,1952,806,10/03/2047,mx,28
7740,1515,1527,11/03/2047,México,49
7741,177,1233,12/03/2047,México,16
7742,549,587,13/03/2047,mx,3
7743,1512,632,14/03/2047,mx,36
7744,947,1010,15/03/2047,mex,2
7745,204,2573,16/03/2047,México,30
7746,325,1606,17/03/2047,mx,12
7747,1572,1389,18/03/2047,mx,6
7748,1581,1258,19/03/2047,mx,35
7749,1457,1760,20/03/2047,mex,18
7750,1020,3434,21/03/2047,mex,34
7751,38,4976,22/03/2047,México,1
7752,1261,3104,23/03/2047,mx,31
7753,966,3492,24/03/2047,mx,4
7754,600,4973,25/03/2047,mex,4
7755,1158,713,26/03/2047,mex,32
7756,1793,2705,27/03/2047,México,13
7757,173,1306,28/03/2047,mx,25
7758,1884,133,29/03/2047,mx,30
7759,1436,1605,30/03/2047,México,42
7760,506,3928,31/03/2047,mx,38
7761,1724,3283,01/04/2047,mex,42
7762,1423,958,02/04/2047,México,9
7763,1184,3358,03/04/2047,mex,36
7764,373,4631,04/04/2047,mx,22
7765,69,4824,05/04/2047,mex,44
7766,1708,2607,06/04/2047,México,11
7767,48,2215,07/04/2047,mex,3
7768,1824,1536,08/04/2047,mex,48
7769,71,4639,09/04/2047,mex,39
7770,875,2150,10/04/2047,mx,48
7771,799,936,11/04/2047,mex,23
7772,1516,592,12/04/2047,México,22
7773,1941,3609,13/04/2047,mex,28
7774,1334,2364,14/04/2047,México,36
7775,755,1390,15/04/2047,mex,46
7776,1888,2844,16/04/2047,mx,7
7777,1258,4916,17/04/2047,mx,37
7778,974,3667,18/04/2047,México,47
7779,1148,3032,19/04/2047,México,18
7780,375,3084,20/04/2047,México,38
7781,1061,3208,21/04/2047,mx,23
7782,1220,2355,22/04/2047,mex,4
7783,1170,3632,23/04/2047,mx,36
7784,554,3906,24/04/2047,mx,8
7785,1907,4130,25/04/2047,mx,1
7786,1029,2410,26/04/2047,mex,19
7787,1793,1008,27/04/2047,mex,36
7788,1833,1870,28/04/2047,mex,39
7789,513,3654,29/04/2047,mex,6
7790,309,405,30/04/2047,mx,45
7791,1944,1389,01/05/2047,mex,20
7792,45,4082,02/05/2047,mex,30
7793,1431,3422,03/05/2047,México,3
7794,1919,691,04/05/2047,mex,27
7795,1478,4852,05/05/2047,México,6
7796,1463,2012,06/05/2047,mex,37
7797,559,4841,07/05/2047,mx,36
7798,166,3153,08/05/2047,mx,9
7799,377,2269,09/05/2047,mx,21
7800,614,2599,10/05/2047,mex,5
7801,707,3970,11/05/2047,mex,44
7802,1314,3710,12/05/2047,mex,34
7803,346,269,13/05/2047,México,10
7804,1165,2578,14/05/2047,México,50
7805,1254,4567,15/05/2047,mex,20
7806,1871,2247,16/05/2047,mx,19
7807,305,1656,17/05/2047,mx,31
7808,784,2971,18/05/2047,México,40
7809,79,3529,19/05/2047,mex,26
7810,249,1486,20/05/2047,mex,2
7811,884,3223,21/05/2047,mex,11
7812,930,2616,22/05/2047,mx,32
7813,1423,1080,23/05/2047,México,34
7814,1248,2815,24/05/2047,México,18
7815,78,4316,25/05/2047,México,13
7816,738,501,26/05/2047,mex,35
7817,472,1501,27/05/2047,mx,49
7818,1251,3257,28/05/2047,mex,1
7819,1311,2620,29/05/2047,México,45
7820,1643,1657,30/05/2047,México,48
7821,455,1899,31/05/2047,mx,25
7822,1974,997,01/06/2047,México,12
7823,1536,3932,02/06/2047,mex,46
7824,1626,3354,03/06/2047,mex,34
7825,540,1769,04/06/2047,mex,11
7826,1912,4068,05/06/2047,México,28
7827,786,2703,06/06/2047,mx,33
7828,1614,4587,07/06/2047,mex,41
7829,1729,4914,08/06/2047,mex,36
7830,449,2058,09/06/2047,mx,35
7831,991,3406,10/06/2047,mex,22
7832,1498,1009,11/06/2047,mx,29
7833,821,2109,12/06/2047,México,33
7834,155,2552,13/06/2047,mex,18
7835,1462,4298,14/06/2047,mex,49
7836,1187,4381,15/06/2047,mex,27
7837,591,4970,16/06/2047,mx,25
7838,772,3570,17/06/2047,mx,18
7839,1744,4035,18/06/2047,mx,5
7840,1803,4980,19/06/2047,México,33
7841,1887,3708,20/06/2047,mx,33
7842,652,2493,21/06/2047,mex,25
7843,562,4226,22/06/2047,mx,50
7844,1892,3317,23/06/2047,mx,7
7845,950,930,24/06/2047,México,50
7846,811,4687,25/06/2047,mx,26
7847,1070,3690,26/06/2047,mx,19
7848,1803,1564,27/06/2047,mex,14
7849,1684,1953,28/06/2047,México,6
7850,1175,1072,29/06/2047,mex,46
7851,564,2288,30/06/2047,México,19
7852,101,1069,01/07/2047,mex,33
7853,590,4455,02/07/2047,México,1
7854,63,4240,03/07/2047,México,10
7855,63,4681,04/07/2047,México,46
7856,1386,2224,05/07/2047,México,50
7857,1640,2320,06/07/2047,mex,42
7858,1559,1137,07/07/2047,mex,17
7859,1702,2732,08/07/2047,México,19
7860,1604,4061,09/07/2047,México,4
7861,797,3839,10/07/2047,mex,32
7862,1931,558,11/07/2047,México,23
7863,1240,4811,12/07/2047,mx,38
7864,272,3412,13/07/2047,mx,34
7865,464,1355,14/07/2047,mx,31
7866,715,1478,15/07/2047,mx,26
7867,1596,4373,16/07/2047,México,36
7868,404,4637,17/07/2047,México,22
7869,293,1604,18/07/2047,mex,16
7870,100,1830,19/07/2047,mex,46
7871,1942,3984,20/07/2047,mx,1
7872,227,3114,21/07/2047,mex,39
7873,521,2475,22/07/2047,mex,35
7874,254,638,23/07/2047,mex,38
7875,1788,1791,24/07/2047,mx,2
7876,1859,2025,25/07/2047,mx,26
7877,639,1258,26/07/2047,mex,48
7878,865,4326,27/07/2047,mx,10
7879,40,3953,28/07/2047,mx,39
7880,82,274,29/07/2047,México,15
7881,1852,2109,30/07/2047,mex,35
7882,301,3756,31/07/2047,mx,46
7883,82,1149,01/08/2047,mx,2
7884,1390,663,02/08/2047,mx,41
7885,1126,3291,03/08/2047,mex,49
7886,335,399,04/08/2047,México,10
7887,142,1923,05/08/2047,México,23
7888,183,3490,06/08/2047,mex,42
7889,134,1582,07/08/2047,México,19
7890,229,952,08/08/2047,mx,30
7891,748,3494,09/08/2047,mex,9
7892,1377,1411,10/08/2047,mx,17
7893,1205,3057,11/08/2047,mex,48
7894,1625,2218,12/08/2047,México,18
7895,1964,2754,13/08/2047,mex,47
7896,1128,1901,14/08/2047,mex,45
7897,302,2902,15/08/2047,mx,7
7898,1418,4410,16/08/2047,mx,26
7899,1565,3720,17/08/2047,mx,48
7900,1765,530,18/08/2047,México,34
7901,1524,4051,19/08/2047,México,34
7902,6,4410,20/08/2047,mx,8
7903,1192,1737,21/08/2047,México,29
7904,689,1028,22/08/2047,mx,40
7905,651,1733,23/08/2047,mex,50
7906,1084,2449,24/08/2047,mex,21
7907,1901,1567,25/08/2047,México,15
7908,1061,3349,26/08/2047,México,31
7909,186,137,27/08/2047,mex,15
7910,1149,377,28/08/2047,mx,15
7911,1352,1244,29/08/2047,México,17
7912,1909,298,30/08/2047,mx,41
7913,652,1703,31/08/2047,mx,26
7914,1250,1861,01/09/2047,mx,30
7915,1796,3634,02/09/2047,mex,17
7916,1226,1751,03/09/2047,México,47
7917,1970,2472,04/09/2047,mex,34
7918,672,843,05/09/2047,mx,33
7919,1633,1104,06/09/2047,mx,41
7920,1349,532,07/09/2047,México,13
7921,390,2282,08/09/2047,mx,42
7922,20,4117,09/09/2047,México,50
7923,698,4768,10/09/2047,mx,20
7924,1575,944,11/09/2047,México,18
7925,1400,1089,12/09/2047,México,12
7926,571,459,13/09/2047,mex,50
7927,1010,3243,14/09/2047,mex,21
7928,854,2727,15/09/2047,mex,42
7929,1950,3265,16/09/2047,mx,50
7930,495,4832,17/09/2047,México,14
7931,1662,4396,18/09/2047,mx,23
7932,387,4013,19/09/2047,mx,22
7933,1568,2575,20/09/2047,mex,50
7934,439,1509,21/09/2047,mex,46
7935,1820,4195,22/09/2047,mx,48
7936,122,807,23/09/2047,México,7
7937,1879,1076,24/09/2047,mex,7
7938,1111,4363,25/09/2047,mex,8
7939,1781,2883,26/09/2047,México,49
7940,34,1261,27/09/2047,mex,4
7941,281,4814,28/09/2047,mx,47
7942,2000,1531,29/09/2047,mx,37
7943,707,1371,30/09/2047,mx,48
7944,575,4820,01/10/2047,México,28
7945,1750,3789,02/10/2047,mex,26
7946,1171,2447,03/10/2047,mx,39
7947,598,1581,04/10/2047,mex,32
7948,1577,4032,05/10/2047,mx,39
7949,594,3882,06/10/2047,mex,12
7950,809,2159,07/10/2047,México,27
7951,1811,2384,08/10/2047,México,50
7952,775,3229,09/10/2047,mex,43
7953,483,4865,10/10/2047,mx,21
7954,109,1230,11/10/2047,mx,4
7955,133,1094,12/10/2047,México,16
7956,1774,4057,13/10/2047,mex,17
7957,574,2369,14/10/2047,México,8
7958,1082,3874,15/10/2047,mex,44
7959,689,4244,16/10/2047,mx,43
7960,563,4663,17/10/2047,México,28
7961,181,1003,18/10/2047,mx,15
7962,518,778,19/10/2047,mx,29
7963,876,1648,20/10/2047,mx,32
7964,29,294,21/10/2047,mx,33
7965,449,815,22/10/2047,mex,41
7966,1345,1903,23/10/2047,mx,24
7967,953,2344,24/10/2047,mex,21
7968,1489,3441,25/10/2047,mx,7
7969,1725,538,26/10/2047,mx,9
7970,10,3119,27/10/2047,mx,49
7971,755,1673,28/10/2047,mex,16
7972,1803,1504,29/10/2047,mx,12
7973,1073,1388,30/10/2047,México,14
7974,975,3579,31/10/2047,México,23
7975,683,1668,01/11/2047,México,22
7976,92,4523,02/11/2047,mx,41
7977,1554,1121,03/11/2047,mex,14
7978,581,3594,04/11/2047,mx,33
7979,580,3294,05/11/2047,mex,45
7980,1540,2079,06/11/2047,mex,19
7981,1447,406,07/11/2047,mex,35
7982,1183,1394,08/11/2047,mx,47
7983,413,715,09/11/2047,mx,45
7984,724,4120,10/11/2047,México,30
7985,1655,1257,11/11/2047,mx,23
7986,1225,4575,12/11/2047,mx,48
7987,1812,382,13/11/2047,México,17
7988,337,702,14/11/2047,mx,34
7989,1439,2702,15/11/2047,mex,34
7990,232,4462,16/11/2047,mex,19
7991,1668,3669,17/11/2047,México,23
7992,1247,4577,18/11/2047,mex,24
7993,505,4626,19/11/2047,mex,5
7994,1708,2206,20/11/2047,mex,46
7995,281,3409,21/11/2047,México,9
7996,853,1446,22/11/2047,mx,39
7997,1349,4148,23/11/2047,México,3
7998,1600,3258,24/11/2047,México,19
7999,932,2906,25/11/2047,México,3
8000,1020,1279,26/11/2047,mex,40
8001,363,2729,27/11/2047,mex,17
8002,1964,567,28/11/2047,mex,48
8003,1069,740,29/11/2047,mex,14
8004,782,196,30/11/2047,México,11
8005,89,2967,01/12/2047,México,4
8006,1086,348,02/12/2047,mx,41
8007,1340,4393,03/12/2047,mex,27
8008,642,1488,04/12/2047,mex,32
8009,1524,2934,05/12/2047,México,42
8010,889,1528,06/12/2047,mex,37
8011,123,3210,07/12/2047,México,48
8012,1526,681,08/12/2047,México,24
8013,1079,4234,09/12/2047,mx,7
8014,927,3093,10/12/2047,mex,34
8015,1252,3572,11/12/2047,mx,41
8016,108,449,12/12/2047,México,30
8017,1778,3790,13/12/2047,mx,36
8018,47,2281,14/12/2047,México,5
8019,826,1589,15/12/2047,México,32
8020,473,1876,16/12/2047,México,2
8021,571,2826,17/12/2047,México,5
8022,1618,610,18/12/2047,México,29
8023,1110,1198,19/12/2047,mx,35
8024,1488,3428,20/12/2047,mx,46
8025,1448,1470,21/12/2047,México,26
8026,718,4745,22/12/2047,mex,22
8027,1985,4934,23/12/2047,mex,33
8028,1658,4857,24/12/2047,mx,42
8029,447,1313,25/12/2047,mex,22
8030,1503,3763,26/12/2047,mx,4
8031,1505,2599,27/12/2047,mex,17
8032,1409,4784,28/12/2047,mex,11
8033,298,2157,29/12/2047,México,41
8034,323,1120,30/12/2047,mex,23
8035,597,1687,31/12/2047,México,8
8036,605,2658,01/01/2048,México,47
8037,488,2038,02/01/2048,México,23
8038,301,3913,03/01/2048,México,23
8039,734,2030,04/01/2048,mx,7
8040,268,4440,05/01/2048,México,24
8041,1478,3323,06/01/2048,mex,27
8042,927,1778,07/01/2048,mex,47
8043,206,4042,08/01/2048,mx,14
8044,1016,4807,09/01/2048,mx,3
8045,1687,4739,10/01/2048,mx,38
8046,1952,2000,11/01/2048,mex,16
8047,754,123,12/01/2048,mx,25
8048,524,4858,13/01/2048,México,16
8049,733,2073,14/01/2048,México,15
8050,1078,3866,15/01/2048,mx,38
8051,1094,1249,16/01/2048,mx,49
8052,180,2275,17/01/2048,mx,33
8053,982,676,18/01/2048,mex,50
8054,1155,748,19/01/2048,mex,35
8055,870,963,20/01/2048,mex,21
8056,1417,4248,21/01/2048,mex,12
8057,1230,1960,22/01/2048,México,42
8058,863,1969,23/01/2048,mx,47
8059,425,4115,24/01/2048,mex,3
8060,11,1703,25/01/2048,mex,36
8061,1631,1956,26/01/2048,mx,18
8062,39,4850,27/01/2048,mex,48
8063,1543,2173,28/01/2048,México,2
8064,675,850,29/01/2048,mx,44
8065,1719,1569,30/01/2048,México,28
8066,1531,2874,31/01/2048,mex,17
8067,1141,4296,01/02/2048,México,21
8068,1472,2957,02/02/2048,mex,10
8069,490,133,03/02/2048,mex,35
8070,690,1951,04/02/2048,mex,8
8071,1054,1159,05/02/2048,México,22
8072,1498,4760,06/02/2048,México,23
8073,945,3348,07/02/2048,México,44
8074,411,1032,08/02/2048,mx,36
8075,931,4620,09/02/2048,México,6
8076,394,3478,10/02/2048,mex,4
8077,433,644,11/02/2048,México,8
8078,1981,3052,12/02/2048,mex,34
8079,1694,2293,13/02/2048,México,39
8080,1082,836,14/02/2048,México,12
8081,446,3346,15/02/2048,México,37
8082,726,3749,16/02/2048,mx,3
8083,54,4234,17/02/2048,mex,10
8084,486,3626,18/02/2048,mex,41
8085,11,2793,19/02/2048,México,38
8086,212,2453,20/02/2048,mx,26
8087,1846,3101,21/02/2048,mex,19
8088,1812,3814,22/02/2048,mx,18
8089,330,2104,23/02/2048,México,40
8090,1706,453,24/02/2048,México,46
8091,565,3398,25/02/2048,mx,9
8092,1441,363,26/02/2048,México,23
8093,1267,3431,27/02/2048,mx,22
8094,652,1789,28/02/2048,mex,15
8095,615,3238,29/02/2048,mex,7
8096,856,4952,01/03/2048,mx,34
8097,1705,557,02/03/2048,mx,39
8098,920,4855,03/03/2048,mex,32
8099,1260,4532,04/03/2048,México,44
8100,1658,3302,05/03/2048,México,16
8101,115,524,06/03/2048,México,37
8102,1694,2626,07/03/2048,mx,42
8103,622,3509,08/03/2048,México,10
8104,1822,257,09/03/2048,México,37
8105,582,3760,10/03/2048,mex,4
8106,1506,1929,11/03/2048,México,35
8107,1525,188,12/03/2048,México,50
8108,554,2813,13/03/2048,México,15
8109,1001,810,14/03/2048,mx,2
8110,1900,4202,15/03/2048,mx,49
8111,495,2777,16/03/2048,mx,48
8112,390,3219,17/03/2048,mx,35
8113,1439,325,18/03/2048,mx,28
8114,325,2193,19/03/2048,mx,21
8115,1318,2269,20/03/2048,mx,16
8116,1866,1169,21/03/2048,mex,20
8117,1756,1112,22/03/2048,mex,12
8118,667,115,23/03/2048,mx,17
8119,88,4651,24/03/2048,mx,17
8120,1327,3816,25/03/2048,México,4
8121,739,2989,26/03/2048,México,22
8122,964,287,27/03/2048,México,22
8123,977,574,28/03/2048,mx,17
8124,80,1767,29/03/2048,mx,24
8125,1281,4728,30/03/2048,mx,36
8126,1640,815,31/03/2048,mex,26
8127,1313,1161,01/04/2048,México,18
8128,1042,413,02/04/2048,mx,13
8129,948,406,03/04/2048,México,37
8130,457,4373,04/04/2048,mex,6
8131,751,3458,05/04/2048,mx,3
8132,1866,623,06/04/2048,mx,9
8133,1877,4639,07/04/2048,México,10
8134,612,1068,08/04/2048,México,17
8135,1383,4957,09/04/2048,mx,1
8136,837,3117,10/04/2048,mex,48
8137,1324,1981,11/04/2048,México,26
8138,1658,3197,12/04/2048,mex,22
8139,249,4267,13/04/2048,México,34
8140,265,133,14/04/2048,mx,17
8141,1795,2865,15/04/2048,México,9
8142,341,4833,16/04/2048,mex,28
8143,1761,3562,17/04/2048,mx,50
8144,1575,1514,18/04/2048,México,41
8145,995,1893,19/04/2048,mex,44
8146,227,2288,20/04/2048,México,40
8147,1403,3397,21/04/2048,mx,49
8148,397,2739,22/04/2048,mex,20
8149,1355,4993,23/04/2048,mex,19
8150,913,366,24/04/2048,mex,33
8151,557,1334,25/04/2048,mx,26
8152,548,4581,26/04/2048,mex,37
8153,1491,4762,27/04/2048,mx,16
8154,1676,2579,28/04/2048,México,39
8155,1002,2603,29/04/2048,México,50
8156,1347,3818,30/04/2048,mx,12
8157,138,2964,01/05/2048,mx,50
8158,85,960,02/05/2048,mx,33
8159,1884,551,03/05/2048,México,34
8160,97,1555,04/05/2048,México,25
8161,566,111,05/05/2048,México,7
8162,1705,4952,06/05/2048,México,14
8163,1673,4485,07/05/2048,México,25
8164,680,496,08/05/2048,México,2
8165,813,4843,09/05/2048,mex,4
8166,1405,2607,10/05/2048,México,25
8167,128,1977,11/05/2048,mx,13
8168,605,2436,12/05/2048,México,2
8169,1642,4307,13/05/2048,mex,43
8170,1207,1444,14/05/2048,mx,33
8171,1642,1839,15/05/2048,México,16
8172,937,1155,16/05/2048,mex,5
8173,1295,2341,17/05/2048,mex,27
8174,795,3531,18/05/2048,México,49
8175,293,3633,19/05/2048,mx,25
8176,888,2463,20/05/2048,mx,29
8177,1391,1692,21/05/2048,México,2
8178,1155,698,22/05/2048,mex,32
8179,561,2230,23/05/2048,mex,42
8180,617,2986,24/05/2048,mx,29
8181,1371,888,25/05/2048,mx,19
8182,1704,4975,26/05/2048,mx,42
8183,1666,4484,27/05/2048,mx,5
8184,1413,904,28/05/2048,mx,37
8185,1230,2636,29/05/2048,mx,45
8186,1544,2474,30/05/2048,mx,3
8187,461,3596,31/05/2048,mex,38
8188,345,1668,01/06/2048,mex,39
8189,264,3967,02/06/2048,México,11
8190,785,4964,03/06/2048,mx,13
8191,1087,3169,04/06/2048,mex,38
8192,1594,883,05/06/2048,mx,5
8193,379,3792,06/06/2048,mx,22
8194,1518,3223,07/06/2048,México,50
8195,373,3463,08/06/2048,mx,44
8196,1063,4407,09/06/2048,mex,11
8197,467,402,10/06/2048,mex,19
8198,1760,1973,11/06/2048,mex,35
8199,390,1923,12/06/2048,mex,3
8200,3,2196,13/06/2048,mx,5
8201,1843,3369,14/06/2048,mx,27
8202,24,4643,15/06/2048,México,40
8203,567,4475,16/06/2048,mx,16
8204,1152,3594,17/06/2048,mex,12
8205,1554,3363,18/06/2048,mx,3
8206,1780,1835,19/06/2048,mx,35
8207,756,106,20/06/2048,mex,11
8208,1705,3470,21/06/2048,mex,46
8209,164,1051,22/06/2048,México,16
8210,877,2759,23/06/2048,México,19
8211,1651,855,24/06/2048,México,6
8212,257,4555,25/06/2048,mex,42
8213,264,2733,26/06/2048,mx,48
8214,748,4117,27/06/2048,mx,34
8215,1246,865,28/06/2048,mex,27
8216,1311,4281,29/06/2048,mex,37
8217,1518,4942,30/06/2048,México,11
8218,844,3386,01/07/2048,México,18
8219,1660,1488,02/07/2048,mx,30
8220,722,2103,03/07/2048,mx,41
8221,1377,4189,04/07/2048,mx,28
8222,1538,140,05/07/2048,México,49
8223,1216,2793,06/07/2048,mex,22
8224,1349,3326,07/07/2048,mx,44
8225,872,2946,08/07/2048,México,41
8226,104,1395,09/07/2048,mex,32
8227,683,4554,10/07/2048,mex,35
8228,1418,3686,11/07/2048,México,9
8229,1498,4839,12/07/2048,mx,37
8230,1710,3465,13/07/2048,mx,4
8231,1833,1758,14/07/2048,mex,37
8232,1530,2465,15/07/2048,México,33
8233,1332,2208,16/07/2048,mx,45
8234,1691,198,17/07/2048,México,39
8235,481,140,18/07/2048,México,16
8236,1644,4706,19/07/2048,mx,10
8237,660,3466,20/07/2048,México,3
8238,561,4998,21/07/2048,México,40
8239,1428,4288,22/07/2048,mex,44
8240,1004,1056,23/07/2048,México,28
8241,1879,2377,24/07/2048,mx,10
8242,346,4911,25/07/2048,mex,3
8243,1315,3698,26/07/2048,México,31
8244,889,3244,27/07/2048,mex,30
8245,1682,655,28/07/2048,México,35
8246,695,2729,29/07/2048,México,35
8247,13,2876,30/07/2048,México,29
8248,846,4052,31/07/2048,México,38
8249,630,3993,01/08/2048,México,46
8250,787,4044,02/08/2048,mx,14
8251,164,3688,03/08/2048,mx,20
8252,943,4364,04/08/2048,mx,27
8253,1731,4570,05/08/2048,mx,11
8254,1005,247,06/08/2048,mx,34
8255,800,2843,07/08/2048,mx,48
8256,12,3298,08/08/2048,mex,1
8257,1354,4872,09/08/2048,mx,15
8258,1666,354,10/08/2048,México,22
8259,1178,2523,11/08/2048,México,20
8260,1818,517,12/08/2048,mex,34
8261,629,4541,13/08/2048,mex,35
8262,672,3877,14/08/2048,México,13
8263,1057,1569,15/08/2048,México,20
8264,1237,2931,16/08/2048,mx,32
8265,1788,1561,17/08/2048,mex,5
8266,1016,4067,18/08/2048,mx,46
8267,357,2342,19/08/2048,mex,9
8268,1078,3855,20/08/2048,México,9
8269,488,690,21/08/2048,mex,7
8270,854,1206,22/08/2048,mex,3
8271,1287,829,23/08/2048,México,14
8272,1114,2759,24/08/2048,México,6
8273,1283,2700,25/08/2048,México,44
8274,1156,1067,26/08/2048,México,33
8275,1411,4033,27/08/2048,mx,9
8276,1021,4317,28/08/2048,mex,33
8277,980,3378,29/08/2048,México,19
8278,1285,1294,30/08/2048,México,7
8279,550,4442,31/08/2048,mex,33
8280,1760,3003,01/09/2048,mex,13
8281,909,1125,02/09/2048,mex,15
8282,762,3092,03/09/2048,mex,11
8283,1106,1897,04/09/2048,mex,39
8284,538,3018,05/09/2048,mx,19
8285,425,2758,06/09/2048,mx,2
8286,210,1507,07/09/2048,México,42
8287,726,4206,08/09/2048,mex,5
8288,1734,2801,09/09/2048,mex,7
8289,1518,4691,10/09/2048,mx,1
8290,1719,2035,11/09/2048,México,3
8291,247,3677,12/09/2048,México,15
8292,866,876,13/09/2048,mex,1
8293,644,311,14/09/2048,mex,30
8294,377,4093,15/09/2048,mx,42
8295,749,4513,16/09/2048,México,13
8296,1676,2725,17/09/2048,mx,30
8297,204,4349,18/09/2048,mx,32
8298,1932,3199,19/09/2048,mx,1
8299,996,817,20/09/2048,mex,5
8300,39,3447,21/09/2048,mx,47
8301,1787,3108,22/09/2048,mex,32
8302,874,2673,23/09/2048,mx,15
8303,1882,1459,24/09/2048,mx,25
8304,304,4272,25/09/2048,mex,3
8305,513,3589,26/09/2048,mex,5
8306,171,4464,27/09/2048,mex,20
8307,1808,1163,28/09/2048,mx,26
8308,1652,1311,29/09/2048,mex,36
8309,126,1641,30/09/2048,mx,29
8310,117,2838,01/10/2048,mx,44
8311,1815,4629,02/10/2048,México,26
8312,835,310,03/10/2048,México,13
8313,1412,4572,04/10/2048,México,22
8314,504,2883,05/10/2048,mx,5
8315,1270,4843,06/10/2048,mx,6
8316,874,1476,07/10/2048,mx,50
8317,1469,4620,08/10/2048,México,5
8318,1502,3633,09/10/2048,México,18
8319,208,1871,10/10/2048,México,39
8320,1803,1107,11/10/2048,México,32
8321,603,3037,12/10/2048,mex,20
8322,433,1561,13/10/2048,México,20
8323,487,2763,14/10/2048,México,5
8324,1486,1266,15/10/2048,mx,40
8325,1432,1817,16/10/2048,mex,28
8326,1737,2043,17/10/2048,mx,37
8327,760,3463,18/10/2048,mx,37
8328,1123,3680,19/10/2048,México,49
8329,746,1569,20/10/2048,mx,14
8330,1529,4797,21/10/2048,mex,33
8331,1817,4815,22/10/2048,mex,48
8332,770,193,23/10/2048,mex,15
8333,527,1297,24/10/2048,mx,43
8334,1911,1110,25/10/2048,mx,50
8335,1500,2909,26/10/2048,mex,33
8336,430,3844,27/10/2048,mx,11
8337,1546,3614,28/10/2048,mex,26
8338,1843,4400,29/10/2048,mex,17
8339,929,2794,30/10/2048,mex,40
8340,851,889,31/10/2048,mex,39
8341,932,2715,01/11/2048,México,13
8342,1931,4021,02/11/2048,mx,11
8343,1467,3713,03/11/2048,mex,14
8344,656,3532,04/11/2048,mx,26
8345,1159,1957,05/11/2048,mx,48
8346,1078,3869,06/11/2048,mx,47
8347,1028,3983,07/11/2048,mx,23
8348,828,4651,08/11/2048,mex,2
8349,1220,1424,09/11/2048,México,44
8350,1450,508,10/11/2048,mx,16
8351,878,421,11/11/2048,mex,6
8352,1826,3202,12/11/2048,mx,5
8353,1508,4601,13/11/2048,mex,49
8354,406,2429,14/11/2048,México,5
8355,48,3181,15/11/2048,México,46
8356,1987,824,16/11/2048,mx,35
8357,1233,4316,17/11/2048,México,20
8358,424,4464,18/11/2048,mx,47
8359,151,4149,19/11/2048,mx,43
8360,295,3858,20/11/2048,mex,27
8361,1117,2216,21/11/2048,mx,40
8362,1040,2828,22/11/2048,mex,10
8363,66,3064,23/11/2048,mx,27
8364,911,1324,24/11/2048,México,6
8365,8,4783,25/11/2048,México,24
8366,1072,3502,26/11/2048,mx,30
8367,162,3002,27/11/2048,mx,40
8368,456,4295,28/11/2048,mex,44
8369,1039,395,29/11/2048,mex,2
8370,785,4395,30/11/2048,mx,12
8371,1744,780,01/12/2048,México,9
8372,1181,1107,02/12/2048,mex,26
8373,88,3982,03/12/2048,mex,9
8374,1939,2349,04/12/2048,mx,46
8375,1901,713,05/12/2048,México,46
8376,37,770,06/12/2048,mx,46
8377,692,227,07/12/2048,mx,46
8378,695,950,08/12/2048,mx,1
8379,1921,3190,09/12/2048,mex,4
8380,1681,3464,10/12/2048,México,30
8381,708,3722,11/12/2048,mex,2
8382,1325,4300,12/12/2048,México,4
8383,1645,4836,13/12/2048,mx,23
8384,803,954,14/12/2048,mex,47
8385,1066,3103,15/12/2048,México,45
8386,1814,1303,16/12/2048,México,36
8387,1701,2654,17/12/2048,México,10
8388,452,821,18/12/2048,mex,43
8389,60,4353,19/12/2048,mex,22
8390,279,2182,20/12/2048,mex,38
8391,159,1122,21/12/2048,México,47
8392,1732,4852,22/12/2048,mx,2
8393,1564,912,23/12/2048,mex,17
8394,52,2731,24/12/2048,México,13
8395,1578,1140,25/12/2048,mex,28
8396,1320,1097,26/12/2048,mx,45
8397,604,4303,27/12/2048,mex,48
8398,337,4674,28/12/2048,mx,12
8399,63,4341,29/12/2048,mex,37
8400,1324,4811,30/12/2048,mx,16
8401,1964,1534,31/12/2048,mex,2
8402,1171,4752,01/01/2049,mex,6
8403,1419,3493,02/01/2049,mex,4
8404,1216,2745,03/01/2049,mex,43
8405,625,2987,04/01/2049,México,42
8406,1078,4718,05/01/2049,mex,18
8407,1260,4801,06/01/2049,mx,5
8408,1548,574,07/01/2049,mex,36
8409,1962,4188,08/01/2049,mex,20
8410,1412,4544,09/01/2049,mx,45
8411,792,1460,10/01/2049,mex,38
8412,714,1502,11/01/2049,México,29
8413,567,1464,12/01/2049,mx,8
8414,1924,532,13/01/2049,mx,33
8415,1607,4633,14/01/2049,México,17
8416,1247,3548,15/01/2049,México,23
8417,1300,437,16/01/2049,México,17
8418,686,2165,17/01/2049,mex,18
8419,797,4024,18/01/2049,mex,14
8420,885,2890,19/01/2049,mx,38
8421,483,632,20/01/2049,mx,17
8422,1990,3153,21/01/2049,mex,25
8423,447,241,22/01/2049,México,4
8424,1152,3422,23/01/2049,mx,1
8425,1712,2827,24/01/2049,México,6
8426,766,2141,25/01/2049,mex,43
8427,1911,4892,26/01/2049,mx,9
8428,1743,4151,27/01/2049,mex,50
8429,1373,270,28/01/2049,mex,41
8430,1500,1736,29/01/2049,México,10
8431,1914,926,30/01/2049,mex,6
8432,1264,3083,31/01/2049,México,23
8433,1810,2456,01/02/2049,mex,25
8434,1272,4701,02/02/2049,mx,50
8435,574,3052,03/02/2049,mx,11
8436,1408,4118,04/02/2049,mex,37
8437,1904,3704,05/02/2049,México,35
8438,946,726,06/02/2049,mex,44
8439,760,2614,07/02/2049,mex,8
8440,1500,3935,08/02/2049,mx,46
8441,320,4751,09/02/2049,México,2
8442,1938,4494,10/02/2049,mex,41
8443,1441,3857,11/02/2049,mex,50
8444,324,4619,12/02/2049,mex,23
8445,1982,4764,13/02/2049,mex,30
8446,712,3124,14/02/2049,México,18
8447,1780,1949,15/02/2049,mx,16
8448,62,486,16/02/2049,México,20
8449,1204,976,17/02/2049,México,29
8450,1946,1395,18/02/2049,México,48
8451,1323,1494,19/02/2049,México,30
8452,246,2426,20/02/2049,México,19
8453,209,1005,21/02/2049,mex,13
8454,357,4942,22/02/2049,mx,44
8455,660,3674,23/02/2049,mx,47
8456,976,1608,24/02/2049,mx,46
8457,893,4484,25/02/2049,mex,44
8458,696,4461,26/02/2049,mex,41
8459,1731,3480,27/02/2049,mx,11
8460,1286,3963,28/02/2049,México,3
8461,203,2924,01/03/2049,México,19
8462,1104,3909,02/03/2049,México,38
8463,1003,2433,03/03/2049,mx,16
8464,1209,3076,04/03/2049,México,31
8465,1073,3427,05/03/2049,mx,45
8466,1751,4788,06/03/2049,mex,32
8467,468,112,07/03/2049,mex,43
8468,776,4575,08/03/2049,México,1
8469,442,251,09/03/2049,mex,14
8470,1616,2197,10/03/2049,mx,38
8471,135,4853,11/03/2049,mex,49
8472,1171,3664,12/03/2049,mex,1
8473,1057,215,13/03/2049,México,2
8474,1793,2519,14/03/2049,mx,5
8475,674,3624,15/03/2049,mex,9
8476,1969,3144,16/03/2049,México,47
8477,766,718,17/03/2049,mex,47
8478,135,3748,18/03/2049,México,31
8479,1432,2375,19/03/2049,mx,48
8480,1499,4704,20/03/2049,mex,21
8481,751,3069,21/03/2049,mex,38
8482,783,2091,22/03/2049,México,11
8483,1675,3259,23/03/2049,México,3
8484,1113,4536,24/03/2049,mex,31
8485,427,564,25/03/2049,México,17
8486,1688,4432,26/03/2049,mx,4
8487,830,735,27/03/2049,mex,36
8488,361,2771,28/03/2049,mx,15
8489,1463,3568,29/03/2049,México,43
8490,1401,4187,30/03/2049,mex,32
8491,942,3966,31/03/2049,México,41
8492,1174,3022,01/04/2049,mx,37
8493,1804,2063,02/04/2049,mx,37
8494,155,2321,03/04/2049,mx,11
8495,957,4358,04/04/2049,mx,5
8496,1724,730,05/04/2049,mx,46
8497,1153,4545,06/04/2049,México,8
8498,31,3262,07/04/2049,mex,50
8499,1356,2032,08/04/2049,mx,25
8500,1329,469,09/04/2049,mx,26
8501,1255,4732,10/04/2049,mx,1
8502,452,4668,11/04/2049,mx,41
8503,917,2000,12/04/2049,mex,11
8504,114,4374,13/04/2049,mex,4
8505,828,3603,14/04/2049,México,8
8506,1246,1205,15/04/2049,mx,50
8507,1709,2221,16/04/2049,México,48
8508,748,3364,17/04/2049,mex,21
8509,342,4684,18/04/2049,mx,27
8510,1288,2911,19/04/2049,mx,28
8511,1117,1799,20/04/2049,México,19
8512,1819,1211,21/04/2049,México,3
8513,1212,866,22/04/2049,mx,41
8514,1382,2576,23/04/2049,mex,26
8515,613,1003,24/04/2049,mx,30
8516,456,781,25/04/2049,México,26
8517,1289,2767,26/04/2049,México,15
8518,710,1618,27/04/2049,México,17
8519,1278,2576,28/04/2049,mx,8
8520,958,1001,29/04/2049,mex,3
8521,1521,3131,30/04/2049,mex,41
8522,193,4593,01/05/2049,mx,7
8523,886,827,02/05/2049,mex,29
8524,527,3720,03/05/2049,mex,4
8525,696,2355,04/05/2049,mex,25
8526,589,2139,05/05/2049,mx,3
8527,973,3634,06/05/2049,México,40
8528,1555,470,07/05/2049,México,4
8529,1890,4823,08/05/2049,mex,50
8530,1777,1578,09/05/2049,México,46
8531,1974,1847,10/05/2049,mex,2
8532,1053,1696,11/05/2049,mex,38
8533,1606,1380,12/05/2049,México,44
8534,560,1872,13/05/2049,México,26
8535,1535,2045,14/05/2049,México,25
8536,274,4054,15/05/2049,mx,23
8537,782,3702,16/05/2049,México,50
8538,331,2313,17/05/2049,México,24
8539,1184,4691,18/05/2049,mx,16
8540,1545,641,19/05/2049,mx,32
8541,377,3832,20/05/2049,México,26
8542,360,4826,21/05/2049,mx,36
8543,97,476,22/05/2049,mx,41
8544,824,4262,23/05/2049,mx,46
8545,833,2744,24/05/2049,mex,23
8546,991,1512,25/05/2049,mex,47
8547,300,2810,26/05/2049,mx,4
8548,728,4619,27/05/2049,México,39
8549,1025,542,28/05/2049,mx,46
8550,1543,3029,29/05/2049,México,17
8551,851,4328,30/05/2049,México,3
8552,1888,4689,31/05/2049,México,36
8553,869,1030,01/06/2049,México,37
8554,750,3317,02/06/2049,mx,29
8555,695,2661,03/06/2049,mex,32
8556,1891,4571,04/06/2049,mex,37
8557,257,3782,05/06/2049,mex,48
8558,1231,852,06/06/2049,mx,36
8559,286,3022,07/06/2049,mex,43
8560,122,761,08/06/2049,mx,29
8561,15,2391,09/06/2049,mx,50
8562,845,534,10/06/2049,México,29
8563,1189,3547,11/06/2049,México,50
8564,989,1305,12/06/2049,mx,42
8565,1421,2523,13/06/2049,mx,31
8566,1562,1881,14/06/2049,mex,47
8567,476,1290,15/06/2049,mex,9
8568,898,448,16/06/2049,mx,37
8569,946,1494,17/06/2049,mex,42
8570,1706,2230,18/06/2049,México,4
8571,830,2450,19/06/2049,México,37
8572,779,1874,20/06/2049,mex,4
8573,1625,2824,21/06/2049,México,3
8574,639,240,22/06/2049,mx,49
8575,1077,4730,23/06/2049,México,28
8576,1996,4963,24/06/2049,México,47
8577,1340,4969,25/06/2049,mx,5
8578,1850,256,26/06/2049,México,43
8579,124,1521,27/06/2049,mex,28
8580,1422,1800,28/06/2049,mex,28
8581,1864,2615,29/06/2049,mex,17
8582,681,2392,30/06/2049,México,40
8583,1503,3954,01/07/2049,México,8
8584,1417,992,02/07/2049,mx,11
8585,1845,2468,03/07/2049,mx,12
8586,1721,347,04/07/2049,mex,29
8587,1057,1098,05/07/2049,México,23
8588,176,2572,06/07/2049,México,2
8589,1612,175,07/07/2049,México,35
8590,85,1574,08/07/2049,mx,46
8591,963,3694,09/07/2049,México,19
8592,813,3957,10/07/2049,mex,19
8593,1888,4666,11/07/2049,México,27
8594,961,3922,12/07/2049,mex,15
8595,391,2497,13/07/2049,mx,44
8596,553,346,14/07/2049,mex,35
8597,1548,4673,15/07/2049,mx,10
8598,1421,4908,16/07/2049,México,15
8599,470,1107,17/07/2049,mx,23
8600,1587,902,18/07/2049,México,36
8601,1465,3245,19/07/2049,mx,22
8602,1537,3258,20/07/2049,mx,30
8603,1260,4538,21/07/2049,México,6
8604,936,1892,22/07/2049,mex,15
8605,1859,1143,23/07/2049,México,30
8606,963,2333,24/07/2049,mex,26
8607,443,1552,25/07/2049,mx,2
8608,1176,2414,26/07/2049,mx,20
8609,453,3683,27/07/2049,mx,42
8610,1900,2996,28/07/2049,mex,11
8611,1181,1482,29/07/2049,México,44
8612,1215,1576,30/07/2049,México,34
8613,1544,421,31/07/2049,mx,17
8614,1605,4125,01/08/2049,mx,21
8615,1752,1643,02/08/2049,mx,46
8616,559,2375,03/08/2049,México,47
8617,754,3701,04/08/2049,mx,15
8618,1893,4589,05/08/2049,México,21
8619,630,1726,06/08/2049,mex,49
8620,1668,263,07/08/2049,México,6
8621,1773,1028,08/08/2049,México,15
8622,1418,4858,09/08/2049,mx,34
8623,477,2116,10/08/2049,mx,16
8624,1839,4083,11/08/2049,mx,12
8625,1824,3960,12/08/2049,mx,28
8626,1926,2451,13/08/2049,México,7
8627,931,3953,14/08/2049,México,27
8628,1576,2109,15/08/2049,México,1
8629,1453,4894,16/08/2049,mx,7
8630,1079,2311,17/08/2049,México,20
8631,1041,4813,18/08/2049,México,22
8632,200,549,19/08/2049,mx,18
8633,370,3128,20/08/2049,México,41
8634,1407,4317,21/08/2049,México,26
8635,759,575,22/08/2049,México,50
8636,668,619,23/08/2049,México,4
8637,883,2746,24/08/2049,mx,40
8638,446,3453,25/08/2049,México,28
8639,1526,1578,26/08/2049,mx,23
8640,928,4064,27/08/2049,México,27
8641,1022,2267,28/08/2049,mx,44
8642,1165,1218,29/08/2049,mx,7
8643,773,4850,30/08/2049,mx,13
8644,1373,3218,31/08/2049,mex,6
8645,114,3724,01/09/2049,mx,16
8646,564,997,02/09/2049,mex,16
8647,488,2014,03/09/2049,mex,8
8648,119,3882,04/09/2049,mx,39
8649,1505,3601,05/09/2049,México,46
8650,1697,3822,06/09/2049,México,34
8651,1476,4399,07/09/2049,mex,19
8652,850,751,08/09/2049,México,39
8653,1946,516,09/09/2049,mex,6
8654,146,2660,10/09/2049,mex,34
8655,1622,3663,11/09/2049,mex,15
8656,689,4659,12/09/2049,mex,11
8657,181,4298,13/09/2049,mex,11
8658,767,448,14/09/2049,mx,6
8659,227,1296,15/09/2049,México,42
8660,870,2937,16/09/2049,mx,48
8661,632,1618,17/09/2049,México,9
8662,1803,3931,18/09/2049,mex,33
8663,908,3991,19/09/2049,mx,50
8664,933,3207,20/09/2049,mx,16
8665,342,4845,21/09/2049,mex,13
8666,396,3993,22/09/2049,mex,41
8667,528,1098,23/09/2049,México,6
8668,1342,1317,24/09/2049,mx,26
8669,926,788,25/09/2049,México,48
8670,321,2602,26/09/2049,mx,25
8671,399,3468,27/09/2049,mx,13
8672,639,2917,28/09/2049,mx,10
8673,656,177,29/09/2049,mx,20
8674,1672,2449,30/09/2049,México,8
8675,1498,2783,01/10/2049,mex,47
8676,575,1274,02/10/2049,México,49
8677,868,991,03/10/2049,mx,41
8678,1507,4404,04/10/2049,mx,11
8679,336,3210,05/10/2049,mex,27
8680,632,245,06/10/2049,México,36
8681,1048,1692,07/10/2049,México,27
8682,591,3075,08/10/2049,México,44
8683,1943,2380,09/10/2049,mex,20
8684,5,1185,10/10/2049,mex,32
8685,520,1855,11/10/2049,mx,2
8686,338,2938,12/10/2049,mx,25
8687,1880,3632,13/10/2049,mex,3
8688,520,1334,14/10/2049,México,14
8689,1898,4198,15/10/2049,mex,29
8690,253,1953,16/10/2049,mx,27
8691,1875,4921,17/10/2049,mex,6
8692,1254,4474,18/10/2049,México,35
8693,571,2796,19/10/2049,mex,27
8694,1382,4483,20/10/2049,mx,27
8695,1296,834,21/10/2049,mx,24
8696,862,387,22/10/2049,México,15
8697,1262,2363,23/10/2049,mex,25
8698,1660,2306,24/10/2049,mex,35
8699,653,1452,25/10/2049,México,48
8700,996,3255,26/10/2049,mex,17
8701,84,4353,27/10/2049,mx,19
8702,870,2065,28/10/2049,México,14
8703,231,3257,29/10/2049,mex,31
8704,753,2020,30/10/2049,mx,47
8705,677,2432,31/10/2049,mx,37
8706,1992,3019,01/11/2049,México,20
8707,185,3468,02/11/2049,mx,23
8708,1021,3160,03/11/2049,mx,46
8709,1779,603,04/11/2049,mex,24
8710,916,3321,05/11/2049,México,14
8711,1875,4907,06/11/2049,México,48
8712,780,1415,07/11/2049,mx,45
8713,1319,275,08/11/2049,México,3
8714,762,3095,09/11/2049,mex,46
8715,1368,1895,10/11/2049,mex,14
8716,502,4469,11/11/2049,México,21
8717,1881,630,12/11/2049,mex,15
8718,1504,1957,13/11/2049,mex,18
8719,470,801,14/11/2049,mx,32
8720,523,557,15/11/2049,México,37
8721,1868,2296,16/11/2049,mex,21
8722,333,2839,17/11/2049,México,9
8723,811,1159,18/11/2049,mx,15
8724,441,3835,19/11/2049,mex,32
8725,71,3825,20/11/2049,México,31
8726,239,854,21/11/2049,México,33
8727,857,3926,22/11/2049,mex,34
8728,266,4456,23/11/2049,mx,27
8729,1994,2742,24/11/2049,México,42
8730,1148,732,25/11/2049,mx,25
8731,590,2339,26/11/2049,mex,39
8732,411,4941,27/11/2049,mex,9
8733,700,4524,28/11/2049,mx,20
8734,1904,2001,29/11/2049,mex,38
8735,1715,3496,30/11/2049,México,8
8736,1108,2918,01/12/2049,mx,13
8737,703,2690,02/12/2049,mex,45
8738,723,1320,03/12/2049,México,17
8739,972,4829,04/12/2049,mex,23
8740,315,2729,05/12/2049,México,6
8741,1613,4881,06/12/2049,mx,36
8742,56,3826,07/12/2049,mx,5
8743,1530,4770,08/12/2049,mx,8
8744,930,2914,09/12/2049,mx,35
8745,1205,1607,10/12/2049,mx,1
8746,1289,1333,11/12/2049,México,48
8747,117,3148,12/12/2049,México,22
8748,258,1367,13/12/2049,mex,28
8749,1569,4375,14/12/2049,México,30
8750,92,4540,15/12/2049,mex,16
8751,1474,3227,16/12/2049,México,21
8752,727,2509,17/12/2049,mex,25
8753,1847,705,18/12/2049,mx,32
8754,1494,295,19/12/2049,México,38
8755,364,1491,20/12/2049,mex,38
8756,675,2874,21/12/2049,mex,44
8757,470,3531,22/12/2049,mex,43
8758,1985,2792,23/12/2049,mx,7
8759,1901,1622,24/12/2049,México,2
8760,1354,489,25/12/2049,mx,20
8761,1325,3492,26/12/2049,mex,35
8762,905,2335,27/12/2049,mex,17
8763,39,1893,28/12/2049,México,27
8764,931,4227,29/12/2049,mex,3
8765,210,1800,30/12/2049,México,39
8766,81,3544,31/12/2049,México,42
8767,128,3001,01/01/2050,México,19
8768,1059,1489,02/01/2050,mx,29
8769,1149,2628,03/01/2050,mex,8
8770,1867,1784,04/01/2050,mx,21
8771,992,3040,05/01/2050,mx,13
8772,951,3519,06/01/2050,mx,8
8773,928,2289,07/01/2050,México,3
8774,1553,2646,08/01/2050,mx,25
8775,797,4961,09/01/2050,mx,30
8776,729,3153,10/01/2050,mex,48
8777,1527,1359,11/01/2050,México,6
8778,284,2625,12/01/2050,mex,40
8779,64,3708,13/01/2050,México,43
8780,155,1938,14/01/2050,mex,14
8781,1622,1762,15/01/2050,mx,1
8782,1875,4045,16/01/2050,mex,33
8783,862,616,17/01/2050,mex,14
8784,164,3143,18/01/2050,México,21
8785,1807,1290,19/01/2050,México,1
8786,1608,3957,20/01/2050,mex,50
8787,1430,4786,21/01/2050,México,47
8788,239,826,22/01/2050,mx,50
8789,1957,4284,23/01/2050,México,48
8790,1953,3592,24/01/2050,México,29
8791,1144,1309,25/01/2050,México,18
8792,521,881,26/01/2050,mx,19
8793,1028,1091,27/01/2050,mx,44
8794,1511,2116,28/01/2050,mx,38
8795,1368,3670,29/01/2050,mex,8
8796,1786,1492,30/01/2050,México,9
8797,1492,1464,31/01/2050,mx,21
8798,1078,2278,01/02/2050,mx,2
8799,342,1152,02/02/2050,México,43
8800,1924,225,03/02/2050,mx,45
8801,1844,4723,04/02/2050,mex,4
8802,794,3532,05/02/2050,México,37
8803,1438,2167,06/02/2050,México,36
8804,337,3830,07/02/2050,México,41
8805,905,4626,08/02/2050,México,9
8806,1542,4436,09/02/2050,mex,7
8807,1751,2536,10/02/2050,México,50
8808,1120,3164,11/02/2050,México,4
8809,1130,951,12/02/2050,mex,7
8810,379,1089,13/02/2050,México,3
8811,1006,1998,14/02/2050,México,43
8812,1736,2584,15/02/2050,México,8
8813,39,1159,16/02/2050,México,30
8814,1915,3932,17/02/2050,mex,4
8815,966,3678,18/02/2050,México,11
8816,482,381,19/02/2050,México,21
8817,1483,3970,20/02/2050,mx,38
8818,1533,2210,21/02/2050,mx,20
8819,277,4384,22/02/2050,mx,20
8820,1328,4280,23/02/2050,mex,39
8821,1023,4134,24/02/2050,mex,7
8822,435,2510,25/02/2050,mx,28
8823,847,4817,26/02/2050,mex,49
8824,758,1623,27/02/2050,México,41
8825,948,2772,28/02/2050,mx,26
8826,1347,4294,01/03/2050,mx,1
8827,9,2541,02/03/2050,mx,48
8828,1206,1068,03/03/2050,México,48
8829,743,3129,04/03/2050,México,27
8830,1131,2251,05/03/2050,mex,13
8831,621,705,06/03/2050,mex,19
8832,764,2622,07/03/2050,México,10
8833,729,769,08/03/2050,mex,34
8834,892,4147,09/03/2050,mx,35
8835,1088,846,10/03/2050,mex,33
8836,1109,1172,11/03/2050,mx,36
8837,712,1219,12/03/2050,mx,12
8838,1656,3240,13/03/2050,mx,22
8839,48,1962,14/03/2050,mx,4
8840,294,3460,15/03/2050,México,47
8841,855,4070,16/03/2050,México,12
8842,769,3772,17/03/2050,México,5
8843,1376,3611,18/03/2050,mex,13
8844,910,1872,19/03/2050,mex,49
8845,847,3604,20/03/2050,México,50
8846,136,4411,21/03/2050,mx,33
8847,289,4620,22/03/2050,México,49
8848,1666,3515,23/03/2050,mex,33
8849,131,3487,24/03/2050,mex,20
8850,1428,4239,25/03/2050,mex,27
8851,1978,2895,26/03/2050,mex,50
8852,1666,3111,27/03/2050,México,16
8853,1521,2075,28/03/2050,México,23
8854,1171,2277,29/03/2050,México,42
8855,1875,4164,30/03/2050,mex,42
8856,874,3834,31/03/2050,mex,31
8857,1015,4815,01/04/2050,México,20
8858,154,4632,02/04/2050,mx,9
8859,258,1332,03/04/2050,mx,20
8860,977,3242,04/04/2050,mex,35
8861,997,724,05/04/2050,mex,49
8862,1673,4870,06/04/2050,mx,18
8863,1681,4312,07/04/2050,mex,22
8864,1976,3675,08/04/2050,mex,28
8865,777,999,09/04/2050,mex,41
8866,802,1319,10/04/2050,mex,21
8867,1313,2418,11/04/2050,México,46
8868,955,1408,12/04/2050,mx,13
8869,1782,2838,13/04/2050,mex,6
8870,1088,958,14/04/2050,mex,27
8871,1059,276,15/04/2050,mx,13
8872,51,2929,16/04/2050,mex,23
8873,364,2204,17/04/2050,mex,29
8874,474,992,18/04/2050,mx,33
8875,1246,4757,19/04/2050,mx,6
8876,466,2803,20/04/2050,mx,13
8877,1330,1357,21/04/2050,mx,19
8878,676,1712,22/04/2050,mex,46
8879,1101,3856,23/04/2050,mx,14
8880,1360,1513,24/04/2050,México,3
8881,658,2265,25/04/2050,mx,48
8882,490,419,26/04/2050,México,43
8883,341,3202,27/04/2050,mx,6
8884,1020,2106,28/04/2050,mex,39
8885,1526,4168,29/04/2050,mx,12
8886,1352,4619,30/04/2050,mx,22
8887,1064,3742,01/05/2050,México,13
8888,368,142,02/05/2050,mex,40
8889,901,3980,03/05/2050,México,4
8890,255,681,04/05/2050,México,17
8891,1957,4752,05/05/2050,mex,4
8892,1748,3013,06/05/2050,México,7
8893,1201,2962,07/05/2050,mx,25
8894,272,2572,08/05/2050,mx,31
8895,792,3058,09/05/2050,mx,38
8896,997,1381,10/05/2050,mx,5
8897,1517,3314,11/05/2050,mex,8
8898,31,2605,12/05/2050,mx,7
8899,246,2228,13/05/2050,mex,16
8900,815,1141,14/05/2050,México,35
8901,709,1668,15/05/2050,México,41
8902,556,679,16/05/2050,México,30
8903,1377,4567,17/05/2050,México,7
8904,534,438,18/05/2050,mx,5
8905,1183,3935,19/05/2050,México,35
8906,1610,1159,20/05/2050,mx,1
8907,681,420,21/05/2050,México,38
8908,556,506,22/05/2050,mx,32
8909,1495,1621,23/05/2050,mex,45
8910,886,3230,24/05/2050,mex,18
8911,1368,373,25/05/2050,mex,36
8912,750,3783,26/05/2050,México,45
8913,2,301,27/05/2050,mex,31
8914,476,422,28/05/2050,México,46
8915,1822,4026,29/05/2050,mex,37
8916,51,128,30/05/2050,mex,14
8917,373,4983,31/05/2050,México,10
8918,1292,1015,01/06/2050,México,21
8919,1657,2764,02/06/2050,mx,30
8920,1943,1991,03/06/2050,mex,31
8921,1202,2747,04/06/2050,mx,13
8922,1988,4713,05/06/2050,mex,1
8923,881,1618,06/06/2050,México,29
8924,1358,1503,07/06/2050,México,41
8925,926,405,08/06/2050,mx,19
8926,1075,1657,09/06/2050,mex,24
8927,1624,1874,10/06/2050,mx,25
8928,308,614,11/06/2050,mx,16
8929,102,4454,12/06/2050,México,50
8930,1340,3352,13/06/2050,México,4
8931,166,3246,14/06/2050,México,49
8932,969,4502,15/06/2050,mex,30
8933,422,4683,16/06/2050,México,47
8934,1621,762,17/06/2050,mx,35
8935,1905,1153,18/06/2050,México,30
8936,1098,4297,19/06/2050,mex,8
8937,445,4370,20/06/2050,México,21
8938,1675,4947,21/06/2050,mex,47
8939,668,2140,22/06/2050,México,50
8940,1067,696,23/06/2050,México,44
8941,1233,3746,24/06/2050,mex,15
8942,1567,3599,25/06/2050,México,8
8943,1422,4046,26/06/2050,mex,30
8944,1691,4684,27/06/2050,mx,18
8945,723,1897,28/06/2050,mx,32
8946,1004,4944,29/06/2050,mex,36
8947,185,2698,30/06/2050,mx,36
8948,1605,1324,01/07/2050,mx,31
8949,1932,2546,02/07/2050,México,3
8950,838,2697,03/07/2050,mx,28
8951,486,741,04/07/2050,mex,14
8952,1743,3104,05/07/2050,México,14
8953,1824,1279,06/07/2050,mx,13
8954,338,2836,07/07/2050,mx,37
8955,1563,4742,08/07/2050,mex,32
8956,1361,2575,09/07/2050,México,47
8957,1954,4076,10/07/2050,México,14
8958,755,1771,11/07/2050,México,1
8959,1828,1952,12/07/2050,mex,22
8960,1702,242,13/07/2050,mx,17
8961,284,4877,14/07/2050,México,13
8962,761,1281,15/07/2050,mex,37
8963,164,3740,16/07/2050,mex,32
8964,215,374,17/07/2050,México,2
8965,477,3394,18/07/2050,México,15
8966,1252,4180,19/07/2050,mx,25
8967,499,2344,20/07/2050,mex,36
8968,1204,314,21/07/2050,México,38
8969,1551,2452,22/07/2050,mex,40
8970,1033,3013,23/07/2050,mx,18
8971,836,4482,24/07/2050,mx,18
8972,576,4403,25/07/2050,mex,18
8973,1361,4234,26/07/2050,mx,2
8974,1640,4463,27/07/2050,mx,31
8975,1443,4858,28/07/2050,México,5
8976,118,182,29/07/2050,mex,28
8977,1077,1564,30/07/2050,mex,1
8978,352,4855,31/07/2050,mex,28
8979,1554,2490,01/08/2050,mx,44
8980,450,1788,02/08/2050,mx,36
8981,1413,852,03/08/2050,mx,46
8982,921,1553,04/08/2050,México,40
8983,1089,4695,05/08/2050,México,6
8984,21,1986,06/08/2050,mx,5
8985,806,2224,07/08/2050,mx,4
8986,100,3071,08/08/2050,mx,11
8987,1366,3699,09/08/2050,México,32
8988,563,4974,10/08/2050,mx,30
8989,148,4354,11/08/2050,mx,16
8990,1409,2732,12/08/2050,México,7
8991,1309,846,13/08/2050,mx,6
8992,886,1758,14/08/2050,mx,2
8993,1475,1469,15/08/2050,México,16
8994,1493,4345,16/08/2050,México,18
8995,744,420,17/08/2050,mx,23
8996,177,1224,18/08/2050,mex,20
8997,1964,1605,19/08/2050,mex,22
8998,1904,3958,20/08/2050,mx,3
8999,415,269,21/08/2050,mx,28
9000,449,3734,22/08/2050,mex,26
9001,556,3872,23/08/2050,mx,4
9002,1888,3517,24/08/2050,mex,47
9003,1332,1794,25/08/2050,mx,50
9004,1136,1606,26/08/2050,mx,8
9005,1224,1635,27/08/2050,mex,6
9006,667,994,28/08/2050,mx,24
9007,1773,4158,29/08/2050,mx,8
9008,1894,2462,30/08/2050,mx,43
9009,761,4670,31/08/2050,mx,27
9010,478,421,01/09/2050,mex,31
9011,1119,1863,02/09/2050,México,22
9012,763,790,03/09/2050,mex,37
9013,332,4267,04/09/2050,mex,36
9014,1204,4775,05/09/2050,mx,18
9015,1759,1480,06/09/2050,mex,21
9016,1548,1627,07/09/2050,mx,14
9017,40,4272,08/09/2050,mx,41
9018,881,2722,09/09/2050,mex,12
9019,732,1912,10/09/2050,México,13
9020,281,620,11/09/2050,mex,31
9021,243,501,12/09/2050,México,35
9022,264,1614,13/09/2050,México,26
9023,961,1945,14/09/2050,mx,32
9024,1810,3735,15/09/2050,mex,9
9025,881,408,16/09/2050,mx,22
9026,1223,2062,17/09/2050,México,10
9027,1869,4812,18/09/2050,México,6
9028,1000,2834,19/09/2050,mex,1
9029,881,1569,20/09/2050,México,49
9030,717,2313,21/09/2050,México,24
9031,988,3922,22/09/2050,mex,5
9032,354,4849,23/09/2050,México,36
9033,1671,1900,24/09/2050,México,38
9034,196,1043,25/09/2050,México,21
9035,608,907,26/09/2050,México,50
9036,616,419,27/09/2050,mex,36
9037,1266,2315,28/09/2050,México,16
9038,178,4032,29/09/2050,mex,19
9039,662,351,30/09/2050,mex,27
9040,795,1526,01/10/2050,México,50
9041,1072,1920,02/10/2050,mx,48
9042,1678,1003,03/10/2050,mex,22
9043,984,4080,04/10/2050,mx,32
9044,1531,1582,05/10/2050,mx,14
9045,1767,986,06/10/2050,mex,29
9046,1635,4698,07/10/2050,México,30
9047,1670,3626,08/10/2050,mx,14
9048,1532,1117,09/10/2050,mx,13
9049,94,449,10/10/2050,mex,25
9050,541,4494,11/10/2050,mx,45
9051,1646,4895,12/10/2050,México,2
9052,1535,1771,13/10/2050,México,5
9053,1559,2160,14/10/2050,mex,48
9054,799,1051,15/10/2050,México,46
9055,1253,1317,16/10/2050,México,7
9056,105,4856,17/10/2050,mx,23
9057,124,558,18/10/2050,mex,2
9058,1593,4373,19/10/2050,mex,49
9059,1608,787,20/10/2050,mx,10
9060,1339,3710,21/10/2050,mex,16
9061,967,1221,22/10/2050,mx,9
9062,1082,4104,23/10/2050,mx,2
9063,1505,1111,24/10/2050,mex,33
9064,257,3625,25/10/2050,mex,24
9065,152,2668,26/10/2050,México,26
9066,396,4100,27/10/2050,México,46
9067,13,771,28/10/2050,mx,23
9068,141,1320,29/10/2050,mex,3
9069,601,4875,30/10/2050,mex,37
9070,1433,3740,31/10/2050,mx,16
9071,1641,4672,01/11/2050,mex,23
9072,1882,2660,02/11/2050,mex,29
9073,212,4616,03/11/2050,mx,50
9074,1639,2739,04/11/2050,mx,37
9075,355,312,05/11/2050,mx,22
9076,1386,2888,06/11/2050,México,32
9077,604,4944,07/11/2050,mx,42
9078,1725,2696,08/11/2050,mex,40
9079,1321,4510,09/11/2050,mx,42
9080,1039,1219,10/11/2050,mex,25
9081,822,392,11/11/2050,mex,6
9082,1803,4349,12/11/2050,mex,27
9083,59,2386,13/11/2050,México,50
9084,1841,4127,14/11/2050,México,19
9085,68,4312,15/11/2050,mx,23
9086,1153,221,16/11/2050,mex,20
9087,1168,1674,17/11/2050,mex,28
9088,21,3514,18/11/2050,mx,18
9089,1,1445,19/11/2050,México,45
9090,114,2313,20/11/2050,mex,2
9091,964,1899,21/11/2050,mx,20
9092,1092,3821,22/11/2050,mex,4
9093,1155,1331,23/11/2050,México,36
9094,683,4021,24/11/2050,México,32
9095,1633,3575,25/11/2050,México,32
9096,985,1637,26/11/2050,México,3
9097,50,3623,27/11/2050,México,50
9098,1165,4547,28/11/2050,mex,30
9099,834,4537,29/11/2050,México,4
9100,315,902,30/11/2050,mx,24
9101,1151,2293,01/12/2050,mx,6
9102,232,173,02/12/2050,México,22
9103,606,1396,03/12/2050,mx,35
9104,432,3537,04/12/2050,México,13
9105,1161,4121,05/12/2050,mex,14
9106,1240,1171,06/12/2050,mx,41
9107,475,277,07/12/2050,mx,43
9108,783,3200,08/12/2050,México,25
9109,707,4364,09/12/2050,México,11
9110,288,1305,10/12/2050,mex,40
9111,1634,3414,11/12/2050,mx,45
9112,222,4282,12/12/2050,mx,14
9113,578,113,13/12/2050,mex,26
9114,424,3721,14/12/2050,mx,49
9115,343,1808,15/12/2050,mx,43
9116,105,1506,16/12/2050,mx,28
9117,1343,871,17/12/2050,mex,25
9118,1971,3696,18/12/2050,México,19
9119,1609,428,19/12/2050,mx,6
9120,601,1354,20/12/2050,mex,34
9121,1126,4452,21/12/2050,mex,29
9122,1665,4484,22/12/2050,mex,49
9123,491,4329,23/12/2050,mex,25
9124,566,647,24/12/2050,mx,5
9125,1974,1761,25/12/2050,mx,20
9126,590,4205,26/12/2050,México,26
9127,1548,2864,27/12/2050,mex,6
9128,1964,1768,28/12/2050,mx,28
9129,857,4599,29/12/2050,mex,22
9130,252,1397,30/12/2050,mex,5
9131,247,3405,31/12/2050,México,12
9132,372,1319,01/01/2051,México,10
9133,242,1679,02/01/2051,mex,7
9134,1220,3446,03/01/2051,México,18
9135,1422,4736,04/01/2051,mex,18
9136,1440,3178,05/01/2051,mx,26
9137,69,3751,06/01/2051,México,29
9138,1955,2358,07/01/2051,México,8
9139,90,2805,08/01/2051,mx,14
9140,1884,138,09/01/2051,mx,32
9141,1983,2258,10/01/2051,México,8
9142,1998,2106,11/01/2051,mx,26
9143,1589,174,12/01/2051,México,28
9144,1181,4753,13/01/2051,mx,30
9145,973,1134,14/01/2051,mx,21
9146,952,1723,15/01/2051,mex,43
9147,798,4704,16/01/2051,mex,31
9148,684,916,17/01/2051,México,27
9149,212,4741,18/01/2051,México,19
9150,246,4397,19/01/2051,mx,17
9151,1397,2472,20/01/2051,México,39
9152,1877,1158,21/01/2051,mex,31
9153,168,1580,22/01/2051,mx,37
9154,1730,4728,23/01/2051,mx,27
9155,1271,1556,24/01/2051,mex,9
9156,673,2086,25/01/2051,México,32
9157,947,3193,26/01/2051,México,22
9158,303,4865,27/01/2051,México,20
9159,1361,3705,28/01/2051,México,32
9160,1660,1385,29/01/2051,México,1
9161,1812,3899,30/01/2051,mex,37
9162,1873,2744,31/01/2051,mx,14
9163,934,1227,01/02/2051,México,40
9164,1823,1363,02/02/2051,mx,24
9165,1220,2216,03/02/2051,mx,15
9166,1153,319,04/02/2051,mx,47
9167,1015,558,05/02/2051,México,39
9168,1248,1246,06/02/2051,México,11
9169,1496,3182,07/02/2051,México,47
9170,216,2116,08/02/2051,México,16
9171,1756,268,09/02/2051,mx,49
9172,1050,1690,10/02/2051,mx,26
9173,1680,2562,11/02/2051,mx,30
9174,652,1007,12/02/2051,mx,20
9175,1651,4992,13/02/2051,México,4
9176,1170,3657,14/02/2051,México,46
9177,1258,4678,15/02/2051,México,35
9178,1818,3512,16/02/2051,México,11
9179,806,2705,17/02/2051,México,46
9180,1238,1172,18/02/2051,México,49
9181,1254,2034,19/02/2051,mx,32
9182,1810,3126,20/02/2051,México,19
9183,388,2679,21/02/2051,mex,22
9184,610,2736,22/02/2051,México,21
9185,1171,4730,23/02/2051,mex,8
9186,13,2113,24/02/2051,mex,22
9187,1974,1387,25/02/2051,México,27
9188,946,3082,26/02/2051,mx,31
9189,1789,4102,27/02/2051,mx,41
9190,1523,3297,28/02/2051,mex,48
9191,684,640,01/03/2051,mex,39
9192,1888,505,02/03/2051,México,47
9193,1576,1572,03/03/2051,mex,14
9194,1830,1902,04/03/2051,mx,12
9195,139,1818,05/03/2051,mex,24
9196,1031,1867,06/03/2051,mex,5
9197,1712,1993,07/03/2051,México,48
9198,442,960,08/03/2051,México,17
9199,1368,3508,09/03/2051,mx,28
9200,970,1810,10/03/2051,mex,11
9201,1813,2222,11/03/2051,mx,5
9202,134,1851,12/03/2051,México,39
9203,65,642,13/03/2051,mex,41
9204,164,3119,14/03/2051,mex,15
9205,157,974,15/03/2051,mex,31
9206,808,1461,16/03/2051,mx,41
9207,964,3185,17/03/2051,mx,19
9208,952,3585,18/03/2051,mex,2
9209,1782,1051,19/03/2051,México,48
9210,496,1259,20/03/2051,México,37
9211,1904,4210,21/03/2051,mx,37
9212,1730,2544,22/03/2051,México,41
9213,256,2156,23/03/2051,mex,3
9214,1897,3496,24/03/2051,mx,6
9215,1098,4044,25/03/2051,mx,12
9216,602,1031,26/03/2051,México,18
9217,210,1482,27/03/2051,México,44
9218,214,1825,28/03/2051,mex,33
9219,183,2071,29/03/2051,mx,48
9220,1009,4241,30/03/2051,mx,43
9221,583,2802,31/03/2051,mex,2
9222,1766,400,01/04/2051,México,13
9223,274,377,02/04/2051,México,18
9224,1606,2676,03/04/2051,mex,2
9225,1655,1385,04/04/2051,México,27
9226,805,1216,05/04/2051,mx,9
9227,73,3817,06/04/2051,mx,14
9228,27,1580,07/04/2051,México,29
9229,756,3678,08/04/2051,México,43
9230,1841,3124,09/04/2051,mx,14
9231,1671,454,10/04/2051,México,9
9232,1359,4991,11/04/2051,mx,11
9233,678,157,12/04/2051,México,46
9234,1958,4210,13/04/2051,mx,31
9235,1299,2405,14/04/2051,mx,42
9236,1139,3459,15/04/2051,mx,39
9237,1223,274,16/04/2051,mx,18
9238,311,3904,17/04/2051,mex,25
9239,473,1199,18/04/2051,mex,8
9240,435,4764,19/04/2051,mex,49
9241,1671,2349,20/04/2051,mex,23
9242,397,2904,21/04/2051,mx,7
9243,1727,4546,22/04/2051,México,26
9244,365,4606,23/04/2051,México,34
9245,769,2678,24/04/2051,mex,42
9246,772,3110,25/04/2051,mex,22
9247,1776,1295,26/04/2051,México,2
9248,1323,1244,27/04/2051,mx,4
9249,104,2441,28/04/2051,mx,43
9250,13,3385,29/04/2051,México,12
9251,574,363,30/04/2051,mx,28
9252,1517,2817,01/05/2051,mx,30
9253,73,3371,02/05/2051,mx,41
9254,713,1978,03/05/2051,México,38
9255,536,267,04/05/2051,mex,10
9256,319,898,05/05/2051,mx,13
9257,682,4892,06/05/2051,México,15
9258,1856,4792,07/05/2051,mex,34
9259,401,3352,08/05/2051,mex,33
9260,1207,711,09/05/2051,mex,46
9261,811,3922,10/05/2051,mx,24
9262,1887,467,11/05/2051,mx,37
9263,102,3519,12/05/2051,mex,46
9264,810,4398,13/05/2051,mx,47
9265,376,3520,14/05/2051,México,20
9266,1848,2360,15/05/2051,mx,17
9267,365,2191,16/05/2051,mx,43
9268,487,910,17/05/2051,mex,32
9269,1385,4322,18/05/2051,México,43
9270,1266,2156,19/05/2051,México,22
9271,1852,4864,20/05/2051,mx,22
9272,1215,4776,21/05/2051,mex,20
9273,445,4046,22/05/2051,mx,37
9274,1988,3407,23/05/2051,mex,19
9275,1779,327,24/05/2051,México,3
9276,1045,3260,25/05/2051,mx,24
9277,1689,2034,26/05/2051,México,14
9278,912,547,27/05/2051,mx,29
9279,844,2760,28/05/2051,mex,5
9280,1910,1080,29/05/2051,México,31
9281,1294,4739,30/05/2051,mex,42
9282,1249,1474,31/05/2051,mex,22
9283,1867,2369,01/06/2051,mex,22
9284,1472,4912,02/06/2051,México,28
9285,1157,3245,03/06/2051,mx,36
9286,1221,788,04/06/2051,mx,5
9287,967,126,05/06/2051,mex,17
9288,769,1337,06/06/2051,mex,33
9289,261,3319,07/06/2051,mx,16
9290,244,2911,08/06/2051,mx,8
9291,1747,3984,09/06/2051,mex,29
9292,1788,2475,10/06/2051,mex,24
9293,35,1007,11/06/2051,mx,5
9294,270,3848,12/06/2051,mex,5
9295,132,4427,13/06/2051,mx,31
9296,345,2950,14/06/2051,México,47
9297,358,896,15/06/2051,México,7
9298,456,4926,16/06/2051,México,2
9299,240,2761,17/06/2051,mx,39
9300,1449,2726,18/06/2051,mx,21
9301,1897,3471,19/06/2051,México,41
9302,26,3700,20/06/2051,mx,36
9303,781,543,21/06/2051,mex,45
9304,1354,1156,22/06/2051,mex,18
9305,486,4525,23/06/2051,mex,42
9306,1262,591,24/06/2051,mex,23
9307,1236,534,25/06/2051,mx,37
9308,1710,340,26/06/2051,mex,50
9309,1915,1821,27/06/2051,mx,41
9310,871,4746,28/06/2051,México,41
9311,802,2487,29/06/2051,México,20
9312,1503,3553,30/06/2051,México,41
9313,566,4162,01/07/2051,México,47
9314,1067,2356,02/07/2051,mex,23
9315,1687,1057,03/07/2051,México,31
9316,347,139,04/07/2051,México,40
9317,1271,3900,05/07/2051,mx,44
9318,1836,2337,06/07/2051,México,14
9319,1122,2747,07/07/2051,México,14
9320,970,3962,08/07/2051,mx,14
9321,776,4739,09/07/2051,mx,20
9322,346,4137,10/07/2051,México,45
9323,1424,812,11/07/2051,México,7
9324,1487,412,12/07/2051,mx,22
9325,165,595,13/07/2051,mex,28
9326,1867,2521,14/07/2051,México,13
9327,1975,4521,15/07/2051,mx,9
9328,910,2934,16/07/2051,mx,11
9329,351,3778,17/07/2051,mx,42
9330,88,461,18/07/2051,México,44
9331,394,3574,19/07/2051,mx,27
9332,783,812,20/07/2051,México,38
9333,406,2473,21/07/2051,mx,2
9334,536,4518,22/07/2051,México,1
9335,80,4231,23/07/2051,México,19
9336,232,4849,24/07/2051,México,28
9337,1749,1882,25/07/2051,mx,3
9338,809,1455,26/07/2051,México,46
9339,1906,925,27/07/2051,México,48
9340,1951,1514,28/07/2051,mx,45
9341,859,940,29/07/2051,mx,46
9342,159,3153,30/07/2051,mx,28
9343,939,4215,31/07/2051,México,8
9344,582,994,01/08/2051,mex,46
9345,1427,368,02/08/2051,mx,16
9346,1742,1728,03/08/2051,mex,1
9347,1239,4041,04/08/2051,mx,41
9348,1055,2693,05/08/2051,México,3
9349,966,2430,06/08/2051,mx,44
9350,562,2000,07/08/2051,mx,43
9351,850,3129,08/08/2051,México,14
9352,1948,3928,09/08/2051,México,11
9353,1976,440,10/08/2051,México,26
9354,1321,1871,11/08/2051,mx,42
9355,1116,1470,12/08/2051,México,35
9356,1159,1033,13/08/2051,México,25
9357,40,4330,14/08/2051,mx,38
9358,1232,4123,15/08/2051,mx,29
9359,193,4114,16/08/2051,mx,9
9360,1576,2935,17/08/2051,México,20
9361,907,909,18/08/2051,mx,33
9362,1235,1969,19/08/2051,mx,32
9363,1675,2641,20/08/2051,México,12
9364,29,139,21/08/2051,mx,40
9365,293,2639,22/08/2051,mx,16
9366,751,2041,23/08/2051,mx,23
9367,1502,4218,24/08/2051,México,2
9368,1766,2544,25/08/2051,mex,26
9369,1161,944,26/08/2051,mx,37
9370,265,1214,27/08/2051,México,32
9371,1455,2797,28/08/2051,mex,30
9372,1199,2978,29/08/2051,mx,10
9373,483,1049,30/08/2051,México,44
9374,505,1459,31/08/2051,mex,8
9375,1171,4894,01/09/2051,mex,46
9376,1186,4564,02/09/2051,mex,12
9377,1969,2455,03/09/2051,México,48
9378,399,702,04/09/2051,mx,7
9379,1355,1776,05/09/2051,México,9
9380,682,1108,06/09/2051,mx,25
9381,377,343,07/09/2051,mx,29
9382,512,1692,08/09/2051,mex,19
9383,539,2718,09/09/2051,mex,13
9384,359,4406,10/09/2051,mx,29
9385,544,3721,11/09/2051,mex,34
9386,1037,3503,12/09/2051,mex,1
9387,1058,1719,13/09/2051,México,23
9388,412,1092,14/09/2051,México,18
9389,523,3818,15/09/2051,México,16
9390,378,3940,16/09/2051,mex,7
9391,1038,3069,17/09/2051,mx,48
9392,1945,2877,18/09/2051,mx,15
9393,291,4885,19/09/2051,México,37
9394,1151,4380,20/09/2051,mex,27
9395,1331,3254,21/09/2051,mx,18
9396,1624,2469,22/09/2051,mx,33
9397,1995,461,23/09/2051,mx,4
9398,385,2359,24/09/2051,México,22
9399,1258,2542,25/09/2051,mex,15
9400,1692,3739,26/09/2051,mex,13
9401,1096,3218,27/09/2051,México,28
9402,223,2805,28/09/2051,México,29
9403,83,4737,29/09/2051,mx,2
9404,1477,1022,30/09/2051,México,28
9405,193,1543,01/10/2051,mx,33
9406,949,4200,02/10/2051,México,8
9407,561,1253,03/10/2051,mx,5
9408,373,1704,04/10/2051,mex,24
9409,713,932,05/10/2051,mex,34
9410,1834,4915,06/10/2051,México,5
9411,1590,1085,07/10/2051,mx,30
9412,1912,1330,08/10/2051,México,28
9413,1648,2102,09/10/2051,México,46
9414,1838,1552,10/10/2051,México,45
9415,1082,1745,11/10/2051,México,18
9416,1453,3721,12/10/2051,México,16
9417,1714,4049,13/10/2051,México,49
9418,1891,562,14/10/2051,mx,48
9419,335,833,15/10/2051,mex,12
9420,767,4223,16/10/2051,mex,29
9421,83,1239,17/10/2051,mx,17
9422,1214,669,18/10/2051,México,19
9423,516,4182,19/10/2051,mx,27
9424,112,3032,20/10/2051,mex,20
9425,1674,1004,21/10/2051,mx,28
9426,210,4884,22/10/2051,mx,19
9427,669,2166,23/10/2051,México,31
9428,1746,2830,24/10/2051,México,21
9429,1620,4190,25/10/2051,mex,26
9430,1983,3715,26/10/2051,mx,29
9431,48,979,27/10/2051,mx,11
9432,770,3355,28/10/2051,México,14
9433,873,3556,29/10/2051,mx,24
9434,1772,885,30/10/2051,mx,34
9435,1538,1004,31/10/2051,mx,46
9436,1081,1309,01/11/2051,mex,27
9437,384,4975,02/11/2051,México,41
9438,9,1335,03/11/2051,mx,20
9439,1325,1820,04/11/2051,México,32
9440,1800,3699,05/11/2051,México,33
9441,1318,4942,06/11/2051,mex,46
9442,1891,4092,07/11/2051,mx,37
9443,761,3626,08/11/2051,México,2
9444,810,4541,09/11/2051,mx,39
9445,290,2294,10/11/2051,México,42
9446,807,4833,11/11/2051,mex,1
9447,231,812,12/11/2051,mex,4
9448,859,1219,13/11/2051,mx,8
9449,561,186,14/11/2051,mx,46
9450,1517,1115,15/11/2051,mex,48
9451,1822,4503,16/11/2051,mex,12
9452,827,2213,17/11/2051,México,37
9453,1285,560,18/11/2051,mx,28
9454,1617,3139,19/11/2051,México,45
9455,1779,4852,20/11/2051,México,46
9456,1654,4956,21/11/2051,mex,39
9457,95,3753,22/11/2051,México,31
9458,478,3285,23/11/2051,mx,17
9459,110,3002,24/11/2051,mx,28
9460,177,4778,25/11/2051,mx,14
9461,87,3476,26/11/2051,mx,28
9462,1033,387,27/11/2051,México,17
9463,1747,258,28/11/2051,México,25
9464,417,3509,29/11/2051,mx,11
9465,730,1221,30/11/2051,mex,29
9466,316,1547,01/12/2051,mx,27
9467,72,637,02/12/2051,mex,1
9468,615,1599,03/12/2051,México,39
9469,694,1215,04/12/2051,México,44
9470,1174,3381,05/12/2051,México,43
9471,820,1903,06/12/2051,México,5
9472,434,4115,07/12/2051,mex,49
9473,1946,4571,08/12/2051,México,6
9474,939,4295,09/12/2051,México,11
9475,346,1427,10/12/2051,mex,27
9476,178,2442,11/12/2051,mex,12
9477,739,941,12/12/2051,mx,40
9478,1700,529,13/12/2051,mex,15
9479,392,4354,14/12/2051,mex,32
9480,1021,3760,15/12/2051,mx,37
9481,502,4740,16/12/2051,mx,12
9482,1267,3105,17/12/2051,mex,46
9483,1892,3588,18/12/2051,México,20
9484,19,2814,19/12/2051,mx,41
9485,381,1013,20/12/2051,mex,39
9486,1261,513,21/12/2051,mx,45
9487,1709,746,22/12/2051,mex,33
9488,1701,1566,23/12/2051,México,7
9489,954,1573,24/12/2051,mex,8
9490,527,3423,25/12/2051,mex,24
9491,308,2740,26/12/2051,México,43
9492,1400,4662,27/12/2051,México,14
9493,816,794,28/12/2051,mx,33
9494,1308,4896,29/12/2051,mx,44
9495,1509,3044,30/12/2051,mx,42
9496,460,3806,31/12/2051,México,15
9497,913,1354,01/01/2052,México,8
9498,861,2444,02/01/2052,mx,33
9499,1514,3365,03/01/2052,mx,7
9500,1002,3549,04/01/2052,mex,34
9501,221,4241,05/01/2052,mex,7
9502,1318,271,06/01/2052,México,4
9503,1966,1621,07/01/2052,México,26
9504,401,1832,08/01/2052,México,9
9505,1594,1916,09/01/2052,mex,39
9506,114,772,10/01/2052,mx,38
9507,617,4637,11/01/2052,México,32
9508,1961,3008,12/01/2052,mx,13
9509,932,4715,13/01/2052,México,34
9510,1488,273,14/01/2052,mx,39
9511,678,2048,15/01/2052,mx,12
9512,1694,2393,16/01/2052,México,26
9513,1480,2689,17/01/2052,México,4
9514,1446,928,18/01/2052,México,44
9515,274,4525,19/01/2052,mex,7
9516,174,1517,20/01/2052,mx,3
9517,379,983,21/01/2052,mex,47
9518,402,2640,22/01/2052,mex,37
9519,103,3080,23/01/2052,México,20
9520,1495,4947,24/01/2052,mx,35
9521,600,3136,25/01/2052,México,17
9522,107,4119,26/01/2052,México,14
9523,1900,4627,27/01/2052,mx,31
9524,506,3215,28/01/2052,mex,3
9525,443,3369,29/01/2052,mx,39
9526,708,1567,30/01/2052,mx,13
9527,1765,1375,31/01/2052,mx,18
9528,1111,1060,01/02/2052,México,11
9529,1032,1020,02/02/2052,México,44
9530,1757,3446,03/02/2052,mex,3
9531,474,4767,04/02/2052,México,23
9532,1265,3069,05/02/2052,mex,28
9533,1993,4390,06/02/2052,mex,13
9534,267,270,07/02/2052,México,44
9535,1099,613,08/02/2052,mex,3
9536,1636,4541,09/02/2052,mex,48
9537,1164,1773,10/02/2052,México,34
9538,1972,3698,11/02/2052,mx,15
9539,343,3555,12/02/2052,México,36
9540,444,491,13/02/2052,mex,4
9541,242,3164,14/02/2052,mx,27
9542,1424,1513,15/02/2052,mex,47
9543,1823,2446,16/02/2052,mex,23
9544,1773,4573,17/02/2052,México,42
9545,1429,1689,18/02/2052,mex,4
9546,254,2746,19/02/2052,mx,16
9547,1251,4086,20/02/2052,mex,41
9548,676,4108,21/02/2052,mex,11
9549,743,2412,22/02/2052,México,24
9550,269,1070,23/02/2052,México,13
9551,474,4512,24/02/2052,mex,36
9552,374,1202,25/02/2052,México,19
9553,16,4386,26/02/2052,mex,12
9554,75,188,27/02/2052,México,36
9555,635,565,28/02/2052,mex,25
9556,1146,783,29/02/2052,mx,2
9557,553,183,01/03/2052,México,4
9558,1435,4245,02/03/2052,México,21
9559,76,1696,03/03/2052,México,22
9560,795,4840,04/03/2052,mx,44
9561,1190,596,05/03/2052,mx,21
9562,1214,4458,06/03/2052,mx,29
9563,552,3103,07/03/2052,mex,14
9564,1609,2272,08/03/2052,mx,40
9565,421,2284,09/03/2052,México,49
9566,1538,3433,10/03/2052,mx,20
9567,1156,395,11/03/2052,mx,46
9568,934,3806,12/03/2052,México,5
9569,233,3144,13/03/2052,mex,26
9570,223,3197,14/03/2052,mex,15
9571,795,1848,15/03/2052,mex,36
9572,598,4691,16/03/2052,México,35
9573,1302,3348,17/03/2052,mex,44
9574,656,1537,18/03/2052,México,38
9575,1057,4834,19/03/2052,mex,21
9576,1536,2277,20/03/2052,México,1
9577,959,3117,21/03/2052,México,27
9578,1465,1252,22/03/2052,mex,28
9579,248,1284,23/03/2052,mex,49
9580,133,4338,24/03/2052,México,24
9581,1086,1464,25/03/2052,México,44
9582,1185,2906,26/03/2052,mx,28
9583,1939,4627,27/03/2052,mex,49
9584,1903,3590,28/03/2052,mex,8
9585,129,4839,29/03/2052,mex,16
9586,623,3742,30/03/2052,mx,20
9587,1029,4766,31/03/2052,México,42
9588,1710,4165,01/04/2052,mx,46
9589,1418,1172,02/04/2052,mex,49
9590,1841,3056,03/04/2052,mx,6
9591,89,1718,04/04/2052,México,19
9592,834,4267,05/04/2052,mex,12
9593,1997,3045,06/04/2052,mex,33
9594,370,4758,07/04/2052,mx,45
9595,1867,4943,08/04/2052,mex,4
9596,1323,4187,09/04/2052,México,8
9597,45,486,10/04/2052,México,31
9598,1174,4442,11/04/2052,mex,30
9599,1639,483,12/04/2052,mex,1
9600,947,126,13/04/2052,mex,12
9601,884,689,14/04/2052,mex,43
9602,638,3370,15/04/2052,mex,9
9603,1921,4074,16/04/2052,mx,22
9604,1647,3467,17/04/2052,México,4
9605,413,3694,18/04/2052,México,41
9606,1358,1859,19/04/2052,mx,40
9607,1672,1432,20/04/2052,mex,39
9608,1599,411,21/04/2052,México,37
9609,1505,747,22/04/2052,mx,12
9610,13,611,23/04/2052,México,12
9611,964,3566,24/04/2052,mex,8
9612,1067,3829,25/04/2052,mex,5
9613,787,2287,26/04/2052,México,47
9614,1097,334,27/04/2052,mex,46
9615,865,363,28/04/2052,mx,49
9616,1524,4580,29/04/2052,mx,49
9617,1727,699,30/04/2052,mx,39
9618,1329,3523,01/05/2052,México,13
9619,758,4972,02/05/2052,mex,47
9620,752,2821,03/05/2052,mx,20
9621,764,2039,04/05/2052,mx,28
9622,1580,368,05/05/2052,mx,19
9623,1487,2721,06/05/2052,mx,14
9624,837,2043,07/05/2052,mx,21
9625,160,3333,08/05/2052,mx,28
9626,1397,2949,09/05/2052,mex,9
9627,205,2876,10/05/2052,mex,29
9628,1111,4153,11/05/2052,mx,34
9629,652,2438,12/05/2052,mex,11
9630,95,3266,13/05/2052,México,35
9631,680,404,14/05/2052,mex,22
9632,595,4634,15/05/2052,mx,29
9633,1985,3730,16/05/2052,México,22
9634,1438,1190,17/05/2052,mx,4
9635,1893,2762,18/05/2052,México,1
9636,180,1115,19/05/2052,mex,5
9637,16,3184,20/05/2052,mex,28
9638,1822,249,21/05/2052,mex,3
9639,864,516,22/05/2052,México,13
9640,1313,846,23/05/2052,mex,14
9641,457,2281,24/05/2052,mx,26
9642,616,3465,25/05/2052,mx,18
9643,1268,3665,26/05/2052,México,12
9644,1964,4289,27/05/2052,mx,8
9645,1799,3077,28/05/2052,México,43
9646,348,2156,29/05/2052,México,18
9647,1004,4672,30/05/2052,mex,12
9648,138,2226,31/05/2052,México,3
9649,744,3937,01/06/2052,México,44
9650,1428,928,02/06/2052,mx,41
9651,207,3843,03/06/2052,mx,41
9652,510,3529,04/06/2052,México,12
9653,805,2604,05/06/2052,mx,8
9654,1453,3518,06/06/2052,mex,23
9655,1938,748,07/06/2052,mex,35
9656,1845,2048,08/06/2052,mx,45
9657,936,4766,09/06/2052,México,27
9658,1292,1982,10/06/2052,mx,21
9659,1301,3684,11/06/2052,mx,8
9660,1081,2194,12/06/2052,México,5
9661,1129,4194,13/06/2052,México,32
9662,120,3773,14/06/2052,mex,7
9663,270,1717,15/06/2052,mx,50
9664,1002,2973,16/06/2052,mx,42
9665,925,4537,17/06/2052,mex,33
9666,713,2251,18/06/2052,mex,28
9667,1234,425,19/06/2052,mx,27
9668,1961,3112,20/06/2052,México,19
9669,1202,4526,21/06/2052,México,16
9670,998,3059,22/06/2052,mx,27
9671,57,1969,23/06/2052,mx,30
9672,1187,2442,24/06/2052,mx,23
9673,1965,3616,25/06/2052,mx,30
9674,215,3358,26/06/2052,mx,36
9675,1408,4040,27/06/2052,mx,42
9676,1015,2504,28/06/2052,mx,34
9677,752,207,29/06/2052,mex,12
9678,1953,2239,30/06/2052,mx,21
9679,494,2919,01/07/2052,mex,48
9680,1055,1334,02/07/2052,mex,20
9681,519,2024,03/07/2052,mx,48
9682,1017,176,04/07/2052,mex,11
9683,967,1270,05/07/2052,mex,39
9684,181,1165,06/07/2052,mx,27
9685,1875,2360,07/07/2052,México,6
9686,659,921,08/07/2052,mx,13
9687,1127,141,09/07/2052,mex,47
9688,1126,4072,10/07/2052,México,33
9689,1279,3254,11/07/2052,mex,27
9690,1030,1203,12/07/2052,México,43
9691,1790,1760,13/07/2052,mx,33
9692,823,320,14/07/2052,mx,17
9693,1393,3210,15/07/2052,mex,48
9694,527,175,16/07/2052,mx,9
9695,1110,1008,17/07/2052,México,18
9696,341,4062,18/07/2052,mx,38
9697,1909,757,19/07/2052,mex,16
9698,88,2879,20/07/2052,mx,27
9699,416,4877,21/07/2052,mex,50
9700,1099,1023,22/07/2052,mex,26
9701,1545,3447,23/07/2052,México,37
9702,331,179,24/07/2052,México,27
9703,1501,3374,25/07/2052,mex,33
9704,747,4295,26/07/2052,mex,18
9705,649,2881,27/07/2052,mx,26
9706,1478,2703,28/07/2052,mex,22
9707,852,2274,29/07/2052,mex,14
9708,268,4513,30/07/2052,mex,1
9709,1107,2395,31/07/2052,México,32
9710,640,3160,01/08/2052,México,1
9711,827,1745,02/08/2052,México,9
9712,827,3372,03/08/2052,mex,34
9713,1065,4913,04/08/2052,mx,32
9714,485,2520,05/08/2052,mex,2
9715,1318,687,06/08/2052,mx,36
9716,1425,4398,07/08/2052,México,17
9717,796,231,08/08/2052,mex,31
9718,1496,587,09/08/2052,México,37
9719,1230,2844,10/08/2052,México,4
9720,240,1089,11/08/2052,México,17
9721,94,3017,12/08/2052,México,45
9722,1323,3553,13/08/2052,México,22
9723,400,3264,14/08/2052,mex,15
9724,1877,1807,15/08/2052,mex,24
9725,1795,4918,16/08/2052,mx,49
9726,1638,2837,17/08/2052,México,42
9727,1700,1394,18/08/2052,mx,33
9728,1327,273,19/08/2052,mx,20
9729,1313,4576,20/08/2052,México,8
9730,490,3931,21/08/2052,México,28
9731,616,4713,22/08/2052,mx,24
9732,1053,815,23/08/2052,México,47
9733,1256,4749,24/08/2052,mx,7
9734,735,1750,25/08/2052,México,5
9735,1612,3840,26/08/2052,México,45
9736,1020,3851,27/08/2052,México,6
9737,886,1150,28/08/2052,mx,39
9738,213,168,29/08/2052,mx,29
9739,1216,3890,30/08/2052,mx,38
9740,1329,2567,31/08/2052,mex,41
9741,1976,2597,01/09/2052,mex,27
9742,1404,3329,02/09/2052,mex,20
9743,1423,4956,03/09/2052,mx,19
9744,1880,3414,04/09/2052,mx,32
9745,1122,2791,05/09/2052,mx,33
9746,233,3232,06/09/2052,México,10
9747,763,2421,07/09/2052,mx,49
9748,214,845,08/09/2052,México,33
9749,1838,886,09/09/2052,México,9
9750,211,849,10/09/2052,mex,18
9751,1455,957,11/09/2052,mx,30
9752,1630,4661,12/09/2052,mx,36
9753,856,4839,13/09/2052,mex,50
9754,109,1143,14/09/2052,mex,1
9755,117,3408,15/09/2052,México,34
9756,593,3230,16/09/2052,mx,49
9757,1528,2303,17/09/2052,México,5
9758,1374,1741,18/09/2052,México,19
9759,400,571,19/09/2052,mex,50
9760,1636,2445,20/09/2052,México,23
9761,1793,4748,21/09/2052,mx,15
9762,541,4666,22/09/2052,mex,10
9763,722,3682,23/09/2052,México,44
9764,1183,2444,24/09/2052,mx,50
9765,258,1500,25/09/2052,México,19
9766,1206,3494,26/09/2052,mx,22
9767,990,2554,27/09/2052,México,22
9768,1545,337,28/09/2052,México,35
9769,1538,1913,29/09/2052,mx,6
9770,1416,667,30/09/2052,mx,25
9771,888,1137,01/10/2052,mx,21
9772,1946,1522,02/10/2052,mx,44
9773,876,2230,03/10/2052,México,25
9774,1440,2109,04/10/2052,mex,23
9775,1714,2765,05/10/2052,México,19
9776,214,4129,06/10/2052,mex,47
9777,1557,3015,07/10/2052,mex,18
9778,1820,4806,08/10/2052,mx,28
9779,947,1274,09/10/2052,México,25
9780,1564,4910,10/10/2052,México,44
9781,28,3466,11/10/2052,mex,9
9782,1827,1595,12/10/2052,mex,23
9783,1638,2124,13/10/2052,mex,17
9784,358,156,14/10/2052,mex,46
9785,390,4189,15/10/2052,mx,5
9786,559,3769,16/10/2052,mx,6
9787,401,4153,17/10/2052,mex,27
9788,205,1275,18/10/2052,mex,1
9789,284,750,19/10/2052,mx,4
9790,778,4903,20/10/2052,mex,41
9791,294,3124,21/10/2052,mex,44
9792,1332,1076,22/10/2052,mx,24
9793,1674,4960,23/10/2052,México,6
9794,1801,2814,24/10/2052,mx,28
9795,1115,479,25/10/2052,México,50
9796,98,3809,26/10/2052,mx,24
9797,729,2050,27/10/2052,mx,1
9798,101,901,28/10/2052,mex,14
9799,1268,744,29/10/2052,México,15
9800,1942,1995,30/10/2052,México,12
9801,843,4618,31/10/2052,México,11
9802,600,3892,01/11/2052,mx,6
9803,217,2679,02/11/2052,mex,42
9804,329,3675,03/11/2052,México,50
9805,661,2120,04/11/2052,México,13
9806,1778,2765,05/11/2052,mx,29
9807,535,1533,06/11/2052,mx,34
9808,750,1172,07/11/2052,mx,50
9809,929,250,08/11/2052,mex,1
9810,866,800,09/11/2052,mex,10
9811,948,2478,10/11/2052,mex,25
9812,1083,2983,11/11/2052,México,6
9813,1356,3575,12/11/2052,mx,43
9814,232,4931,13/11/2052,México,40
9815,355,3762,14/11/2052,México,9
9816,1362,2122,15/11/2052,mex,39
9817,903,4014,16/11/2052,mex,15
9818,242,2705,17/11/2052,mex,16
9819,73,3591,18/11/2052,mex,25
9820,1289,4306,19/11/2052,mx,2
9821,1910,1649,20/11/2052,México,16
9822,1461,2643,21/11/2052,mx,47
9823,6,1956,22/11/2052,mx,10
9824,853,1637,23/11/2052,mex,18
9825,227,3427,24/11/2052,mex,17
9826,1581,2105,25/11/2052,México,7
9827,1137,2519,26/11/2052,mex,12
9828,1349,866,27/11/2052,mx,6
9829,140,3432,28/11/2052,mx,35
9830,640,942,29/11/2052,México,48
9831,1854,4056,30/11/2052,México,25
9832,393,1828,01/12/2052,mx,50
9833,375,4686,02/12/2052,México,20
9834,1951,2754,03/12/2052,mex,20
9835,613,2060,04/12/2052,mex,17
9836,1277,2959,05/12/2052,mex,9
9837,1129,1500,06/12/2052,mx,44
9838,1619,2503,07/12/2052,México,49
9839,1862,3147,08/12/2052,mx,22
9840,234,1347,09/12/2052,México,27
9841,579,1011,10/12/2052,México,24
9842,167,801,11/12/2052,mx,23
9843,1099,1669,12/12/2052,mex,38
9844,1244,620,13/12/2052,mx,48
9845,1746,1005,14/12/2052,mex,38
9846,1709,3796,15/12/2052,mx,38
9847,355,1135,16/12/2052,México,19
9848,54,886,17/12/2052,mex,23
9849,445,4949,18/12/2052,mx,17
9850,566,786,19/12/2052,México,48
9851,43,3891,20/12/2052,México,15
9852,670,1804,21/12/2052,mx,34
9853,1438,3691,22/12/2052,mx,11
9854,1367,1971,23/12/2052,México,40
9855,1250,3702,24/12/2052,mx,10
9856,259,4881,25/12/2052,México,19
9857,1394,2429,26/12/2052,mex,29
9858,1801,3113,27/12/2052,mx,24
9859,916,1659,28/12/2052,mex,38
9860,715,4981,29/12/2052,México,7
9861,291,2904,30/12/2052,mex,1
9862,1130,1233,31/12/2052,mx,22
9863,1102,3695,01/01/2053,mx,30
9864,893,1502,02/01/2053,México,35
9865,1383,4841,03/01/2053,mx,25
9866,1370,2573,04/01/2053,México,21
9867,198,3214,05/01/2053,mx,28
9868,555,1233,06/01/2053,mex,45
9869,1237,4427,07/01/2053,mex,5
9870,1785,1577,08/01/2053,mx,22
9871,1064,4042,09/01/2053,México,31
9872,36,465,10/01/2053,México,10
9873,898,1682,11/01/2053,México,44
9874,921,2610,12/01/2053,México,26
9875,1876,1933,13/01/2053,México,21
9876,1849,1380,14/01/2053,México,2
9877,981,1278,15/01/2053,mex,39
9878,4,2237,16/01/2053,mx,14
9879,1022,913,17/01/2053,mx,49
9880,1622,4656,18/01/2053,México,43
9881,1746,1072,19/01/2053,mx,30
9882,320,1388,20/01/2053,mex,5
9883,1228,4051,21/01/2053,México,28
9884,1724,1268,22/01/2053,mx,4
9885,1957,223,23/01/2053,México,40
9886,148,378,24/01/2053,mex,42
9887,645,438,25/01/2053,mex,25
9888,748,2673,26/01/2053,mx,42
9889,551,1068,27/01/2053,mex,16
9890,1674,1867,28/01/2053,mex,29
9891,1902,4929,29/01/2053,mx,42
9892,1994,4215,30/01/2053,México,27
9893,639,397,31/01/2053,mex,10
9894,568,3659,01/02/2053,México,34
9895,1992,2146,02/02/2053,mex,47
9896,229,915,03/02/2053,México,24
9897,1958,1957,04/02/2053,mx,48
9898,1338,1202,05/02/2053,mex,50
9899,1858,2331,06/02/2053,México,25
9900,1966,4844,07/02/2053,mex,1
9901,615,1020,08/02/2053,mx,24
9902,1003,3364,09/02/2053,México,36
9903,388,3400,10/02/2053,mx,41
9904,1561,2790,11/02/2053,México,6
9905,1111,103,12/02/2053,mx,17
9906,312,688,13/02/2053,mx,7
9907,1344,2465,14/02/2053,mex,34
9908,203,2033,15/02/2053,mex,45
9909,545,4380,16/02/2053,México,15
9910,817,3873,17/02/2053,México,8
9911,757,948,18/02/2053,mex,49
9912,938,1388,19/02/2053,mex,8
9913,635,1587,20/02/2053,mx,20
9914,1643,860,21/02/2053,mx,50
9915,1000,265,22/02/2053,mex,8
9916,905,2553,23/02/2053,México,20
9917,991,3686,24/02/2053,México,31
9918,1762,1516,25/02/2053,México,42
9919,235,4786,26/02/2053,mex,10
9920,845,2947,27/02/2053,mx,30
9921,1364,2279,28/02/2053,México,21
9922,1635,2378,01/03/2053,mex,23
9923,1612,3334,02/03/2053,mx,50
9924,1721,2246,03/03/2053,mex,7
9925,958,488,04/03/2053,mex,27
9926,1480,511,05/03/2053,mex,49
9927,825,2364,06/03/2053,México,18
9928,69,1158,07/03/2053,mx,6
9929,489,4913,08/03/2053,mx,20
9930,1516,1675,09/03/2053,mex,28
9931,1862,2756,10/03/2053,mex,9
9932,1729,4307,11/03/2053,México,50
9933,1977,2691,12/03/2053,mx,18
9934,1982,389,13/03/2053,México,38
9935,1825,2554,14/03/2053,mx,34
9936,104,4736,15/03/2053,México,8
9937,1986,1862,16/03/2053,mx,1
9938,18,2346,17/03/2053,mex,47
9939,1590,2989,18/03/2053,México,44
9940,1180,1873,19/03/2053,mex,21
9941,996,129,20/03/2053,mx,30
9942,1234,4423,21/03/2053,mex,40
9943,1881,2263,22/03/2053,mex,45
9944,439,1981,23/03/2053,mex,5
9945,1621,1139,24/03/2053,mx,7
9946,1577,4383,25/03/2053,México,41
9947,1112,4477,26/03/2053,mex,29
9948,16,3959,27/03/2053,mx,12
9949,1362,1171,28/03/2053,mex,13
9950,786,2257,29/03/2053,mx,5
9951,1512,1480,30/03/2053,mex,39
9952,756,2124,31/03/2053,mx,35
9953,744,1568,01/04/2053,mx,47
9954,1991,1307,02/04/2053,mex,40
9955,285,1290,03/04/2053,México,25
9956,838,4549,04/04/2053,México,1
9957,1266,2304,05/04/2053,mx,12
9958,889,1732,06/04/2053,mx,1
9959,1554,4599,07/04/2053,mex,11
9960,510,2658,08/04/2053,mex,27
9961,227,4211,09/04/2053,mx,43
9962,1658,2294,10/04/2053,México,6
9963,1604,906,11/04/2053,mex,25
9964,1746,4300,12/04/2053,mex,16
9965,598,3679,13/04/2053,mx,30
9966,2,662,14/04/2053,mx,3
9967,1947,4502,15/04/2053,mex,29
9968,722,4075,16/04/2053,mex,17
9969,273,1597,17/04/2053,México,26
9970,1735,3771,18/04/2053,mx,14
9971,483,2497,19/04/2053,mex,1
9972,126,3316,20/04/2053,mx,50
9973,608,350,21/04/2053,mx,45
9974,1458,343,22/04/2053,mx,39
9975,119,4472,23/04/2053,mex,18
9976,129,3380,24/04/2053,México,7
9977,973,4456,25/04/2053,mex,24
9978,1690,1733,26/04/2053,mex,26
9979,1384,4732,27/04/2053,México,40
9980,471,4217,28/04/2053,mx,1
9981,624,4403,29/04/2053,mex,8
9982,313,2142,30/04/2053,mx,22
9983,695,256,01/05/2053,México,32
9984,814,1556,02/05/2053,mex,1
9985,1135,2625,03/05/2053,México,36
9986,1055,2091,04/05/2053,México,47
9987,132,1478,05/05/2053,México,18
9988,1452,2013,06/05/2053,mx,1
9989,216,779,07/05/2053,mex,2
9990,1986,1176,08/05/2053,mx,7
9991,46,3463,09/05/2053,México,1
9992,1885,1870,10/05/2053,mex,24
9993,234,4529,11/05/2053,mex,5
9994,1142,3549,12/05/2053,México,19
9995,342,706,13/05/2053,mx,35
9996,1172,3183,14/05/2053,mex,40
9997,117,1783,15/05/2053,mex,17
9998,1547,1598,16/05/2053,mx,33
9999,1311,1726,17/05/2053,mx,16
10000,1870,4074,18/05/2053,mx,31
